student_id,course_id,note
ETU1000,MAT101,6.03
ETU1000,PHY101,6.54
ETU1000,PROG101,8.0
ETU1000,STAT101,10.48
ETU1000,ANG101,8.31
ETU1000,DATA101,9.38
ETU1000,ALG101,3.29
ETU1000,ELEC101,8.72
ETU1000,GEST101,6.62
ETU1000,PROJ101,6.35
ETU1001,MAT101,12.16
ETU1001,PHY101,12.68
ETU1001,PROG101,18.54
ETU1001,STAT101,14.75
ETU1001,ANG101,13.99
ETU1001,DATA101,16.57
ETU1001,ALG101,13.56
ETU1001,ELEC101,15.08
ETU1001,GEST101,13.7
ETU1001,PROJ101,19.06
ETU1002,MAT101,5.8
ETU1002,PHY101,9.85
ETU1002,PROG101,8.35
ETU1002,STAT101,11.39
ETU1002,ANG101,10.48
ETU1002,DATA101,10.43
ETU1002,ALG101,11.91
ETU1002,ELEC101,13.58
ETU1002,GEST101,14.32
ETU1002,PROJ101,10.09
ETU1003,MAT101,14.07
ETU1003,PHY101,12.27
ETU1003,PROG101,11.58
ETU1003,STAT101,12.87
ETU1003,ANG101,18.29
ETU1003,DATA101,17.01
ETU1003,ALG101,14.26
ETU1003,ELEC101,9.78
ETU1003,GEST101,14.46
ETU1003,PROJ101,13.56
ETU1004,MAT101,7.36
ETU1004,PHY101,9.54
ETU1004,PROG101,12.74
ETU1004,STAT101,11.09
ETU1004,ANG101,9.22
ETU1004,DATA101,11.51
ETU1004,ALG101,6.46
ETU1004,ELEC101,5.85
ETU1004,GEST101,6.91
ETU1004,PROJ101,11.58
ETU1005,MAT101,13.54
ETU1005,PHY101,13.18
ETU1005,PROG101,10.44
ETU1005,STAT101,7.53
ETU1005,ANG101,11.12
ETU1005,DATA101,10.3
ETU1005,ALG101,12.0
ETU1005,ELEC101,11.57
ETU1005,GEST101,12.44
ETU1005,PROJ101,14.21
ETU1006,MAT101,17.4
ETU1006,PHY101,11.35
ETU1006,PROG101,13.36
ETU1006,STAT101,12.4
ETU1006,ANG101,12.42
ETU1006,DATA101,14.15
ETU1006,ALG101,11.75
ETU1006,ELEC101,10.3
ETU1006,GEST101,11.84
ETU1006,PROJ101,15.68
ETU1007,MAT101,11.98
ETU1007,PHY101,9.51
ETU1007,PROG101,12.42
ETU1007,STAT101,11.11
ETU1007,ANG101,12.88
ETU1007,DATA101,10.35
ETU1007,ALG101,8.89
ETU1007,ELEC101,10.03
ETU1007,GEST101,10.2
ETU1007,PROJ101,10.46
ETU1008,MAT101,9.47
ETU1008,PHY101,7.53
ETU1008,PROG101,12.0
ETU1008,STAT101,14.93
ETU1008,ANG101,15.53
ETU1008,DATA101,16.52
ETU1008,ALG101,10.43
ETU1008,ELEC101,13.42
ETU1008,GEST101,13.2
ETU1008,PROJ101,12.38
ETU1009,MAT101,12.61
ETU1009,PHY101,9.97
ETU1009,PROG101,7.66
ETU1009,STAT101,12.56
ETU1009,ANG101,12.78
ETU1009,DATA101,11.56
ETU1009,ALG101,8.31
ETU1009,ELEC101,10.8
ETU1009,GEST101,14.81
ETU1009,PROJ101,12.82
ETU1010,MAT101,
ETU1010,PHY101,10.08
ETU1010,PROG101,10.94
ETU1010,STAT101,11.36
ETU1010,ANG101,11.68
ETU1010,DATA101,8.38
ETU1010,ALG101,9.86
ETU1010,ELEC101,8.77
ETU1010,GEST101,11.1
ETU1010,PROJ101,13.3
ETU1011,MAT101,14.03
ETU1011,PHY101,18.91
ETU1011,PROG101,16.93
ETU1011,STAT101,17.44
ETU1011,ANG101,18.33
ETU1011,DATA101,16.94
ETU1011,ALG101,16.73
ETU1011,ELEC101,8.82
ETU1011,GEST101,18.02
ETU1011,PROJ101,15.19
ETU1012,MAT101,13.81
ETU1012,PHY101,14.38
ETU1012,PROG101,16.92
ETU1012,STAT101,12.44
ETU1012,ANG101,14.53
ETU1012,DATA101,14.09
ETU1012,ALG101,14.54
ETU1012,ELEC101,13.21
ETU1012,GEST101,16.29
ETU1012,PROJ101,12.04
ETU1013,MAT101,8.94
ETU1013,PHY101,12.27
ETU1013,PROG101,9.41
ETU1013,STAT101,10.39
ETU1013,ANG101,12.65
ETU1013,DATA101,10.82
ETU1013,ALG101,13.49
ETU1013,ELEC101,9.21
ETU1013,GEST101,11.69
ETU1013,PROJ101,11.32
ETU1014,MAT101,15.5
ETU1014,PHY101,11.57
ETU1014,PROG101,17.66
ETU1014,STAT101,11.68
ETU1014,ANG101,17.76
ETU1014,DATA101,11.47
ETU1014,ALG101,14.22
ETU1014,ELEC101,12.49
ETU1014,GEST101,15.75
ETU1014,PROJ101,15.19
ETU1015,MAT101,11.02
ETU1015,PHY101,6.9
ETU1015,PROG101,6.78
ETU1015,STAT101,7.2
ETU1015,ANG101,8.35
ETU1015,DATA101,7.98
ETU1015,ALG101,8.3
ETU1015,ELEC101,7.88
ETU1015,GEST101,10.53
ETU1015,PROJ101,9.21
ETU1016,MAT101,6.61
ETU1016,PHY101,7.42
ETU1016,PROG101,11.0
ETU1016,STAT101,7.58
ETU1016,ANG101,9.54
ETU1016,DATA101,9.17
ETU1016,ALG101,6.44
ETU1016,ELEC101,7.27
ETU1016,GEST101,7.96
ETU1016,PROJ101,11.68
ETU1017,MAT101,15.66
ETU1017,PHY101,12.04
ETU1017,PROG101,14.47
ETU1017,STAT101,15.46
ETU1017,ANG101,16.07
ETU1017,DATA101,15.59
ETU1017,ALG101,12.21
ETU1017,ELEC101,17.18
ETU1017,GEST101,13.88
ETU1017,PROJ101,14.22
ETU1018,MAT101,4.17
ETU1018,PHY101,6.16
ETU1018,PROG101,9.89
ETU1018,STAT101,7.73
ETU1018,ANG101,8.12
ETU1018,DATA101,9.17
ETU1018,ALG101,9.34
ETU1018,ELEC101,8.33
ETU1018,GEST101,4.26
ETU1018,PROJ101,9.99
ETU1019,MAT101,14.6
ETU1019,PHY101,11.72
ETU1019,PROG101,15.31
ETU1019,STAT101,16.34
ETU1019,ANG101,13.98
ETU1019,DATA101,16.33
ETU1019,ALG101,
ETU1019,ELEC101,7.74
ETU1019,GEST101,14.8
ETU1019,PROJ101,15.83
ETU1020,MAT101,9.97
ETU1020,PHY101,11.03
ETU1020,PROG101,11.02
ETU1020,STAT101,15.65
ETU1020,ANG101,11.33
ETU1020,DATA101,9.8
ETU1020,ALG101,12.55
ETU1020,ELEC101,9.87
ETU1020,GEST101,11.62
ETU1020,PROJ101,11.85
ETU1021,MAT101,12.33
ETU1021,PHY101,8.24
ETU1021,PROG101,13.27
ETU1021,STAT101,12.11
ETU1021,ANG101,16.0
ETU1021,DATA101,11.9
ETU1021,ALG101,8.88
ETU1021,ELEC101,10.93
ETU1021,GEST101,12.58
ETU1021,PROJ101,14.88
ETU1022,MAT101,10.29
ETU1022,PHY101,8.92
ETU1022,PROG101,13.49
ETU1022,STAT101,16.53
ETU1022,ANG101,15.24
ETU1022,DATA101,14.67
ETU1022,ALG101,9.82
ETU1022,ELEC101,12.23
ETU1022,GEST101,16.14
ETU1022,PROJ101,14.62
ETU1023,MAT101,9.54
ETU1023,PHY101,12.54
ETU1023,PROG101,14.73
ETU1023,STAT101,6.58
ETU1023,ANG101,14.11
ETU1023,DATA101,11.76
ETU1023,ALG101,14.79
ETU1023,ELEC101,11.72
ETU1023,GEST101,14.87
ETU1023,PROJ101,14.38
ETU1024,MAT101,8.18
ETU1024,PHY101,13.0
ETU1024,PROG101,8.66
ETU1024,STAT101,9.59
ETU1024,ANG101,10.61
ETU1024,DATA101,10.32
ETU1024,ALG101,13.3
ETU1024,ELEC101,10.17
ETU1024,GEST101,9.36
ETU1024,PROJ101,13.84
ETU1025,MAT101,14.76
ETU1025,PHY101,11.92
ETU1025,PROG101,16.56
ETU1025,STAT101,10.7
ETU1025,ANG101,12.38
ETU1025,DATA101,10.58
ETU1025,ALG101,9.14
ETU1025,ELEC101,15.49
ETU1025,GEST101,14.76
ETU1025,PROJ101,11.54
ETU1026,MAT101,11.5
ETU1026,PHY101,13.19
ETU1026,PROG101,10.75
ETU1026,STAT101,11.22
ETU1026,ANG101,17.37
ETU1026,DATA101,11.9
ETU1026,ALG101,8.72
ETU1026,ELEC101,10.28
ETU1026,GEST101,9.44
ETU1026,PROJ101,14.59
ETU1027,MAT101,6.21
ETU1027,PHY101,5.85
ETU1027,PROG101,
ETU1027,STAT101,5.84
ETU1027,ANG101,6.7
ETU1027,DATA101,6.65
ETU1027,ALG101,10.2
ETU1027,ELEC101,8.93
ETU1027,GEST101,8.1
ETU1027,PROJ101,8.31
ETU1028,MAT101,11.79
ETU1028,PHY101,11.03
ETU1028,PROG101,11.2
ETU1028,STAT101,12.33
ETU1028,ANG101,10.04
ETU1028,DATA101,9.86
ETU1028,ALG101,12.35
ETU1028,ELEC101,11.31
ETU1028,GEST101,7.69
ETU1028,PROJ101,12.51
ETU1029,MAT101,19.31
ETU1029,PHY101,16.24
ETU1029,PROG101,
ETU1029,STAT101,13.56
ETU1029,ANG101,17.14
ETU1029,DATA101,18.2
ETU1029,ALG101,11.46
ETU1029,ELEC101,15.28
ETU1029,GEST101,15.38
ETU1029,PROJ101,16.88
ETU1030,MAT101,12.69
ETU1030,PHY101,17.87
ETU1030,PROG101,19.5
ETU1030,STAT101,17.39
ETU1030,ANG101,20.0
ETU1030,DATA101,15.65
ETU1030,ALG101,16.4
ETU1030,ELEC101,16.93
ETU1030,GEST101,17.64
ETU1030,PROJ101,16.7
ETU1031,MAT101,12.83
ETU1031,PHY101,15.77
ETU1031,PROG101,13.81
ETU1031,STAT101,15.84
ETU1031,ANG101,14.5
ETU1031,DATA101,16.32
ETU1031,ALG101,13.53
ETU1031,ELEC101,14.24
ETU1031,GEST101,12.97
ETU1031,PROJ101,15.3
ETU1032,MAT101,6.84
ETU1032,PHY101,7.05
ETU1032,PROG101,8.21
ETU1032,STAT101,8.13
ETU1032,ANG101,11.78
ETU1032,DATA101,8.07
ETU1032,ALG101,8.72
ETU1032,ELEC101,10.37
ETU1032,GEST101,10.64
ETU1032,PROJ101,6.21
ETU1033,MAT101,9.55
ETU1033,PHY101,13.09
ETU1033,PROG101,12.24
ETU1033,STAT101,9.6
ETU1033,ANG101,12.89
ETU1033,DATA101,14.28
ETU1033,ALG101,12.05
ETU1033,ELEC101,12.48
ETU1033,GEST101,13.23
ETU1033,PROJ101,12.71
ETU1034,MAT101,14.0
ETU1034,PHY101,9.74
ETU1034,PROG101,12.5
ETU1034,STAT101,15.45
ETU1034,ANG101,12.05
ETU1034,DATA101,14.31
ETU1034,ALG101,12.83
ETU1034,ELEC101,12.24
ETU1034,GEST101,16.57
ETU1034,PROJ101,17.41
ETU1035,MAT101,11.0
ETU1035,PHY101,7.38
ETU1035,PROG101,13.53
ETU1035,STAT101,9.53
ETU1035,ANG101,16.41
ETU1035,DATA101,13.88
ETU1035,ALG101,10.3
ETU1035,ELEC101,11.37
ETU1035,GEST101,12.03
ETU1035,PROJ101,13.06
ETU1036,MAT101,9.54
ETU1036,PHY101,15.92
ETU1036,PROG101,11.92
ETU1036,STAT101,13.63
ETU1036,ANG101,15.72
ETU1036,DATA101,16.44
ETU1036,ALG101,13.61
ETU1036,ELEC101,12.57
ETU1036,GEST101,
ETU1036,PROJ101,12.74
ETU1037,MAT101,10.19
ETU1037,PHY101,11.32
ETU1037,PROG101,8.49
ETU1037,STAT101,11.12
ETU1037,ANG101,12.74
ETU1037,DATA101,17.06
ETU1037,ALG101,15.05
ETU1037,ELEC101,12.92
ETU1037,GEST101,15.22
ETU1037,PROJ101,11.78
ETU1038,MAT101,11.32
ETU1038,PHY101,12.3
ETU1038,PROG101,9.76
ETU1038,STAT101,8.4
ETU1038,ANG101,13.25
ETU1038,DATA101,9.1
ETU1038,ALG101,12.38
ETU1038,ELEC101,13.17
ETU1038,GEST101,10.32
ETU1038,PROJ101,10.87
ETU1039,MAT101,11.91
ETU1039,PHY101,9.5
ETU1039,PROG101,12.29
ETU1039,STAT101,9.47
ETU1039,ANG101,10.82
ETU1039,DATA101,10.54
ETU1039,ALG101,13.38
ETU1039,ELEC101,11.21
ETU1039,GEST101,9.43
ETU1039,PROJ101,11.68
ETU1040,MAT101,5.68
ETU1040,PHY101,4.99
ETU1040,PROG101,8.07
ETU1040,STAT101,7.22
ETU1040,ANG101,5.9
ETU1040,DATA101,7.19
ETU1040,ALG101,5.43
ETU1040,ELEC101,7.03
ETU1040,GEST101,6.34
ETU1040,PROJ101,7.58
ETU1041,MAT101,11.17
ETU1041,PHY101,8.35
ETU1041,PROG101,16.21
ETU1041,STAT101,12.49
ETU1041,ANG101,17.1
ETU1041,DATA101,13.08
ETU1041,ALG101,13.77
ETU1041,ELEC101,10.62
ETU1041,GEST101,12.07
ETU1041,PROJ101,13.67
ETU1042,MAT101,15.18
ETU1042,PHY101,9.58
ETU1042,PROG101,8.52
ETU1042,STAT101,14.22
ETU1042,ANG101,14.81
ETU1042,DATA101,11.68
ETU1042,ALG101,16.31
ETU1042,ELEC101,16.03
ETU1042,GEST101,9.33
ETU1042,PROJ101,
ETU1043,MAT101,12.62
ETU1043,PHY101,13.26
ETU1043,PROG101,13.93
ETU1043,STAT101,13.05
ETU1043,ANG101,12.06
ETU1043,DATA101,14.62
ETU1043,ALG101,14.15
ETU1043,ELEC101,14.52
ETU1043,GEST101,11.49
ETU1043,PROJ101,13.89
ETU1044,MAT101,6.82
ETU1044,PHY101,5.03
ETU1044,PROG101,8.03
ETU1044,STAT101,6.02
ETU1044,ANG101,6.52
ETU1044,DATA101,10.18
ETU1044,ALG101,7.1
ETU1044,ELEC101,6.12
ETU1044,GEST101,11.54
ETU1044,PROJ101,10.69
ETU1045,MAT101,8.82
ETU1045,PHY101,13.5
ETU1045,PROG101,14.49
ETU1045,STAT101,12.7
ETU1045,ANG101,13.82
ETU1045,DATA101,10.45
ETU1045,ALG101,17.47
ETU1045,ELEC101,12.28
ETU1045,GEST101,14.88
ETU1045,PROJ101,14.19
ETU1046,MAT101,15.17
ETU1046,PHY101,18.07
ETU1046,PROG101,17.64
ETU1046,STAT101,16.46
ETU1046,ANG101,18.82
ETU1046,DATA101,17.24
ETU1046,ALG101,20.0
ETU1046,ELEC101,18.09
ETU1046,GEST101,18.86
ETU1046,PROJ101,15.12
ETU1047,MAT101,12.6
ETU1047,PHY101,12.25
ETU1047,PROG101,10.14
ETU1047,STAT101,8.64
ETU1047,ANG101,14.56
ETU1047,DATA101,14.14
ETU1047,ALG101,10.4
ETU1047,ELEC101,9.92
ETU1047,GEST101,12.96
ETU1047,PROJ101,12.18
ETU1048,MAT101,7.94
ETU1048,PHY101,8.75
ETU1048,PROG101,12.47
ETU1048,STAT101,9.46
ETU1048,ANG101,14.59
ETU1048,DATA101,12.95
ETU1048,ALG101,12.05
ETU1048,ELEC101,11.15
ETU1048,GEST101,
ETU1048,PROJ101,14.04
ETU1049,MAT101,10.49
ETU1049,PHY101,13.88
ETU1049,PROG101,15.98
ETU1049,STAT101,12.69
ETU1049,ANG101,16.44
ETU1049,DATA101,10.84
ETU1049,ALG101,13.34
ETU1049,ELEC101,11.85
ETU1049,GEST101,14.9
ETU1049,PROJ101,9.65
ETU1050,MAT101,18.04
ETU1050,PHY101,14.91
ETU1050,PROG101,17.33
ETU1050,STAT101,20.0
ETU1050,ANG101,19.19
ETU1050,DATA101,18.2
ETU1050,ALG101,17.42
ETU1050,ELEC101,18.7
ETU1050,GEST101,19.46
ETU1050,PROJ101,18.85
ETU1051,MAT101,9.03
ETU1051,PHY101,8.59
ETU1051,PROG101,9.17
ETU1051,STAT101,6.45
ETU1051,ANG101,11.2
ETU1051,DATA101,8.25
ETU1051,ALG101,10.92
ETU1051,ELEC101,
ETU1051,GEST101,11.66
ETU1051,PROJ101,10.12
ETU1052,MAT101,11.55
ETU1052,PHY101,11.82
ETU1052,PROG101,11.85
ETU1052,STAT101,16.32
ETU1052,ANG101,17.14
ETU1052,DATA101,16.37
ETU1052,ALG101,12.67
ETU1052,ELEC101,10.32
ETU1052,GEST101,14.91
ETU1052,PROJ101,12.76
ETU1053,MAT101,11.31
ETU1053,PHY101,7.52
ETU1053,PROG101,10.72
ETU1053,STAT101,11.93
ETU1053,ANG101,10.17
ETU1053,DATA101,9.46
ETU1053,ALG101,6.43
ETU1053,ELEC101,7.68
ETU1053,GEST101,11.02
ETU1053,PROJ101,11.74
ETU1054,MAT101,11.11
ETU1054,PHY101,5.88
ETU1054,PROG101,9.92
ETU1054,STAT101,7.4
ETU1054,ANG101,11.87
ETU1054,DATA101,
ETU1054,ALG101,7.8
ETU1054,ELEC101,11.31
ETU1054,GEST101,9.95
ETU1054,PROJ101,14.34
ETU1055,MAT101,12.46
ETU1055,PHY101,10.33
ETU1055,PROG101,13.85
ETU1055,STAT101,11.1
ETU1055,ANG101,14.17
ETU1055,DATA101,10.53
ETU1055,ALG101,13.48
ETU1055,ELEC101,7.81
ETU1055,GEST101,10.09
ETU1055,PROJ101,10.8
ETU1056,MAT101,13.57
ETU1056,PHY101,15.18
ETU1056,PROG101,15.49
ETU1056,STAT101,16.63
ETU1056,ANG101,18.74
ETU1056,DATA101,12.24
ETU1056,ALG101,17.72
ETU1056,ELEC101,14.18
ETU1056,GEST101,19.69
ETU1056,PROJ101,14.88
ETU1057,MAT101,12.08
ETU1057,PHY101,16.99
ETU1057,PROG101,
ETU1057,STAT101,14.05
ETU1057,ANG101,15.43
ETU1057,DATA101,18.48
ETU1057,ALG101,16.96
ETU1057,ELEC101,15.16
ETU1057,GEST101,18.18
ETU1057,PROJ101,18.15
ETU1058,MAT101,10.61
ETU1058,PHY101,14.03
ETU1058,PROG101,14.57
ETU1058,STAT101,12.8
ETU1058,ANG101,15.66
ETU1058,DATA101,17.27
ETU1058,ALG101,10.59
ETU1058,ELEC101,11.73
ETU1058,GEST101,13.23
ETU1058,PROJ101,15.71
ETU1059,MAT101,9.06
ETU1059,PHY101,11.54
ETU1059,PROG101,9.99
ETU1059,STAT101,8.33
ETU1059,ANG101,11.98
ETU1059,DATA101,10.04
ETU1059,ALG101,10.88
ETU1059,ELEC101,10.97
ETU1059,GEST101,8.28
ETU1059,PROJ101,11.07
ETU1060,MAT101,17.66
ETU1060,PHY101,18.91
ETU1060,PROG101,19.62
ETU1060,STAT101,16.11
ETU1060,ANG101,18.66
ETU1060,DATA101,19.26
ETU1060,ALG101,17.22
ETU1060,ELEC101,15.79
ETU1060,GEST101,18.61
ETU1060,PROJ101,19.85
ETU1061,MAT101,8.31
ETU1061,PHY101,11.07
ETU1061,PROG101,11.17
ETU1061,STAT101,11.75
ETU1061,ANG101,11.55
ETU1061,DATA101,14.59
ETU1061,ALG101,11.1
ETU1061,ELEC101,11.5
ETU1061,GEST101,12.57
ETU1061,PROJ101,11.43
ETU1062,MAT101,10.33
ETU1062,PHY101,8.3
ETU1062,PROG101,13.93
ETU1062,STAT101,11.05
ETU1062,ANG101,9.69
ETU1062,DATA101,13.43
ETU1062,ALG101,9.75
ETU1062,ELEC101,11.43
ETU1062,GEST101,7.73
ETU1062,PROJ101,13.78
ETU1063,MAT101,7.54
ETU1063,PHY101,4.61
ETU1063,PROG101,8.2
ETU1063,STAT101,10.14
ETU1063,ANG101,7.03
ETU1063,DATA101,6.3
ETU1063,ALG101,6.49
ETU1063,ELEC101,6.62
ETU1063,GEST101,9.85
ETU1063,PROJ101,9.25
ETU1064,MAT101,14.53
ETU1064,PHY101,15.24
ETU1064,PROG101,19.18
ETU1064,STAT101,16.56
ETU1064,ANG101,16.25
ETU1064,DATA101,15.28
ETU1064,ALG101,15.61
ETU1064,ELEC101,16.66
ETU1064,GEST101,14.7
ETU1064,PROJ101,18.15
ETU1065,MAT101,13.59
ETU1065,PHY101,13.58
ETU1065,PROG101,19.84
ETU1065,STAT101,15.51
ETU1065,ANG101,14.3
ETU1065,DATA101,15.46
ETU1065,ALG101,16.07
ETU1065,ELEC101,15.03
ETU1065,GEST101,10.83
ETU1065,PROJ101,9.6
ETU1066,MAT101,17.48
ETU1066,PHY101,18.14
ETU1066,PROG101,18.96
ETU1066,STAT101,16.94
ETU1066,ANG101,20.0
ETU1066,DATA101,20.0
ETU1066,ALG101,14.52
ETU1066,ELEC101,13.95
ETU1066,GEST101,19.53
ETU1066,PROJ101,20.0
ETU1067,MAT101,6.54
ETU1067,PHY101,3.29
ETU1067,PROG101,8.4
ETU1067,STAT101,8.78
ETU1067,ANG101,8.63
ETU1067,DATA101,10.59
ETU1067,ALG101,8.55
ETU1067,ELEC101,6.13
ETU1067,GEST101,7.72
ETU1067,PROJ101,9.35
ETU1068,MAT101,14.4
ETU1068,PHY101,11.34
ETU1068,PROG101,16.28
ETU1068,STAT101,14.28
ETU1068,ANG101,15.79
ETU1068,DATA101,13.8
ETU1068,ALG101,18.51
ETU1068,ELEC101,16.15
ETU1068,GEST101,20.0
ETU1068,PROJ101,16.13
ETU1069,MAT101,12.87
ETU1069,PHY101,11.7
ETU1069,PROG101,10.9
ETU1069,STAT101,11.2
ETU1069,ANG101,14.24
ETU1069,DATA101,10.19
ETU1069,ALG101,13.81
ETU1069,ELEC101,11.63
ETU1069,GEST101,14.5
ETU1069,PROJ101,13.89
ETU1070,MAT101,10.23
ETU1070,PHY101,13.08
ETU1070,PROG101,16.27
ETU1070,STAT101,14.02
ETU1070,ANG101,14.93
ETU1070,DATA101,14.51
ETU1070,ALG101,10.0
ETU1070,ELEC101,15.61
ETU1070,GEST101,10.06
ETU1070,PROJ101,17.87
ETU1071,MAT101,6.31
ETU1071,PHY101,7.67
ETU1071,PROG101,3.97
ETU1071,STAT101,8.92
ETU1071,ANG101,9.74
ETU1071,DATA101,8.91
ETU1071,ALG101,3.4
ETU1071,ELEC101,5.27
ETU1071,GEST101,9.03
ETU1071,PROJ101,10.96
ETU1072,MAT101,13.29
ETU1072,PHY101,13.04
ETU1072,PROG101,16.49
ETU1072,STAT101,20.0
ETU1072,ANG101,15.37
ETU1072,DATA101,15.19
ETU1072,ALG101,14.29
ETU1072,ELEC101,14.7
ETU1072,GEST101,18.84
ETU1072,PROJ101,16.6
ETU1073,MAT101,18.68
ETU1073,PHY101,13.29
ETU1073,PROG101,16.8
ETU1073,STAT101,13.06
ETU1073,ANG101,12.36
ETU1073,DATA101,14.03
ETU1073,ALG101,14.67
ETU1073,ELEC101,11.62
ETU1073,GEST101,16.91
ETU1073,PROJ101,14.02
ETU1074,MAT101,9.11
ETU1074,PHY101,15.67
ETU1074,PROG101,10.27
ETU1074,STAT101,10.51
ETU1074,ANG101,14.17
ETU1074,DATA101,11.35
ETU1074,ALG101,9.38
ETU1074,ELEC101,9.82
ETU1074,GEST101,16.37
ETU1074,PROJ101,14.0
ETU1075,MAT101,14.6
ETU1075,PHY101,13.25
ETU1075,PROG101,14.6
ETU1075,STAT101,12.47
ETU1075,ANG101,14.78
ETU1075,DATA101,9.81
ETU1075,ALG101,15.2
ETU1075,ELEC101,11.96
ETU1075,GEST101,11.85
ETU1075,PROJ101,15.0
ETU1076,MAT101,8.94
ETU1076,PHY101,10.96
ETU1076,PROG101,9.94
ETU1076,STAT101,8.39
ETU1076,ANG101,10.79
ETU1076,DATA101,13.13
ETU1076,ALG101,11.53
ETU1076,ELEC101,10.31
ETU1076,GEST101,12.63
ETU1076,PROJ101,12.27
ETU1077,MAT101,8.03
ETU1077,PHY101,11.13
ETU1077,PROG101,12.88
ETU1077,STAT101,12.61
ETU1077,ANG101,9.12
ETU1077,DATA101,9.61
ETU1077,ALG101,8.72
ETU1077,ELEC101,8.99
ETU1077,GEST101,11.96
ETU1077,PROJ101,11.77
ETU1078,MAT101,10.47
ETU1078,PHY101,7.11
ETU1078,PROG101,9.74
ETU1078,STAT101,13.09
ETU1078,ANG101,13.97
ETU1078,DATA101,10.79
ETU1078,ALG101,11.94
ETU1078,ELEC101,10.67
ETU1078,GEST101,13.18
ETU1078,PROJ101,13.44
ETU1079,MAT101,10.68
ETU1079,PHY101,6.24
ETU1079,PROG101,8.39
ETU1079,STAT101,7.69
ETU1079,ANG101,8.09
ETU1079,DATA101,6.94
ETU1079,ALG101,10.29
ETU1079,ELEC101,6.39
ETU1079,GEST101,9.19
ETU1079,PROJ101,11.49
ETU1080,MAT101,14.75
ETU1080,PHY101,14.35
ETU1080,PROG101,14.36
ETU1080,STAT101,14.79
ETU1080,ANG101,14.53
ETU1080,DATA101,20.0
ETU1080,ALG101,11.1
ETU1080,ELEC101,13.12
ETU1080,GEST101,
ETU1080,PROJ101,16.25
ETU1081,MAT101,13.89
ETU1081,PHY101,10.77
ETU1081,PROG101,12.74
ETU1081,STAT101,15.21
ETU1081,ANG101,12.03
ETU1081,DATA101,16.59
ETU1081,ALG101,17.17
ETU1081,ELEC101,15.97
ETU1081,GEST101,17.8
ETU1081,PROJ101,11.22
ETU1082,MAT101,5.68
ETU1082,PHY101,8.74
ETU1082,PROG101,8.26
ETU1082,STAT101,6.73
ETU1082,ANG101,10.12
ETU1082,DATA101,13.63
ETU1082,ALG101,13.68
ETU1082,ELEC101,7.6
ETU1082,GEST101,10.93
ETU1082,PROJ101,12.0
ETU1083,MAT101,11.79
ETU1083,PHY101,
ETU1083,PROG101,12.08
ETU1083,STAT101,11.34
ETU1083,ANG101,12.13
ETU1083,DATA101,12.57
ETU1083,ALG101,7.2
ETU1083,ELEC101,11.67
ETU1083,GEST101,13.79
ETU1083,PROJ101,9.35
ETU1084,MAT101,11.12
ETU1084,PHY101,8.28
ETU1084,PROG101,11.78
ETU1084,STAT101,11.34
ETU1084,ANG101,12.58
ETU1084,DATA101,13.22
ETU1084,ALG101,4.54
ETU1084,ELEC101,8.3
ETU1084,GEST101,11.41
ETU1084,PROJ101,8.76
ETU1085,MAT101,
ETU1085,PHY101,10.03
ETU1085,PROG101,15.01
ETU1085,STAT101,14.69
ETU1085,ANG101,13.45
ETU1085,DATA101,12.65
ETU1085,ALG101,9.55
ETU1085,ELEC101,12.14
ETU1085,GEST101,15.15
ETU1085,PROJ101,14.48
ETU1086,MAT101,12.69
ETU1086,PHY101,8.73
ETU1086,PROG101,9.73
ETU1086,STAT101,8.27
ETU1086,ANG101,15.65
ETU1086,DATA101,7.65
ETU1086,ALG101,11.5
ETU1086,ELEC101,11.31
ETU1086,GEST101,12.61
ETU1086,PROJ101,9.73
ETU1087,MAT101,6.49
ETU1087,PHY101,8.5
ETU1087,PROG101,11.01
ETU1087,STAT101,8.18
ETU1087,ANG101,10.01
ETU1087,DATA101,8.71
ETU1087,ALG101,9.53
ETU1087,ELEC101,8.99
ETU1087,GEST101,13.65
ETU1087,PROJ101,11.96
ETU1088,MAT101,11.61
ETU1088,PHY101,11.46
ETU1088,PROG101,16.41
ETU1088,STAT101,14.5
ETU1088,ANG101,19.85
ETU1088,DATA101,19.14
ETU1088,ALG101,12.53
ETU1088,ELEC101,14.6
ETU1088,GEST101,12.98
ETU1088,PROJ101,17.27
ETU1089,MAT101,14.94
ETU1089,PHY101,11.29
ETU1089,PROG101,11.13
ETU1089,STAT101,12.41
ETU1089,ANG101,14.72
ETU1089,DATA101,14.03
ETU1089,ALG101,10.65
ETU1089,ELEC101,9.76
ETU1089,GEST101,12.98
ETU1089,PROJ101,12.18
ETU1090,MAT101,19.3
ETU1090,PHY101,15.68
ETU1090,PROG101,17.56
ETU1090,STAT101,17.78
ETU1090,ANG101,15.3
ETU1090,DATA101,16.34
ETU1090,ALG101,20.0
ETU1090,ELEC101,18.34
ETU1090,GEST101,17.16
ETU1090,PROJ101,19.8
ETU1091,MAT101,14.12
ETU1091,PHY101,10.82
ETU1091,PROG101,13.99
ETU1091,STAT101,13.27
ETU1091,ANG101,10.7
ETU1091,DATA101,11.93
ETU1091,ALG101,15.14
ETU1091,ELEC101,15.34
ETU1091,GEST101,14.62
ETU1091,PROJ101,11.94
ETU1092,MAT101,4.57
ETU1092,PHY101,7.24
ETU1092,PROG101,7.11
ETU1092,STAT101,12.9
ETU1092,ANG101,6.9
ETU1092,DATA101,7.52
ETU1092,ALG101,9.69
ETU1092,ELEC101,8.84
ETU1092,GEST101,13.48
ETU1092,PROJ101,11.9
ETU1093,MAT101,14.35
ETU1093,PHY101,16.97
ETU1093,PROG101,14.53
ETU1093,STAT101,18.38
ETU1093,ANG101,14.38
ETU1093,DATA101,9.81
ETU1093,ALG101,14.77
ETU1093,ELEC101,10.21
ETU1093,GEST101,17.81
ETU1093,PROJ101,16.57
ETU1094,MAT101,16.54
ETU1094,PHY101,12.28
ETU1094,PROG101,10.85
ETU1094,STAT101,14.36
ETU1094,ANG101,13.48
ETU1094,DATA101,15.52
ETU1094,ALG101,11.57
ETU1094,ELEC101,15.87
ETU1094,GEST101,14.44
ETU1094,PROJ101,14.41
ETU1095,MAT101,16.15
ETU1095,PHY101,15.04
ETU1095,PROG101,12.58
ETU1095,STAT101,15.58
ETU1095,ANG101,16.29
ETU1095,DATA101,13.97
ETU1095,ALG101,15.29
ETU1095,ELEC101,16.11
ETU1095,GEST101,14.43
ETU1095,PROJ101,14.84
ETU1096,MAT101,14.33
ETU1096,PHY101,12.7
ETU1096,PROG101,15.12
ETU1096,STAT101,14.49
ETU1096,ANG101,15.57
ETU1096,DATA101,14.84
ETU1096,ALG101,12.42
ETU1096,ELEC101,
ETU1096,GEST101,14.58
ETU1096,PROJ101,19.25
ETU1097,MAT101,7.81
ETU1097,PHY101,13.11
ETU1097,PROG101,9.74
ETU1097,STAT101,12.02
ETU1097,ANG101,11.56
ETU1097,DATA101,7.97
ETU1097,ALG101,7.46
ETU1097,ELEC101,8.22
ETU1097,GEST101,10.13
ETU1097,PROJ101,11.31
ETU1098,MAT101,11.87
ETU1098,PHY101,10.5
ETU1098,PROG101,12.45
ETU1098,STAT101,12.4
ETU1098,ANG101,12.21
ETU1098,DATA101,13.33
ETU1098,ALG101,13.22
ETU1098,ELEC101,11.95
ETU1098,GEST101,13.48
ETU1098,PROJ101,13.16
ETU1099,MAT101,13.44
ETU1099,PHY101,10.71
ETU1099,PROG101,10.41
ETU1099,STAT101,11.37
ETU1099,ANG101,9.95
ETU1099,DATA101,9.03
ETU1099,ALG101,13.11
ETU1099,ELEC101,13.95
ETU1099,GEST101,11.55
ETU1099,PROJ101,14.53
ETU1100,MAT101,4.55
ETU1100,PHY101,3.94
ETU1100,PROG101,11.3
ETU1100,STAT101,9.43
ETU1100,ANG101,9.61
ETU1100,DATA101,12.44
ETU1100,ALG101,8.01
ETU1100,ELEC101,5.81
ETU1100,GEST101,6.26
ETU1100,PROJ101,9.76
ETU1101,MAT101,11.2
ETU1101,PHY101,10.06
ETU1101,PROG101,13.45
ETU1101,STAT101,
ETU1101,ANG101,11.59
ETU1101,DATA101,8.01
ETU1101,ALG101,11.61
ETU1101,ELEC101,13.05
ETU1101,GEST101,11.3
ETU1101,PROJ101,13.52
ETU1102,MAT101,12.71
ETU1102,PHY101,15.22
ETU1102,PROG101,16.82
ETU1102,STAT101,15.88
ETU1102,ANG101,20.0
ETU1102,DATA101,18.84
ETU1102,ALG101,16.67
ETU1102,ELEC101,16.98
ETU1102,GEST101,18.23
ETU1102,PROJ101,17.1
ETU1103,MAT101,11.99
ETU1103,PHY101,10.89
ETU1103,PROG101,10.51
ETU1103,STAT101,15.6
ETU1103,ANG101,17.87
ETU1103,DATA101,12.98
ETU1103,ALG101,12.42
ETU1103,ELEC101,13.16
ETU1103,GEST101,13.0
ETU1103,PROJ101,11.64
ETU1104,MAT101,5.34
ETU1104,PHY101,11.86
ETU1104,PROG101,5.34
ETU1104,STAT101,8.99
ETU1104,ANG101,6.36
ETU1104,DATA101,8.58
ETU1104,ALG101,7.47
ETU1104,ELEC101,4.94
ETU1104,GEST101,10.52
ETU1104,PROJ101,7.39
ETU1105,MAT101,4.35
ETU1105,PHY101,8.71
ETU1105,PROG101,7.43
ETU1105,STAT101,6.19
ETU1105,ANG101,10.65
ETU1105,DATA101,5.95
ETU1105,ALG101,4.1
ETU1105,ELEC101,9.91
ETU1105,GEST101,12.43
ETU1105,PROJ101,8.78
ETU1106,MAT101,10.02
ETU1106,PHY101,15.23
ETU1106,PROG101,18.35
ETU1106,STAT101,18.54
ETU1106,ANG101,15.23
ETU1106,DATA101,16.0
ETU1106,ALG101,16.54
ETU1106,ELEC101,17.32
ETU1106,GEST101,18.47
ETU1106,PROJ101,
ETU1107,MAT101,13.67
ETU1107,PHY101,10.83
ETU1107,PROG101,15.17
ETU1107,STAT101,10.41
ETU1107,ANG101,14.25
ETU1107,DATA101,11.19
ETU1107,ALG101,11.22
ETU1107,ELEC101,11.14
ETU1107,GEST101,11.48
ETU1107,PROJ101,15.37
ETU1108,MAT101,9.04
ETU1108,PHY101,9.48
ETU1108,PROG101,11.73
ETU1108,STAT101,15.36
ETU1108,ANG101,12.61
ETU1108,DATA101,10.76
ETU1108,ALG101,6.16
ETU1108,ELEC101,9.32
ETU1108,GEST101,9.67
ETU1108,PROJ101,10.76
ETU1109,MAT101,9.87
ETU1109,PHY101,11.68
ETU1109,PROG101,11.14
ETU1109,STAT101,9.27
ETU1109,ANG101,14.21
ETU1109,DATA101,9.09
ETU1109,ALG101,11.04
ETU1109,ELEC101,10.3
ETU1109,GEST101,12.74
ETU1109,PROJ101,14.81
ETU1110,MAT101,13.34
ETU1110,PHY101,7.5
ETU1110,PROG101,6.98
ETU1110,STAT101,6.4
ETU1110,ANG101,7.59
ETU1110,DATA101,9.13
ETU1110,ALG101,3.61
ETU1110,ELEC101,4.85
ETU1110,GEST101,9.53
ETU1110,PROJ101,11.3
ETU1111,MAT101,17.25
ETU1111,PHY101,15.14
ETU1111,PROG101,17.63
ETU1111,STAT101,17.97
ETU1111,ANG101,15.89
ETU1111,DATA101,18.22
ETU1111,ALG101,12.15
ETU1111,ELEC101,12.34
ETU1111,GEST101,15.71
ETU1111,PROJ101,13.33
ETU1112,MAT101,11.7
ETU1112,PHY101,9.07
ETU1112,PROG101,10.91
ETU1112,STAT101,4.63
ETU1112,ANG101,11.79
ETU1112,DATA101,10.54
ETU1112,ALG101,9.1
ETU1112,ELEC101,11.4
ETU1112,GEST101,10.53
ETU1112,PROJ101,11.86
ETU1113,MAT101,15.82
ETU1113,PHY101,17.2
ETU1113,PROG101,18.01
ETU1113,STAT101,14.38
ETU1113,ANG101,14.87
ETU1113,DATA101,18.78
ETU1113,ALG101,
ETU1113,ELEC101,15.89
ETU1113,GEST101,12.69
ETU1113,PROJ101,12.36
ETU1114,MAT101,11.77
ETU1114,PHY101,10.84
ETU1114,PROG101,13.91
ETU1114,STAT101,10.38
ETU1114,ANG101,13.74
ETU1114,DATA101,13.89
ETU1114,ALG101,10.35
ETU1114,ELEC101,10.74
ETU1114,GEST101,10.52
ETU1114,PROJ101,14.89
ETU1115,MAT101,16.36
ETU1115,PHY101,16.23
ETU1115,PROG101,15.41
ETU1115,STAT101,16.63
ETU1115,ANG101,11.27
ETU1115,DATA101,15.69
ETU1115,ALG101,18.75
ETU1115,ELEC101,14.99
ETU1115,GEST101,18.54
ETU1115,PROJ101,16.32
ETU1116,MAT101,14.95
ETU1116,PHY101,10.18
ETU1116,PROG101,13.74
ETU1116,STAT101,11.15
ETU1116,ANG101,14.18
ETU1116,DATA101,11.81
ETU1116,ALG101,12.33
ETU1116,ELEC101,11.09
ETU1116,GEST101,14.74
ETU1116,PROJ101,14.73
ETU1117,MAT101,12.33
ETU1117,PHY101,11.97
ETU1117,PROG101,12.57
ETU1117,STAT101,11.79
ETU1117,ANG101,16.74
ETU1117,DATA101,12.56
ETU1117,ALG101,14.61
ETU1117,ELEC101,
ETU1117,GEST101,16.97
ETU1117,PROJ101,19.25
ETU1118,MAT101,7.49
ETU1118,PHY101,11.36
ETU1118,PROG101,12.99
ETU1118,STAT101,13.23
ETU1118,ANG101,14.31
ETU1118,DATA101,11.48
ETU1118,ALG101,17.55
ETU1118,ELEC101,12.68
ETU1118,GEST101,15.52
ETU1118,PROJ101,15.99
ETU1119,MAT101,10.01
ETU1119,PHY101,12.06
ETU1119,PROG101,15.34
ETU1119,STAT101,16.36
ETU1119,ANG101,13.9
ETU1119,DATA101,11.13
ETU1119,ALG101,12.07
ETU1119,ELEC101,12.11
ETU1119,GEST101,13.44
ETU1119,PROJ101,12.87
ETU1120,MAT101,9.42
ETU1120,PHY101,9.77
ETU1120,PROG101,11.88
ETU1120,STAT101,14.19
ETU1120,ANG101,16.2
ETU1120,DATA101,13.39
ETU1120,ALG101,10.32
ETU1120,ELEC101,11.09
ETU1120,GEST101,9.39
ETU1120,PROJ101,16.99
ETU1121,MAT101,9.47
ETU1121,PHY101,11.36
ETU1121,PROG101,
ETU1121,STAT101,14.84
ETU1121,ANG101,14.12
ETU1121,DATA101,10.8
ETU1121,ALG101,12.15
ETU1121,ELEC101,14.24
ETU1121,GEST101,10.65
ETU1121,PROJ101,9.42
ETU1122,MAT101,14.65
ETU1122,PHY101,17.08
ETU1122,PROG101,16.34
ETU1122,STAT101,16.55
ETU1122,ANG101,19.24
ETU1122,DATA101,15.4
ETU1122,ALG101,16.35
ETU1122,ELEC101,15.13
ETU1122,GEST101,20.0
ETU1122,PROJ101,19.74
ETU1123,MAT101,8.31
ETU1123,PHY101,7.9
ETU1123,PROG101,13.57
ETU1123,STAT101,12.96
ETU1123,ANG101,11.53
ETU1123,DATA101,9.8
ETU1123,ALG101,6.69
ETU1123,ELEC101,7.12
ETU1123,GEST101,7.55
ETU1123,PROJ101,12.97
ETU1124,MAT101,8.89
ETU1124,PHY101,10.24
ETU1124,PROG101,8.31
ETU1124,STAT101,8.56
ETU1124,ANG101,14.37
ETU1124,DATA101,12.86
ETU1124,ALG101,11.65
ETU1124,ELEC101,10.38
ETU1124,GEST101,9.22
ETU1124,PROJ101,11.91
ETU1125,MAT101,11.08
ETU1125,PHY101,12.45
ETU1125,PROG101,14.33
ETU1125,STAT101,13.27
ETU1125,ANG101,13.57
ETU1125,DATA101,12.24
ETU1125,ALG101,
ETU1125,ELEC101,10.0
ETU1125,GEST101,12.82
ETU1125,PROJ101,12.67
ETU1126,MAT101,17.27
ETU1126,PHY101,12.62
ETU1126,PROG101,8.89
ETU1126,STAT101,11.81
ETU1126,ANG101,13.35
ETU1126,DATA101,15.08
ETU1126,ALG101,
ETU1126,ELEC101,12.88
ETU1126,GEST101,
ETU1126,PROJ101,17.67
ETU1127,MAT101,11.74
ETU1127,PHY101,9.2
ETU1127,PROG101,10.26
ETU1127,STAT101,4.05
ETU1127,ANG101,14.27
ETU1127,DATA101,10.35
ETU1127,ALG101,10.35
ETU1127,ELEC101,
ETU1127,GEST101,9.27
ETU1127,PROJ101,16.49
ETU1128,MAT101,12.1
ETU1128,PHY101,15.07
ETU1128,PROG101,12.21
ETU1128,STAT101,11.19
ETU1128,ANG101,14.99
ETU1128,DATA101,15.2
ETU1128,ALG101,14.75
ETU1128,ELEC101,11.63
ETU1128,GEST101,14.91
ETU1128,PROJ101,12.7
ETU1129,MAT101,11.12
ETU1129,PHY101,10.08
ETU1129,PROG101,10.77
ETU1129,STAT101,11.5
ETU1129,ANG101,10.2
ETU1129,DATA101,13.75
ETU1129,ALG101,10.27
ETU1129,ELEC101,12.64
ETU1129,GEST101,10.28
ETU1129,PROJ101,11.67
ETU1130,MAT101,5.02
ETU1130,PHY101,4.65
ETU1130,PROG101,6.35
ETU1130,STAT101,5.73
ETU1130,ANG101,6.53
ETU1130,DATA101,8.1
ETU1130,ALG101,8.71
ETU1130,ELEC101,8.43
ETU1130,GEST101,4.96
ETU1130,PROJ101,8.29
ETU1131,MAT101,10.63
ETU1131,PHY101,13.97
ETU1131,PROG101,11.6
ETU1131,STAT101,11.56
ETU1131,ANG101,9.99
ETU1131,DATA101,10.54
ETU1131,ALG101,8.58
ETU1131,ELEC101,11.37
ETU1131,GEST101,15.55
ETU1131,PROJ101,11.4
ETU1132,MAT101,8.03
ETU1132,PHY101,6.39
ETU1132,PROG101,7.96
ETU1132,STAT101,9.02
ETU1132,ANG101,14.05
ETU1132,DATA101,12.14
ETU1132,ALG101,12.23
ETU1132,ELEC101,10.24
ETU1132,GEST101,9.21
ETU1132,PROJ101,9.33
ETU1133,MAT101,5.28
ETU1133,PHY101,1.54
ETU1133,PROG101,7.03
ETU1133,STAT101,10.15
ETU1133,ANG101,11.32
ETU1133,DATA101,12.63
ETU1133,ALG101,7.43
ETU1133,ELEC101,4.14
ETU1133,GEST101,11.02
ETU1133,PROJ101,9.57
ETU1134,MAT101,15.79
ETU1134,PHY101,14.74
ETU1134,PROG101,11.42
ETU1134,STAT101,9.67
ETU1134,ANG101,10.82
ETU1134,DATA101,11.06
ETU1134,ALG101,10.75
ETU1134,ELEC101,10.87
ETU1134,GEST101,14.32
ETU1134,PROJ101,12.6
ETU1135,MAT101,12.73
ETU1135,PHY101,9.2
ETU1135,PROG101,11.76
ETU1135,STAT101,11.27
ETU1135,ANG101,10.7
ETU1135,DATA101,12.67
ETU1135,ALG101,9.71
ETU1135,ELEC101,11.53
ETU1135,GEST101,14.09
ETU1135,PROJ101,17.27
ETU1136,MAT101,10.97
ETU1136,PHY101,12.63
ETU1136,PROG101,12.11
ETU1136,STAT101,
ETU1136,ANG101,17.3
ETU1136,DATA101,13.88
ETU1136,ALG101,13.93
ETU1136,ELEC101,16.0
ETU1136,GEST101,13.02
ETU1136,PROJ101,11.72
ETU1137,MAT101,11.05
ETU1137,PHY101,9.76
ETU1137,PROG101,15.89
ETU1137,STAT101,17.31
ETU1137,ANG101,14.57
ETU1137,DATA101,15.1
ETU1137,ALG101,15.07
ETU1137,ELEC101,16.27
ETU1137,GEST101,18.1
ETU1137,PROJ101,10.58
ETU1138,MAT101,5.07
ETU1138,PHY101,6.03
ETU1138,PROG101,5.53
ETU1138,STAT101,6.04
ETU1138,ANG101,8.7
ETU1138,DATA101,2.53
ETU1138,ALG101,7.34
ETU1138,ELEC101,8.09
ETU1138,GEST101,7.58
ETU1138,PROJ101,3.09
ETU1139,MAT101,7.06
ETU1139,PHY101,8.17
ETU1139,PROG101,10.64
ETU1139,STAT101,9.9
ETU1139,ANG101,9.08
ETU1139,DATA101,7.23
ETU1139,ALG101,7.87
ETU1139,ELEC101,4.02
ETU1139,GEST101,7.81
ETU1139,PROJ101,11.96
ETU1140,MAT101,16.34
ETU1140,PHY101,16.93
ETU1140,PROG101,14.34
ETU1140,STAT101,18.9
ETU1140,ANG101,17.64
ETU1140,DATA101,17.96
ETU1140,ALG101,17.81
ETU1140,ELEC101,18.31
ETU1140,GEST101,18.02
ETU1140,PROJ101,17.79
ETU1141,MAT101,6.17
ETU1141,PHY101,5.32
ETU1141,PROG101,9.63
ETU1141,STAT101,9.62
ETU1141,ANG101,11.16
ETU1141,DATA101,7.69
ETU1141,ALG101,7.65
ETU1141,ELEC101,8.69
ETU1141,GEST101,8.89
ETU1141,PROJ101,15.44
ETU1142,MAT101,11.72
ETU1142,PHY101,13.47
ETU1142,PROG101,15.36
ETU1142,STAT101,15.1
ETU1142,ANG101,13.46
ETU1142,DATA101,14.88
ETU1142,ALG101,14.0
ETU1142,ELEC101,13.97
ETU1142,GEST101,14.37
ETU1142,PROJ101,16.27
ETU1143,MAT101,10.04
ETU1143,PHY101,6.59
ETU1143,PROG101,10.68
ETU1143,STAT101,10.52
ETU1143,ANG101,12.64
ETU1143,DATA101,10.66
ETU1143,ALG101,13.47
ETU1143,ELEC101,9.14
ETU1143,GEST101,9.69
ETU1143,PROJ101,14.02
ETU1144,MAT101,11.28
ETU1144,PHY101,11.36
ETU1144,PROG101,12.92
ETU1144,STAT101,12.34
ETU1144,ANG101,14.27
ETU1144,DATA101,13.8
ETU1144,ALG101,10.5
ETU1144,ELEC101,9.06
ETU1144,GEST101,10.67
ETU1144,PROJ101,15.74
ETU1145,MAT101,9.26
ETU1145,PHY101,11.1
ETU1145,PROG101,11.91
ETU1145,STAT101,10.11
ETU1145,ANG101,9.44
ETU1145,DATA101,12.06
ETU1145,ALG101,9.94
ETU1145,ELEC101,7.08
ETU1145,GEST101,9.98
ETU1145,PROJ101,8.15
ETU1146,MAT101,11.98
ETU1146,PHY101,10.62
ETU1146,PROG101,13.72
ETU1146,STAT101,12.92
ETU1146,ANG101,13.88
ETU1146,DATA101,13.8
ETU1146,ALG101,14.09
ETU1146,ELEC101,14.49
ETU1146,GEST101,16.19
ETU1146,PROJ101,12.94
ETU1147,MAT101,14.11
ETU1147,PHY101,11.44
ETU1147,PROG101,11.75
ETU1147,STAT101,9.98
ETU1147,ANG101,8.24
ETU1147,DATA101,13.44
ETU1147,ALG101,12.75
ETU1147,ELEC101,10.4
ETU1147,GEST101,11.86
ETU1147,PROJ101,
ETU1148,MAT101,9.49
ETU1148,PHY101,8.32
ETU1148,PROG101,8.65
ETU1148,STAT101,12.92
ETU1148,ANG101,10.75
ETU1148,DATA101,11.82
ETU1148,ALG101,11.63
ETU1148,ELEC101,10.93
ETU1148,GEST101,12.75
ETU1148,PROJ101,12.7
ETU1149,MAT101,7.33
ETU1149,PHY101,7.74
ETU1149,PROG101,11.69
ETU1149,STAT101,7.93
ETU1149,ANG101,10.16
ETU1149,DATA101,10.51
ETU1149,ALG101,12.0
ETU1149,ELEC101,10.58
ETU1149,GEST101,7.98
ETU1149,PROJ101,10.99
ETU1150,MAT101,12.56
ETU1150,PHY101,11.18
ETU1150,PROG101,12.85
ETU1150,STAT101,11.04
ETU1150,ANG101,13.25
ETU1150,DATA101,11.87
ETU1150,ALG101,8.39
ETU1150,ELEC101,12.1
ETU1150,GEST101,12.61
ETU1150,PROJ101,17.02
ETU1151,MAT101,8.52
ETU1151,PHY101,7.81
ETU1151,PROG101,8.49
ETU1151,STAT101,7.86
ETU1151,ANG101,7.28
ETU1151,DATA101,10.69
ETU1151,ALG101,11.26
ETU1151,ELEC101,7.0
ETU1151,GEST101,11.76
ETU1151,PROJ101,14.98
ETU1152,MAT101,16.55
ETU1152,PHY101,14.92
ETU1152,PROG101,10.96
ETU1152,STAT101,10.54
ETU1152,ANG101,15.31
ETU1152,DATA101,13.32
ETU1152,ALG101,8.71
ETU1152,ELEC101,11.48
ETU1152,GEST101,14.91
ETU1152,PROJ101,13.79
ETU1153,MAT101,17.62
ETU1153,PHY101,15.03
ETU1153,PROG101,17.44
ETU1153,STAT101,19.21
ETU1153,ANG101,18.15
ETU1153,DATA101,
ETU1153,ALG101,17.87
ETU1153,ELEC101,18.27
ETU1153,GEST101,20.0
ETU1153,PROJ101,20.0
ETU1154,MAT101,12.97
ETU1154,PHY101,12.99
ETU1154,PROG101,11.58
ETU1154,STAT101,14.57
ETU1154,ANG101,14.65
ETU1154,DATA101,14.7
ETU1154,ALG101,14.67
ETU1154,ELEC101,15.04
ETU1154,GEST101,15.82
ETU1154,PROJ101,16.18
ETU1155,MAT101,13.97
ETU1155,PHY101,12.9
ETU1155,PROG101,15.77
ETU1155,STAT101,13.5
ETU1155,ANG101,17.92
ETU1155,DATA101,12.05
ETU1155,ALG101,12.79
ETU1155,ELEC101,11.74
ETU1155,GEST101,14.87
ETU1155,PROJ101,12.85
ETU1156,MAT101,13.02
ETU1156,PHY101,8.0
ETU1156,PROG101,10.2
ETU1156,STAT101,8.72
ETU1156,ANG101,12.26
ETU1156,DATA101,12.3
ETU1156,ALG101,8.24
ETU1156,ELEC101,10.18
ETU1156,GEST101,14.48
ETU1156,PROJ101,15.51
ETU1157,MAT101,7.84
ETU1157,PHY101,1.37
ETU1157,PROG101,7.19
ETU1157,STAT101,9.02
ETU1157,ANG101,6.87
ETU1157,DATA101,4.72
ETU1157,ALG101,8.75
ETU1157,ELEC101,8.68
ETU1157,GEST101,7.48
ETU1157,PROJ101,5.54
ETU1158,MAT101,4.61
ETU1158,PHY101,8.27
ETU1158,PROG101,7.35
ETU1158,STAT101,8.05
ETU1158,ANG101,9.04
ETU1158,DATA101,6.98
ETU1158,ALG101,4.71
ETU1158,ELEC101,6.82
ETU1158,GEST101,9.37
ETU1158,PROJ101,9.87
ETU1159,MAT101,13.31
ETU1159,PHY101,16.91
ETU1159,PROG101,13.19
ETU1159,STAT101,9.95
ETU1159,ANG101,18.15
ETU1159,DATA101,15.68
ETU1159,ALG101,14.01
ETU1159,ELEC101,15.41
ETU1159,GEST101,15.39
ETU1159,PROJ101,13.44
ETU1160,MAT101,6.6
ETU1160,PHY101,6.67
ETU1160,PROG101,9.38
ETU1160,STAT101,8.47
ETU1160,ANG101,12.71
ETU1160,DATA101,8.88
ETU1160,ALG101,8.17
ETU1160,ELEC101,7.52
ETU1160,GEST101,8.76
ETU1160,PROJ101,9.22
ETU1161,MAT101,6.93
ETU1161,PHY101,9.51
ETU1161,PROG101,9.9
ETU1161,STAT101,9.42
ETU1161,ANG101,7.83
ETU1161,DATA101,11.07
ETU1161,ALG101,10.68
ETU1161,ELEC101,12.41
ETU1161,GEST101,11.57
ETU1161,PROJ101,14.69
ETU1162,MAT101,9.5
ETU1162,PHY101,13.83
ETU1162,PROG101,12.52
ETU1162,STAT101,11.85
ETU1162,ANG101,11.96
ETU1162,DATA101,10.84
ETU1162,ALG101,9.84
ETU1162,ELEC101,14.01
ETU1162,GEST101,11.6
ETU1162,PROJ101,13.46
ETU1163,MAT101,9.98
ETU1163,PHY101,9.65
ETU1163,PROG101,9.58
ETU1163,STAT101,12.05
ETU1163,ANG101,10.86
ETU1163,DATA101,8.06
ETU1163,ALG101,8.0
ETU1163,ELEC101,5.28
ETU1163,GEST101,10.3
ETU1163,PROJ101,11.3
ETU1164,MAT101,9.46
ETU1164,PHY101,8.76
ETU1164,PROG101,8.41
ETU1164,STAT101,8.36
ETU1164,ANG101,9.57
ETU1164,DATA101,10.88
ETU1164,ALG101,4.56
ETU1164,ELEC101,6.95
ETU1164,GEST101,7.27
ETU1164,PROJ101,13.86
ETU1165,MAT101,13.58
ETU1165,PHY101,9.99
ETU1165,PROG101,9.14
ETU1165,STAT101,9.2
ETU1165,ANG101,14.61
ETU1165,DATA101,8.86
ETU1165,ALG101,11.35
ETU1165,ELEC101,12.54
ETU1165,GEST101,9.92
ETU1165,PROJ101,12.73
ETU1166,MAT101,8.13
ETU1166,PHY101,7.58
ETU1166,PROG101,8.26
ETU1166,STAT101,11.03
ETU1166,ANG101,13.37
ETU1166,DATA101,9.22
ETU1166,ALG101,9.87
ETU1166,ELEC101,8.79
ETU1166,GEST101,6.64
ETU1166,PROJ101,9.95
ETU1167,MAT101,5.5
ETU1167,PHY101,8.06
ETU1167,PROG101,9.98
ETU1167,STAT101,11.06
ETU1167,ANG101,11.38
ETU1167,DATA101,11.98
ETU1167,ALG101,7.84
ETU1167,ELEC101,11.75
ETU1167,GEST101,13.46
ETU1167,PROJ101,7.02
ETU1168,MAT101,6.06
ETU1168,PHY101,8.83
ETU1168,PROG101,8.81
ETU1168,STAT101,8.7
ETU1168,ANG101,11.25
ETU1168,DATA101,11.96
ETU1168,ALG101,7.64
ETU1168,ELEC101,11.33
ETU1168,GEST101,9.01
ETU1168,PROJ101,15.37
ETU1169,MAT101,15.25
ETU1169,PHY101,11.09
ETU1169,PROG101,10.66
ETU1169,STAT101,11.64
ETU1169,ANG101,12.58
ETU1169,DATA101,14.58
ETU1169,ALG101,8.94
ETU1169,ELEC101,9.27
ETU1169,GEST101,14.92
ETU1169,PROJ101,12.6
ETU1170,MAT101,9.71
ETU1170,PHY101,11.95
ETU1170,PROG101,13.39
ETU1170,STAT101,13.47
ETU1170,ANG101,13.57
ETU1170,DATA101,11.03
ETU1170,ALG101,10.26
ETU1170,ELEC101,9.64
ETU1170,GEST101,9.46
ETU1170,PROJ101,10.4
ETU1171,MAT101,13.0
ETU1171,PHY101,9.06
ETU1171,PROG101,9.11
ETU1171,STAT101,13.49
ETU1171,ANG101,9.4
ETU1171,DATA101,11.99
ETU1171,ALG101,6.7
ETU1171,ELEC101,14.03
ETU1171,GEST101,15.16
ETU1171,PROJ101,10.16
ETU1172,MAT101,12.58
ETU1172,PHY101,10.52
ETU1172,PROG101,11.5
ETU1172,STAT101,
ETU1172,ANG101,15.53
ETU1172,DATA101,14.84
ETU1172,ALG101,13.98
ETU1172,ELEC101,12.18
ETU1172,GEST101,15.36
ETU1172,PROJ101,12.0
ETU1173,MAT101,11.32
ETU1173,PHY101,10.6
ETU1173,PROG101,11.04
ETU1173,STAT101,11.7
ETU1173,ANG101,8.36
ETU1173,DATA101,9.73
ETU1173,ALG101,12.14
ETU1173,ELEC101,10.65
ETU1173,GEST101,9.1
ETU1173,PROJ101,12.4
ETU1174,MAT101,9.44
ETU1174,PHY101,12.5
ETU1174,PROG101,8.95
ETU1174,STAT101,8.61
ETU1174,ANG101,12.8
ETU1174,DATA101,10.98
ETU1174,ALG101,10.28
ETU1174,ELEC101,14.89
ETU1174,GEST101,13.03
ETU1174,PROJ101,11.43
ETU1175,MAT101,9.27
ETU1175,PHY101,11.37
ETU1175,PROG101,10.71
ETU1175,STAT101,10.94
ETU1175,ANG101,12.2
ETU1175,DATA101,15.36
ETU1175,ALG101,9.83
ETU1175,ELEC101,14.13
ETU1175,GEST101,14.55
ETU1175,PROJ101,14.92
ETU1176,MAT101,11.08
ETU1176,PHY101,14.24
ETU1176,PROG101,7.96
ETU1176,STAT101,11.16
ETU1176,ANG101,
ETU1176,DATA101,15.93
ETU1176,ALG101,16.57
ETU1176,ELEC101,12.82
ETU1176,GEST101,13.84
ETU1176,PROJ101,13.73
ETU1177,MAT101,15.37
ETU1177,PHY101,11.78
ETU1177,PROG101,9.12
ETU1177,STAT101,13.86
ETU1177,ANG101,
ETU1177,DATA101,6.71
ETU1177,ALG101,9.54
ETU1177,ELEC101,12.81
ETU1177,GEST101,12.95
ETU1177,PROJ101,13.76
ETU1178,MAT101,14.12
ETU1178,PHY101,7.66
ETU1178,PROG101,10.65
ETU1178,STAT101,11.84
ETU1178,ANG101,15.17
ETU1178,DATA101,10.12
ETU1178,ALG101,10.95
ETU1178,ELEC101,11.21
ETU1178,GEST101,11.06
ETU1178,PROJ101,12.98
ETU1179,MAT101,8.86
ETU1179,PHY101,7.79
ETU1179,PROG101,11.46
ETU1179,STAT101,10.66
ETU1179,ANG101,12.36
ETU1179,DATA101,
ETU1179,ALG101,12.66
ETU1179,ELEC101,5.97
ETU1179,GEST101,7.56
ETU1179,PROJ101,12.17
ETU1180,MAT101,8.05
ETU1180,PHY101,7.51
ETU1180,PROG101,8.22
ETU1180,STAT101,11.03
ETU1180,ANG101,14.84
ETU1180,DATA101,11.64
ETU1180,ALG101,8.17
ETU1180,ELEC101,10.42
ETU1180,GEST101,7.3
ETU1180,PROJ101,5.34
ETU1181,MAT101,12.75
ETU1181,PHY101,9.45
ETU1181,PROG101,13.0
ETU1181,STAT101,13.85
ETU1181,ANG101,19.57
ETU1181,DATA101,16.44
ETU1181,ALG101,9.98
ETU1181,ELEC101,9.74
ETU1181,GEST101,12.86
ETU1181,PROJ101,18.55
ETU1182,MAT101,9.02
ETU1182,PHY101,10.63
ETU1182,PROG101,11.62
ETU1182,STAT101,13.48
ETU1182,ANG101,15.57
ETU1182,DATA101,14.37
ETU1182,ALG101,13.08
ETU1182,ELEC101,9.22
ETU1182,GEST101,13.75
ETU1182,PROJ101,16.74
ETU1183,MAT101,15.94
ETU1183,PHY101,12.85
ETU1183,PROG101,9.68
ETU1183,STAT101,13.49
ETU1183,ANG101,13.57
ETU1183,DATA101,10.05
ETU1183,ALG101,10.39
ETU1183,ELEC101,10.32
ETU1183,GEST101,15.0
ETU1183,PROJ101,17.43
ETU1184,MAT101,13.0
ETU1184,PHY101,13.11
ETU1184,PROG101,12.45
ETU1184,STAT101,11.05
ETU1184,ANG101,14.56
ETU1184,DATA101,13.28
ETU1184,ALG101,10.44
ETU1184,ELEC101,12.14
ETU1184,GEST101,13.09
ETU1184,PROJ101,12.86
ETU1185,MAT101,10.07
ETU1185,PHY101,11.78
ETU1185,PROG101,10.89
ETU1185,STAT101,16.01
ETU1185,ANG101,13.81
ETU1185,DATA101,12.92
ETU1185,ALG101,11.12
ETU1185,ELEC101,10.27
ETU1185,GEST101,8.71
ETU1185,PROJ101,11.35
ETU1186,MAT101,9.57
ETU1186,PHY101,9.25
ETU1186,PROG101,11.24
ETU1186,STAT101,15.84
ETU1186,ANG101,17.02
ETU1186,DATA101,12.29
ETU1186,ALG101,10.23
ETU1186,ELEC101,11.87
ETU1186,GEST101,15.6
ETU1186,PROJ101,16.63
ETU1187,MAT101,14.01
ETU1187,PHY101,14.07
ETU1187,PROG101,14.86
ETU1187,STAT101,10.61
ETU1187,ANG101,12.33
ETU1187,DATA101,17.98
ETU1187,ALG101,14.2
ETU1187,ELEC101,9.19
ETU1187,GEST101,15.7
ETU1187,PROJ101,13.28
ETU1188,MAT101,15.78
ETU1188,PHY101,15.22
ETU1188,PROG101,15.54
ETU1188,STAT101,14.21
ETU1188,ANG101,17.82
ETU1188,DATA101,17.37
ETU1188,ALG101,11.87
ETU1188,ELEC101,14.61
ETU1188,GEST101,13.54
ETU1188,PROJ101,12.99
ETU1189,MAT101,13.93
ETU1189,PHY101,12.23
ETU1189,PROG101,12.15
ETU1189,STAT101,9.51
ETU1189,ANG101,15.51
ETU1189,DATA101,17.05
ETU1189,ALG101,9.16
ETU1189,ELEC101,8.33
ETU1189,GEST101,12.1
ETU1189,PROJ101,13.93
ETU1190,MAT101,14.06
ETU1190,PHY101,20.0
ETU1190,PROG101,15.82
ETU1190,STAT101,13.87
ETU1190,ANG101,
ETU1190,DATA101,19.44
ETU1190,ALG101,14.77
ETU1190,ELEC101,17.51
ETU1190,GEST101,12.48
ETU1190,PROJ101,18.66
ETU1191,MAT101,10.16
ETU1191,PHY101,13.14
ETU1191,PROG101,10.85
ETU1191,STAT101,11.21
ETU1191,ANG101,11.06
ETU1191,DATA101,14.28
ETU1191,ALG101,14.03
ETU1191,ELEC101,10.02
ETU1191,GEST101,9.9
ETU1191,PROJ101,16.27
ETU1192,MAT101,11.5
ETU1192,PHY101,12.2
ETU1192,PROG101,11.62
ETU1192,STAT101,14.61
ETU1192,ANG101,15.86
ETU1192,DATA101,16.91
ETU1192,ALG101,15.37
ETU1192,ELEC101,14.8
ETU1192,GEST101,13.89
ETU1192,PROJ101,14.03
ETU1193,MAT101,13.37
ETU1193,PHY101,11.36
ETU1193,PROG101,15.04
ETU1193,STAT101,10.19
ETU1193,ANG101,9.87
ETU1193,DATA101,13.9
ETU1193,ALG101,11.03
ETU1193,ELEC101,9.41
ETU1193,GEST101,17.83
ETU1193,PROJ101,13.57
ETU1194,MAT101,9.08
ETU1194,PHY101,10.2
ETU1194,PROG101,11.96
ETU1194,STAT101,13.26
ETU1194,ANG101,12.01
ETU1194,DATA101,12.33
ETU1194,ALG101,12.63
ETU1194,ELEC101,12.62
ETU1194,GEST101,12.88
ETU1194,PROJ101,17.23
ETU1195,MAT101,10.77
ETU1195,PHY101,10.35
ETU1195,PROG101,11.27
ETU1195,STAT101,12.01
ETU1195,ANG101,11.23
ETU1195,DATA101,8.02
ETU1195,ALG101,10.36
ETU1195,ELEC101,10.23
ETU1195,GEST101,13.27
ETU1195,PROJ101,8.63
ETU1196,MAT101,11.2
ETU1196,PHY101,12.82
ETU1196,PROG101,15.07
ETU1196,STAT101,10.72
ETU1196,ANG101,12.31
ETU1196,DATA101,15.68
ETU1196,ALG101,10.69
ETU1196,ELEC101,11.03
ETU1196,GEST101,16.23
ETU1196,PROJ101,15.93
ETU1197,MAT101,
ETU1197,PHY101,18.15
ETU1197,PROG101,18.72
ETU1197,STAT101,17.46
ETU1197,ANG101,18.1
ETU1197,DATA101,19.16
ETU1197,ALG101,15.22
ETU1197,ELEC101,18.14
ETU1197,GEST101,19.02
ETU1197,PROJ101,19.57
ETU1198,MAT101,8.34
ETU1198,PHY101,12.77
ETU1198,PROG101,9.62
ETU1198,STAT101,9.52
ETU1198,ANG101,11.4
ETU1198,DATA101,12.33
ETU1198,ALG101,10.93
ETU1198,ELEC101,6.86
ETU1198,GEST101,11.43
ETU1198,PROJ101,12.0
ETU1199,MAT101,14.29
ETU1199,PHY101,10.47
ETU1199,PROG101,13.19
ETU1199,STAT101,17.57
ETU1199,ANG101,15.36
ETU1199,DATA101,10.2
ETU1199,ALG101,13.18
ETU1199,ELEC101,12.13
ETU1199,GEST101,11.9
ETU1199,PROJ101,14.61
ETU1200,MAT101,8.03
ETU1200,PHY101,8.47
ETU1200,PROG101,10.44
ETU1200,STAT101,9.56
ETU1200,ANG101,12.91
ETU1200,DATA101,10.79
ETU1200,ALG101,9.26
ETU1200,ELEC101,12.28
ETU1200,GEST101,12.53
ETU1200,PROJ101,8.81
ETU1201,MAT101,7.06
ETU1201,PHY101,8.67
ETU1201,PROG101,8.01
ETU1201,STAT101,12.28
ETU1201,ANG101,10.26
ETU1201,DATA101,11.84
ETU1201,ALG101,14.46
ETU1201,ELEC101,11.29
ETU1201,GEST101,7.33
ETU1201,PROJ101,10.44
ETU1202,MAT101,14.82
ETU1202,PHY101,15.52
ETU1202,PROG101,17.83
ETU1202,STAT101,20.0
ETU1202,ANG101,20.0
ETU1202,DATA101,15.94
ETU1202,ALG101,15.31
ETU1202,ELEC101,18.27
ETU1202,GEST101,16.45
ETU1202,PROJ101,15.68
ETU1203,MAT101,11.53
ETU1203,PHY101,9.85
ETU1203,PROG101,7.25
ETU1203,STAT101,9.15
ETU1203,ANG101,8.39
ETU1203,DATA101,5.34
ETU1203,ALG101,13.53
ETU1203,ELEC101,9.55
ETU1203,GEST101,10.12
ETU1203,PROJ101,10.07
ETU1204,MAT101,10.04
ETU1204,PHY101,8.66
ETU1204,PROG101,8.72
ETU1204,STAT101,9.38
ETU1204,ANG101,14.47
ETU1204,DATA101,12.8
ETU1204,ALG101,
ETU1204,ELEC101,13.91
ETU1204,GEST101,11.07
ETU1204,PROJ101,10.02
ETU1205,MAT101,7.87
ETU1205,PHY101,10.16
ETU1205,PROG101,10.66
ETU1205,STAT101,5.92
ETU1205,ANG101,6.24
ETU1205,DATA101,7.16
ETU1205,ALG101,8.42
ETU1205,ELEC101,8.59
ETU1205,GEST101,10.81
ETU1205,PROJ101,9.08
ETU1206,MAT101,9.71
ETU1206,PHY101,9.26
ETU1206,PROG101,12.15
ETU1206,STAT101,11.29
ETU1206,ANG101,9.21
ETU1206,DATA101,11.51
ETU1206,ALG101,11.5
ETU1206,ELEC101,11.28
ETU1206,GEST101,11.13
ETU1206,PROJ101,11.42
ETU1207,MAT101,6.74
ETU1207,PHY101,6.66
ETU1207,PROG101,11.18
ETU1207,STAT101,7.32
ETU1207,ANG101,
ETU1207,DATA101,8.31
ETU1207,ALG101,8.63
ETU1207,ELEC101,8.71
ETU1207,GEST101,5.99
ETU1207,PROJ101,11.53
ETU1208,MAT101,14.43
ETU1208,PHY101,15.57
ETU1208,PROG101,10.85
ETU1208,STAT101,15.48
ETU1208,ANG101,12.28
ETU1208,DATA101,13.16
ETU1208,ALG101,14.7
ETU1208,ELEC101,10.4
ETU1208,GEST101,13.02
ETU1208,PROJ101,11.72
ETU1209,MAT101,19.0
ETU1209,PHY101,15.54
ETU1209,PROG101,18.23
ETU1209,STAT101,18.65
ETU1209,ANG101,19.63
ETU1209,DATA101,18.73
ETU1209,ALG101,18.13
ETU1209,ELEC101,14.6
ETU1209,GEST101,18.22
ETU1209,PROJ101,19.51
ETU1210,MAT101,10.52
ETU1210,PHY101,9.8
ETU1210,PROG101,9.64
ETU1210,STAT101,11.23
ETU1210,ANG101,12.81
ETU1210,DATA101,10.28
ETU1210,ALG101,12.61
ETU1210,ELEC101,13.27
ETU1210,GEST101,11.62
ETU1210,PROJ101,10.36
ETU1211,MAT101,4.6
ETU1211,PHY101,6.05
ETU1211,PROG101,7.59
ETU1211,STAT101,4.8
ETU1211,ANG101,7.79
ETU1211,DATA101,9.71
ETU1211,ALG101,3.0
ETU1211,ELEC101,6.97
ETU1211,GEST101,7.03
ETU1211,PROJ101,8.55
ETU1212,MAT101,16.9
ETU1212,PHY101,13.23
ETU1212,PROG101,13.93
ETU1212,STAT101,15.3
ETU1212,ANG101,15.75
ETU1212,DATA101,14.65
ETU1212,ALG101,14.52
ETU1212,ELEC101,15.98
ETU1212,GEST101,16.64
ETU1212,PROJ101,14.69
ETU1213,MAT101,12.53
ETU1213,PHY101,8.09
ETU1213,PROG101,10.31
ETU1213,STAT101,10.14
ETU1213,ANG101,10.27
ETU1213,DATA101,13.06
ETU1213,ALG101,8.87
ETU1213,ELEC101,8.94
ETU1213,GEST101,12.73
ETU1213,PROJ101,10.07
ETU1214,MAT101,12.14
ETU1214,PHY101,14.64
ETU1214,PROG101,13.35
ETU1214,STAT101,12.74
ETU1214,ANG101,12.05
ETU1214,DATA101,11.57
ETU1214,ALG101,11.09
ETU1214,ELEC101,17.92
ETU1214,GEST101,12.09
ETU1214,PROJ101,14.2
ETU1215,MAT101,10.33
ETU1215,PHY101,11.53
ETU1215,PROG101,12.75
ETU1215,STAT101,9.29
ETU1215,ANG101,12.23
ETU1215,DATA101,11.07
ETU1215,ALG101,10.81
ETU1215,ELEC101,10.68
ETU1215,GEST101,12.61
ETU1215,PROJ101,11.0
ETU1216,MAT101,12.1
ETU1216,PHY101,13.15
ETU1216,PROG101,9.63
ETU1216,STAT101,14.55
ETU1216,ANG101,10.11
ETU1216,DATA101,10.66
ETU1216,ALG101,9.58
ETU1216,ELEC101,9.58
ETU1216,GEST101,13.04
ETU1216,PROJ101,10.86
ETU1217,MAT101,8.52
ETU1217,PHY101,9.34
ETU1217,PROG101,11.15
ETU1217,STAT101,11.52
ETU1217,ANG101,10.76
ETU1217,DATA101,10.27
ETU1217,ALG101,11.49
ETU1217,ELEC101,11.16
ETU1217,GEST101,13.89
ETU1217,PROJ101,11.21
ETU1218,MAT101,14.32
ETU1218,PHY101,12.69
ETU1218,PROG101,13.01
ETU1218,STAT101,13.36
ETU1218,ANG101,14.83
ETU1218,DATA101,11.56
ETU1218,ALG101,11.1
ETU1218,ELEC101,14.4
ETU1218,GEST101,13.7
ETU1218,PROJ101,15.27
ETU1219,MAT101,11.98
ETU1219,PHY101,10.21
ETU1219,PROG101,12.5
ETU1219,STAT101,11.08
ETU1219,ANG101,12.38
ETU1219,DATA101,13.88
ETU1219,ALG101,10.49
ETU1219,ELEC101,11.87
ETU1219,GEST101,9.07
ETU1219,PROJ101,12.63
ETU1220,MAT101,12.94
ETU1220,PHY101,14.5
ETU1220,PROG101,7.96
ETU1220,STAT101,9.53
ETU1220,ANG101,9.52
ETU1220,DATA101,10.47
ETU1220,ALG101,11.91
ETU1220,ELEC101,12.26
ETU1220,GEST101,13.73
ETU1220,PROJ101,8.69
ETU1221,MAT101,10.8
ETU1221,PHY101,9.22
ETU1221,PROG101,11.03
ETU1221,STAT101,10.08
ETU1221,ANG101,9.46
ETU1221,DATA101,
ETU1221,ALG101,9.43
ETU1221,ELEC101,9.35
ETU1221,GEST101,14.93
ETU1221,PROJ101,9.24
ETU1222,MAT101,8.81
ETU1222,PHY101,9.7
ETU1222,PROG101,11.45
ETU1222,STAT101,8.96
ETU1222,ANG101,10.89
ETU1222,DATA101,10.8
ETU1222,ALG101,7.89
ETU1222,ELEC101,5.97
ETU1222,GEST101,12.32
ETU1222,PROJ101,10.76
ETU1223,MAT101,12.35
ETU1223,PHY101,9.3
ETU1223,PROG101,8.54
ETU1223,STAT101,
ETU1223,ANG101,9.23
ETU1223,DATA101,13.13
ETU1223,ALG101,11.07
ETU1223,ELEC101,11.12
ETU1223,GEST101,16.08
ETU1223,PROJ101,12.48
ETU1224,MAT101,6.75
ETU1224,PHY101,4.92
ETU1224,PROG101,7.93
ETU1224,STAT101,7.23
ETU1224,ANG101,8.15
ETU1224,DATA101,9.47
ETU1224,ALG101,3.71
ETU1224,ELEC101,2.83
ETU1224,GEST101,5.44
ETU1224,PROJ101,8.54
ETU1225,MAT101,11.07
ETU1225,PHY101,4.15
ETU1225,PROG101,11.74
ETU1225,STAT101,13.99
ETU1225,ANG101,10.91
ETU1225,DATA101,14.14
ETU1225,ALG101,
ETU1225,ELEC101,12.84
ETU1225,GEST101,13.78
ETU1225,PROJ101,11.01
ETU1226,MAT101,14.99
ETU1226,PHY101,12.24
ETU1226,PROG101,17.47
ETU1226,STAT101,13.02
ETU1226,ANG101,15.8
ETU1226,DATA101,18.03
ETU1226,ALG101,14.59
ETU1226,ELEC101,12.13
ETU1226,GEST101,11.84
ETU1226,PROJ101,11.75
ETU1227,MAT101,12.97
ETU1227,PHY101,11.58
ETU1227,PROG101,10.4
ETU1227,STAT101,13.86
ETU1227,ANG101,15.03
ETU1227,DATA101,12.64
ETU1227,ALG101,15.29
ETU1227,ELEC101,8.42
ETU1227,GEST101,12.42
ETU1227,PROJ101,14.79
ETU1228,MAT101,10.66
ETU1228,PHY101,14.22
ETU1228,PROG101,15.85
ETU1228,STAT101,8.04
ETU1228,ANG101,17.42
ETU1228,DATA101,14.61
ETU1228,ALG101,11.93
ETU1228,ELEC101,9.66
ETU1228,GEST101,16.01
ETU1228,PROJ101,11.95
ETU1229,MAT101,12.1
ETU1229,PHY101,8.42
ETU1229,PROG101,11.78
ETU1229,STAT101,13.31
ETU1229,ANG101,11.55
ETU1229,DATA101,15.0
ETU1229,ALG101,12.49
ETU1229,ELEC101,8.76
ETU1229,GEST101,9.5
ETU1229,PROJ101,11.05
ETU1230,MAT101,14.19
ETU1230,PHY101,17.35
ETU1230,PROG101,18.81
ETU1230,STAT101,13.49
ETU1230,ANG101,14.63
ETU1230,DATA101,16.65
ETU1230,ALG101,16.04
ETU1230,ELEC101,16.81
ETU1230,GEST101,18.27
ETU1230,PROJ101,14.13
ETU1231,MAT101,10.5
ETU1231,PHY101,14.59
ETU1231,PROG101,14.8
ETU1231,STAT101,9.81
ETU1231,ANG101,11.27
ETU1231,DATA101,11.26
ETU1231,ALG101,14.98
ETU1231,ELEC101,13.17
ETU1231,GEST101,16.03
ETU1231,PROJ101,13.01
ETU1232,MAT101,13.75
ETU1232,PHY101,12.82
ETU1232,PROG101,14.61
ETU1232,STAT101,11.75
ETU1232,ANG101,12.51
ETU1232,DATA101,10.28
ETU1232,ALG101,11.97
ETU1232,ELEC101,14.47
ETU1232,GEST101,16.5
ETU1232,PROJ101,11.59
ETU1233,MAT101,13.56
ETU1233,PHY101,16.75
ETU1233,PROG101,18.09
ETU1233,STAT101,13.24
ETU1233,ANG101,17.63
ETU1233,DATA101,16.52
ETU1233,ALG101,15.72
ETU1233,ELEC101,10.0
ETU1233,GEST101,13.64
ETU1233,PROJ101,14.93
ETU1234,MAT101,12.81
ETU1234,PHY101,12.78
ETU1234,PROG101,17.91
ETU1234,STAT101,12.85
ETU1234,ANG101,15.51
ETU1234,DATA101,14.73
ETU1234,ALG101,13.3
ETU1234,ELEC101,10.7
ETU1234,GEST101,14.58
ETU1234,PROJ101,10.63
ETU1235,MAT101,11.13
ETU1235,PHY101,5.33
ETU1235,PROG101,11.63
ETU1235,STAT101,9.08
ETU1235,ANG101,9.56
ETU1235,DATA101,12.5
ETU1235,ALG101,9.42
ETU1235,ELEC101,9.97
ETU1235,GEST101,7.91
ETU1235,PROJ101,14.78
ETU1236,MAT101,8.02
ETU1236,PHY101,7.72
ETU1236,PROG101,11.0
ETU1236,STAT101,9.12
ETU1236,ANG101,3.99
ETU1236,DATA101,11.87
ETU1236,ALG101,7.23
ETU1236,ELEC101,10.72
ETU1236,GEST101,8.16
ETU1236,PROJ101,8.09
ETU1237,MAT101,13.26
ETU1237,PHY101,16.57
ETU1237,PROG101,15.51
ETU1237,STAT101,13.8
ETU1237,ANG101,14.72
ETU1237,DATA101,13.3
ETU1237,ALG101,15.59
ETU1237,ELEC101,13.8
ETU1237,GEST101,10.58
ETU1237,PROJ101,11.91
ETU1238,MAT101,13.9
ETU1238,PHY101,10.0
ETU1238,PROG101,13.62
ETU1238,STAT101,14.81
ETU1238,ANG101,15.1
ETU1238,DATA101,10.8
ETU1238,ALG101,10.95
ETU1238,ELEC101,13.47
ETU1238,GEST101,18.09
ETU1238,PROJ101,14.07
ETU1239,MAT101,16.01
ETU1239,PHY101,14.74
ETU1239,PROG101,13.44
ETU1239,STAT101,16.34
ETU1239,ANG101,12.13
ETU1239,DATA101,16.66
ETU1239,ALG101,15.37
ETU1239,ELEC101,12.72
ETU1239,GEST101,13.08
ETU1239,PROJ101,14.7
ETU1240,MAT101,7.32
ETU1240,PHY101,7.97
ETU1240,PROG101,8.74
ETU1240,STAT101,7.95
ETU1240,ANG101,6.79
ETU1240,DATA101,
ETU1240,ALG101,11.33
ETU1240,ELEC101,7.51
ETU1240,GEST101,9.51
ETU1240,PROJ101,9.53
ETU1241,MAT101,12.0
ETU1241,PHY101,7.05
ETU1241,PROG101,7.91
ETU1241,STAT101,10.33
ETU1241,ANG101,10.81
ETU1241,DATA101,10.89
ETU1241,ALG101,10.15
ETU1241,ELEC101,10.7
ETU1241,GEST101,7.37
ETU1241,PROJ101,11.41
ETU1242,MAT101,10.77
ETU1242,PHY101,8.06
ETU1242,PROG101,14.18
ETU1242,STAT101,13.66
ETU1242,ANG101,13.93
ETU1242,DATA101,15.3
ETU1242,ALG101,10.99
ETU1242,ELEC101,13.63
ETU1242,GEST101,13.32
ETU1242,PROJ101,13.88
ETU1243,MAT101,7.23
ETU1243,PHY101,12.84
ETU1243,PROG101,12.59
ETU1243,STAT101,12.67
ETU1243,ANG101,10.63
ETU1243,DATA101,12.44
ETU1243,ALG101,10.94
ETU1243,ELEC101,11.8
ETU1243,GEST101,12.74
ETU1243,PROJ101,16.24
ETU1244,MAT101,9.09
ETU1244,PHY101,8.43
ETU1244,PROG101,6.48
ETU1244,STAT101,7.68
ETU1244,ANG101,7.11
ETU1244,DATA101,9.14
ETU1244,ALG101,6.3
ETU1244,ELEC101,5.13
ETU1244,GEST101,8.09
ETU1244,PROJ101,10.5
ETU1245,MAT101,14.39
ETU1245,PHY101,11.02
ETU1245,PROG101,16.27
ETU1245,STAT101,10.71
ETU1245,ANG101,12.47
ETU1245,DATA101,14.92
ETU1245,ALG101,8.35
ETU1245,ELEC101,12.1
ETU1245,GEST101,12.85
ETU1245,PROJ101,17.32
ETU1246,MAT101,4.26
ETU1246,PHY101,4.17
ETU1246,PROG101,10.97
ETU1246,STAT101,6.18
ETU1246,ANG101,10.39
ETU1246,DATA101,6.35
ETU1246,ALG101,5.3
ETU1246,ELEC101,8.81
ETU1246,GEST101,12.08
ETU1246,PROJ101,10.79
ETU1247,MAT101,7.78
ETU1247,PHY101,8.47
ETU1247,PROG101,7.61
ETU1247,STAT101,7.52
ETU1247,ANG101,8.63
ETU1247,DATA101,8.76
ETU1247,ALG101,9.3
ETU1247,ELEC101,4.0
ETU1247,GEST101,10.06
ETU1247,PROJ101,11.95
ETU1248,MAT101,15.18
ETU1248,PHY101,15.8
ETU1248,PROG101,17.15
ETU1248,STAT101,14.09
ETU1248,ANG101,15.98
ETU1248,DATA101,20.0
ETU1248,ALG101,13.83
ETU1248,ELEC101,16.03
ETU1248,GEST101,13.37
ETU1248,PROJ101,18.11
ETU1249,MAT101,14.53
ETU1249,PHY101,15.83
ETU1249,PROG101,13.78
ETU1249,STAT101,13.11
ETU1249,ANG101,17.42
ETU1249,DATA101,16.76
ETU1249,ALG101,15.83
ETU1249,ELEC101,16.75
ETU1249,GEST101,19.56
ETU1249,PROJ101,15.62
ETU1250,MAT101,7.78
ETU1250,PHY101,5.0
ETU1250,PROG101,5.11
ETU1250,STAT101,8.77
ETU1250,ANG101,7.47
ETU1250,DATA101,8.93
ETU1250,ALG101,8.76
ETU1250,ELEC101,4.51
ETU1250,GEST101,10.07
ETU1250,PROJ101,11.94
ETU1251,MAT101,11.65
ETU1251,PHY101,8.16
ETU1251,PROG101,11.0
ETU1251,STAT101,10.83
ETU1251,ANG101,11.62
ETU1251,DATA101,8.5
ETU1251,ALG101,8.96
ETU1251,ELEC101,9.74
ETU1251,GEST101,12.03
ETU1251,PROJ101,10.84
ETU1252,MAT101,6.38
ETU1252,PHY101,7.18
ETU1252,PROG101,11.03
ETU1252,STAT101,15.23
ETU1252,ANG101,13.66
ETU1252,DATA101,12.54
ETU1252,ALG101,9.9
ETU1252,ELEC101,10.22
ETU1252,GEST101,8.55
ETU1252,PROJ101,11.16
ETU1253,MAT101,16.57
ETU1253,PHY101,15.98
ETU1253,PROG101,15.24
ETU1253,STAT101,15.91
ETU1253,ANG101,17.45
ETU1253,DATA101,15.45
ETU1253,ALG101,17.0
ETU1253,ELEC101,16.04
ETU1253,GEST101,16.21
ETU1253,PROJ101,14.91
ETU1254,MAT101,8.96
ETU1254,PHY101,8.52
ETU1254,PROG101,9.33
ETU1254,STAT101,6.96
ETU1254,ANG101,14.33
ETU1254,DATA101,13.5
ETU1254,ALG101,9.82
ETU1254,ELEC101,10.2
ETU1254,GEST101,12.05
ETU1254,PROJ101,11.25
ETU1255,MAT101,10.59
ETU1255,PHY101,10.89
ETU1255,PROG101,10.99
ETU1255,STAT101,11.87
ETU1255,ANG101,10.1
ETU1255,DATA101,10.72
ETU1255,ALG101,15.89
ETU1255,ELEC101,11.87
ETU1255,GEST101,11.54
ETU1255,PROJ101,9.64
ETU1256,MAT101,15.29
ETU1256,PHY101,16.88
ETU1256,PROG101,17.4
ETU1256,STAT101,11.83
ETU1256,ANG101,13.53
ETU1256,DATA101,12.91
ETU1256,ALG101,16.4
ETU1256,ELEC101,11.94
ETU1256,GEST101,14.42
ETU1256,PROJ101,16.49
ETU1257,MAT101,12.55
ETU1257,PHY101,11.0
ETU1257,PROG101,10.34
ETU1257,STAT101,12.2
ETU1257,ANG101,16.06
ETU1257,DATA101,11.11
ETU1257,ALG101,7.8
ETU1257,ELEC101,8.09
ETU1257,GEST101,9.47
ETU1257,PROJ101,10.28
ETU1258,MAT101,12.35
ETU1258,PHY101,13.33
ETU1258,PROG101,10.87
ETU1258,STAT101,10.79
ETU1258,ANG101,15.79
ETU1258,DATA101,12.79
ETU1258,ALG101,11.52
ETU1258,ELEC101,12.37
ETU1258,GEST101,17.0
ETU1258,PROJ101,16.19
ETU1259,MAT101,8.71
ETU1259,PHY101,10.58
ETU1259,PROG101,
ETU1259,STAT101,11.41
ETU1259,ANG101,12.82
ETU1259,DATA101,5.31
ETU1259,ALG101,4.19
ETU1259,ELEC101,5.08
ETU1259,GEST101,11.04
ETU1259,PROJ101,8.5
ETU1260,MAT101,10.04
ETU1260,PHY101,12.19
ETU1260,PROG101,10.27
ETU1260,STAT101,11.43
ETU1260,ANG101,13.47
ETU1260,DATA101,9.64
ETU1260,ALG101,8.6
ETU1260,ELEC101,10.62
ETU1260,GEST101,12.28
ETU1260,PROJ101,
ETU1261,MAT101,10.87
ETU1261,PHY101,4.46
ETU1261,PROG101,6.1
ETU1261,STAT101,11.12
ETU1261,ANG101,10.45
ETU1261,DATA101,7.41
ETU1261,ALG101,9.51
ETU1261,ELEC101,4.56
ETU1261,GEST101,7.57
ETU1261,PROJ101,2.64
ETU1262,MAT101,8.77
ETU1262,PHY101,7.41
ETU1262,PROG101,8.48
ETU1262,STAT101,10.2
ETU1262,ANG101,12.05
ETU1262,DATA101,8.3
ETU1262,ALG101,5.9
ETU1262,ELEC101,5.12
ETU1262,GEST101,5.52
ETU1262,PROJ101,13.54
ETU1263,MAT101,14.83
ETU1263,PHY101,14.03
ETU1263,PROG101,12.86
ETU1263,STAT101,12.45
ETU1263,ANG101,17.05
ETU1263,DATA101,10.82
ETU1263,ALG101,12.71
ETU1263,ELEC101,15.68
ETU1263,GEST101,13.7
ETU1263,PROJ101,16.32
ETU1264,MAT101,10.87
ETU1264,PHY101,5.36
ETU1264,PROG101,11.49
ETU1264,STAT101,11.48
ETU1264,ANG101,12.13
ETU1264,DATA101,9.43
ETU1264,ALG101,10.85
ETU1264,ELEC101,6.84
ETU1264,GEST101,11.37
ETU1264,PROJ101,14.18
ETU1265,MAT101,13.71
ETU1265,PHY101,12.97
ETU1265,PROG101,8.9
ETU1265,STAT101,7.61
ETU1265,ANG101,12.18
ETU1265,DATA101,11.15
ETU1265,ALG101,11.74
ETU1265,ELEC101,8.79
ETU1265,GEST101,11.61
ETU1265,PROJ101,11.9
ETU1266,MAT101,8.42
ETU1266,PHY101,5.47
ETU1266,PROG101,11.43
ETU1266,STAT101,9.88
ETU1266,ANG101,12.39
ETU1266,DATA101,12.22
ETU1266,ALG101,9.2
ETU1266,ELEC101,10.55
ETU1266,GEST101,13.85
ETU1266,PROJ101,15.04
ETU1267,MAT101,11.21
ETU1267,PHY101,11.07
ETU1267,PROG101,11.87
ETU1267,STAT101,12.02
ETU1267,ANG101,14.19
ETU1267,DATA101,11.93
ETU1267,ALG101,14.85
ETU1267,ELEC101,14.06
ETU1267,GEST101,11.93
ETU1267,PROJ101,12.32
ETU1268,MAT101,11.0
ETU1268,PHY101,
ETU1268,PROG101,12.03
ETU1268,STAT101,11.21
ETU1268,ANG101,14.64
ETU1268,DATA101,10.51
ETU1268,ALG101,14.29
ETU1268,ELEC101,13.03
ETU1268,GEST101,16.68
ETU1268,PROJ101,14.2
ETU1269,MAT101,15.34
ETU1269,PHY101,8.65
ETU1269,PROG101,16.34
ETU1269,STAT101,16.76
ETU1269,ANG101,15.63
ETU1269,DATA101,13.56
ETU1269,ALG101,14.63
ETU1269,ELEC101,15.66
ETU1269,GEST101,17.36
ETU1269,PROJ101,11.89
ETU1270,MAT101,10.56
ETU1270,PHY101,3.01
ETU1270,PROG101,6.7
ETU1270,STAT101,7.65
ETU1270,ANG101,5.78
ETU1270,DATA101,7.68
ETU1270,ALG101,1.09
ETU1270,ELEC101,0.0
ETU1270,GEST101,8.17
ETU1270,PROJ101,8.26
ETU1271,MAT101,14.2
ETU1271,PHY101,9.67
ETU1271,PROG101,11.85
ETU1271,STAT101,13.05
ETU1271,ANG101,13.59
ETU1271,DATA101,9.87
ETU1271,ALG101,9.89
ETU1271,ELEC101,8.5
ETU1271,GEST101,9.63
ETU1271,PROJ101,12.51
ETU1272,MAT101,11.26
ETU1272,PHY101,13.18
ETU1272,PROG101,12.22
ETU1272,STAT101,12.12
ETU1272,ANG101,11.49
ETU1272,DATA101,14.22
ETU1272,ALG101,8.22
ETU1272,ELEC101,14.1
ETU1272,GEST101,17.82
ETU1272,PROJ101,13.5
ETU1273,MAT101,
ETU1273,PHY101,7.62
ETU1273,PROG101,10.7
ETU1273,STAT101,13.38
ETU1273,ANG101,14.91
ETU1273,DATA101,12.29
ETU1273,ALG101,13.14
ETU1273,ELEC101,9.16
ETU1273,GEST101,
ETU1273,PROJ101,15.83
ETU1274,MAT101,13.7
ETU1274,PHY101,15.62
ETU1274,PROG101,16.7
ETU1274,STAT101,13.73
ETU1274,ANG101,7.37
ETU1274,DATA101,15.46
ETU1274,ALG101,9.99
ETU1274,ELEC101,6.82
ETU1274,GEST101,9.59
ETU1274,PROJ101,16.43
ETU1275,MAT101,13.09
ETU1275,PHY101,12.2
ETU1275,PROG101,14.0
ETU1275,STAT101,8.45
ETU1275,ANG101,13.05
ETU1275,DATA101,11.43
ETU1275,ALG101,12.53
ETU1275,ELEC101,12.21
ETU1275,GEST101,14.41
ETU1275,PROJ101,15.14
ETU1276,MAT101,6.75
ETU1276,PHY101,9.79
ETU1276,PROG101,11.25
ETU1276,STAT101,8.19
ETU1276,ANG101,9.19
ETU1276,DATA101,7.36
ETU1276,ALG101,7.62
ETU1276,ELEC101,
ETU1276,GEST101,8.25
ETU1276,PROJ101,8.95
ETU1277,MAT101,10.18
ETU1277,PHY101,10.56
ETU1277,PROG101,10.61
ETU1277,STAT101,7.98
ETU1277,ANG101,8.66
ETU1277,DATA101,10.92
ETU1277,ALG101,16.57
ETU1277,ELEC101,9.47
ETU1277,GEST101,10.32
ETU1277,PROJ101,13.3
ETU1278,MAT101,10.26
ETU1278,PHY101,7.42
ETU1278,PROG101,10.56
ETU1278,STAT101,12.14
ETU1278,ANG101,11.63
ETU1278,DATA101,12.6
ETU1278,ALG101,12.43
ETU1278,ELEC101,10.07
ETU1278,GEST101,11.83
ETU1278,PROJ101,11.6
ETU1279,MAT101,15.47
ETU1279,PHY101,13.26
ETU1279,PROG101,15.95
ETU1279,STAT101,15.04
ETU1279,ANG101,11.82
ETU1279,DATA101,16.17
ETU1279,ALG101,14.73
ETU1279,ELEC101,16.77
ETU1279,GEST101,12.96
ETU1279,PROJ101,16.37
ETU1280,MAT101,8.37
ETU1280,PHY101,5.33
ETU1280,PROG101,5.76
ETU1280,STAT101,12.86
ETU1280,ANG101,11.39
ETU1280,DATA101,9.73
ETU1280,ALG101,6.31
ETU1280,ELEC101,12.21
ETU1280,GEST101,9.02
ETU1280,PROJ101,11.59
ETU1281,MAT101,11.3
ETU1281,PHY101,14.96
ETU1281,PROG101,11.75
ETU1281,STAT101,10.28
ETU1281,ANG101,13.16
ETU1281,DATA101,12.69
ETU1281,ALG101,17.15
ETU1281,ELEC101,10.81
ETU1281,GEST101,9.75
ETU1281,PROJ101,11.92
ETU1282,MAT101,12.3
ETU1282,PHY101,12.39
ETU1282,PROG101,9.02
ETU1282,STAT101,11.01
ETU1282,ANG101,17.23
ETU1282,DATA101,10.6
ETU1282,ALG101,13.81
ETU1282,ELEC101,10.83
ETU1282,GEST101,12.98
ETU1282,PROJ101,10.15
ETU1283,MAT101,14.81
ETU1283,PHY101,15.55
ETU1283,PROG101,15.96
ETU1283,STAT101,15.24
ETU1283,ANG101,18.05
ETU1283,DATA101,13.38
ETU1283,ALG101,16.15
ETU1283,ELEC101,10.68
ETU1283,GEST101,19.01
ETU1283,PROJ101,16.61
ETU1284,MAT101,12.19
ETU1284,PHY101,4.4
ETU1284,PROG101,12.56
ETU1284,STAT101,9.18
ETU1284,ANG101,12.03
ETU1284,DATA101,12.69
ETU1284,ALG101,10.54
ETU1284,ELEC101,11.42
ETU1284,GEST101,11.01
ETU1284,PROJ101,14.76
ETU1285,MAT101,13.44
ETU1285,PHY101,13.18
ETU1285,PROG101,14.22
ETU1285,STAT101,14.05
ETU1285,ANG101,12.6
ETU1285,DATA101,
ETU1285,ALG101,16.0
ETU1285,ELEC101,15.26
ETU1285,GEST101,16.51
ETU1285,PROJ101,16.29
ETU1286,MAT101,13.39
ETU1286,PHY101,12.89
ETU1286,PROG101,15.07
ETU1286,STAT101,17.17
ETU1286,ANG101,16.37
ETU1286,DATA101,13.17
ETU1286,ALG101,11.61
ETU1286,ELEC101,
ETU1286,GEST101,18.78
ETU1286,PROJ101,12.55
ETU1287,MAT101,12.95
ETU1287,PHY101,11.68
ETU1287,PROG101,10.13
ETU1287,STAT101,11.83
ETU1287,ANG101,10.19
ETU1287,DATA101,11.42
ETU1287,ALG101,11.32
ETU1287,ELEC101,13.56
ETU1287,GEST101,11.72
ETU1287,PROJ101,11.24
ETU1288,MAT101,11.43
ETU1288,PHY101,11.61
ETU1288,PROG101,9.88
ETU1288,STAT101,8.85
ETU1288,ANG101,10.21
ETU1288,DATA101,14.18
ETU1288,ALG101,12.01
ETU1288,ELEC101,9.8
ETU1288,GEST101,14.16
ETU1288,PROJ101,10.77
ETU1289,MAT101,10.23
ETU1289,PHY101,7.66
ETU1289,PROG101,13.25
ETU1289,STAT101,9.0
ETU1289,ANG101,10.24
ETU1289,DATA101,11.97
ETU1289,ALG101,6.0
ETU1289,ELEC101,7.34
ETU1289,GEST101,13.09
ETU1289,PROJ101,9.97
ETU1290,MAT101,15.59
ETU1290,PHY101,10.62
ETU1290,PROG101,7.66
ETU1290,STAT101,5.66
ETU1290,ANG101,15.34
ETU1290,DATA101,11.72
ETU1290,ALG101,10.37
ETU1290,ELEC101,10.71
ETU1290,GEST101,8.14
ETU1290,PROJ101,12.09
ETU1291,MAT101,11.58
ETU1291,PHY101,12.94
ETU1291,PROG101,13.16
ETU1291,STAT101,13.99
ETU1291,ANG101,14.27
ETU1291,DATA101,13.14
ETU1291,ALG101,11.57
ETU1291,ELEC101,9.71
ETU1291,GEST101,10.72
ETU1291,PROJ101,12.28
ETU1292,MAT101,13.17
ETU1292,PHY101,9.34
ETU1292,PROG101,11.08
ETU1292,STAT101,10.7
ETU1292,ANG101,12.38
ETU1292,DATA101,13.57
ETU1292,ALG101,11.33
ETU1292,ELEC101,13.38
ETU1292,GEST101,10.28
ETU1292,PROJ101,14.93
ETU1293,MAT101,14.81
ETU1293,PHY101,11.44
ETU1293,PROG101,10.21
ETU1293,STAT101,13.13
ETU1293,ANG101,13.27
ETU1293,DATA101,13.23
ETU1293,ALG101,13.86
ETU1293,ELEC101,10.78
ETU1293,GEST101,11.86
ETU1293,PROJ101,19.01
ETU1294,MAT101,9.32
ETU1294,PHY101,10.22
ETU1294,PROG101,10.69
ETU1294,STAT101,10.85
ETU1294,ANG101,10.47
ETU1294,DATA101,11.05
ETU1294,ALG101,7.07
ETU1294,ELEC101,4.52
ETU1294,GEST101,7.55
ETU1294,PROJ101,9.53
ETU1295,MAT101,8.06
ETU1295,PHY101,8.36
ETU1295,PROG101,7.86
ETU1295,STAT101,4.67
ETU1295,ANG101,9.3
ETU1295,DATA101,6.53
ETU1295,ALG101,8.77
ETU1295,ELEC101,9.28
ETU1295,GEST101,8.96
ETU1295,PROJ101,
ETU1296,MAT101,16.85
ETU1296,PHY101,20.0
ETU1296,PROG101,18.52
ETU1296,STAT101,18.28
ETU1296,ANG101,17.14
ETU1296,DATA101,15.79
ETU1296,ALG101,19.25
ETU1296,ELEC101,11.6
ETU1296,GEST101,16.39
ETU1296,PROJ101,20.0
ETU1297,MAT101,10.49
ETU1297,PHY101,7.1
ETU1297,PROG101,12.3
ETU1297,STAT101,10.13
ETU1297,ANG101,8.48
ETU1297,DATA101,11.98
ETU1297,ALG101,11.05
ETU1297,ELEC101,10.53
ETU1297,GEST101,12.95
ETU1297,PROJ101,9.79
ETU1298,MAT101,9.84
ETU1298,PHY101,9.15
ETU1298,PROG101,12.11
ETU1298,STAT101,7.88
ETU1298,ANG101,13.32
ETU1298,DATA101,11.66
ETU1298,ALG101,9.06
ETU1298,ELEC101,8.98
ETU1298,GEST101,5.56
ETU1298,PROJ101,10.72
ETU1299,MAT101,16.43
ETU1299,PHY101,13.97
ETU1299,PROG101,17.84
ETU1299,STAT101,16.12
ETU1299,ANG101,20.0
ETU1299,DATA101,14.25
ETU1299,ALG101,16.41
ETU1299,ELEC101,11.82
ETU1299,GEST101,15.66
ETU1299,PROJ101,17.55
ETU1300,MAT101,13.36
ETU1300,PHY101,10.82
ETU1300,PROG101,15.11
ETU1300,STAT101,15.21
ETU1300,ANG101,11.98
ETU1300,DATA101,12.33
ETU1300,ALG101,11.51
ETU1300,ELEC101,10.6
ETU1300,GEST101,15.96
ETU1300,PROJ101,16.33
ETU1301,MAT101,12.15
ETU1301,PHY101,13.68
ETU1301,PROG101,15.6
ETU1301,STAT101,13.47
ETU1301,ANG101,13.5
ETU1301,DATA101,11.91
ETU1301,ALG101,14.39
ETU1301,ELEC101,9.76
ETU1301,GEST101,13.25
ETU1301,PROJ101,13.29
ETU1302,MAT101,7.98
ETU1302,PHY101,10.3
ETU1302,PROG101,11.1
ETU1302,STAT101,9.13
ETU1302,ANG101,15.07
ETU1302,DATA101,13.15
ETU1302,ALG101,11.07
ETU1302,ELEC101,12.49
ETU1302,GEST101,14.42
ETU1302,PROJ101,15.28
ETU1303,MAT101,8.89
ETU1303,PHY101,11.92
ETU1303,PROG101,10.64
ETU1303,STAT101,11.07
ETU1303,ANG101,10.48
ETU1303,DATA101,11.1
ETU1303,ALG101,12.45
ETU1303,ELEC101,13.61
ETU1303,GEST101,11.29
ETU1303,PROJ101,10.02
ETU1304,MAT101,14.58
ETU1304,PHY101,8.9
ETU1304,PROG101,7.94
ETU1304,STAT101,9.83
ETU1304,ANG101,7.59
ETU1304,DATA101,13.82
ETU1304,ALG101,7.08
ETU1304,ELEC101,8.87
ETU1304,GEST101,9.5
ETU1304,PROJ101,12.55
ETU1305,MAT101,11.05
ETU1305,PHY101,8.25
ETU1305,PROG101,5.53
ETU1305,STAT101,12.6
ETU1305,ANG101,9.78
ETU1305,DATA101,10.42
ETU1305,ALG101,4.61
ETU1305,ELEC101,11.61
ETU1305,GEST101,7.96
ETU1305,PROJ101,5.86
ETU1306,MAT101,11.41
ETU1306,PHY101,12.68
ETU1306,PROG101,12.94
ETU1306,STAT101,12.5
ETU1306,ANG101,13.54
ETU1306,DATA101,12.02
ETU1306,ALG101,7.97
ETU1306,ELEC101,10.3
ETU1306,GEST101,11.42
ETU1306,PROJ101,15.42
ETU1307,MAT101,14.23
ETU1307,PHY101,10.64
ETU1307,PROG101,14.3
ETU1307,STAT101,12.09
ETU1307,ANG101,9.96
ETU1307,DATA101,7.96
ETU1307,ALG101,13.52
ETU1307,ELEC101,9.54
ETU1307,GEST101,10.93
ETU1307,PROJ101,12.06
ETU1308,MAT101,17.41
ETU1308,PHY101,18.01
ETU1308,PROG101,18.95
ETU1308,STAT101,12.59
ETU1308,ANG101,15.92
ETU1308,DATA101,14.9
ETU1308,ALG101,17.61
ETU1308,ELEC101,12.29
ETU1308,GEST101,15.65
ETU1308,PROJ101,17.28
ETU1309,MAT101,13.03
ETU1309,PHY101,11.18
ETU1309,PROG101,12.79
ETU1309,STAT101,11.32
ETU1309,ANG101,14.97
ETU1309,DATA101,14.5
ETU1309,ALG101,12.69
ETU1309,ELEC101,13.51
ETU1309,GEST101,18.19
ETU1309,PROJ101,14.59
ETU1310,MAT101,5.02
ETU1310,PHY101,5.55
ETU1310,PROG101,8.36
ETU1310,STAT101,4.56
ETU1310,ANG101,3.95
ETU1310,DATA101,4.89
ETU1310,ALG101,6.01
ETU1310,ELEC101,4.78
ETU1310,GEST101,4.4
ETU1310,PROJ101,7.07
ETU1311,MAT101,13.96
ETU1311,PHY101,11.64
ETU1311,PROG101,9.33
ETU1311,STAT101,12.59
ETU1311,ANG101,11.87
ETU1311,DATA101,16.29
ETU1311,ALG101,12.31
ETU1311,ELEC101,9.51
ETU1311,GEST101,13.66
ETU1311,PROJ101,13.05
ETU1312,MAT101,20.0
ETU1312,PHY101,16.05
ETU1312,PROG101,19.25
ETU1312,STAT101,14.5
ETU1312,ANG101,19.15
ETU1312,DATA101,15.82
ETU1312,ALG101,18.02
ETU1312,ELEC101,18.08
ETU1312,GEST101,19.66
ETU1312,PROJ101,17.95
ETU1313,MAT101,13.76
ETU1313,PHY101,15.61
ETU1313,PROG101,17.87
ETU1313,STAT101,14.14
ETU1313,ANG101,17.47
ETU1313,DATA101,12.48
ETU1313,ALG101,12.91
ETU1313,ELEC101,13.87
ETU1313,GEST101,14.52
ETU1313,PROJ101,14.7
ETU1314,MAT101,11.36
ETU1314,PHY101,6.71
ETU1314,PROG101,7.89
ETU1314,STAT101,6.71
ETU1314,ANG101,11.27
ETU1314,DATA101,9.31
ETU1314,ALG101,11.32
ETU1314,ELEC101,9.38
ETU1314,GEST101,9.2
ETU1314,PROJ101,9.29
ETU1315,MAT101,7.94
ETU1315,PHY101,12.18
ETU1315,PROG101,11.08
ETU1315,STAT101,15.36
ETU1315,ANG101,13.55
ETU1315,DATA101,10.53
ETU1315,ALG101,15.72
ETU1315,ELEC101,12.31
ETU1315,GEST101,15.26
ETU1315,PROJ101,13.27
ETU1316,MAT101,12.14
ETU1316,PHY101,7.3
ETU1316,PROG101,9.38
ETU1316,STAT101,5.96
ETU1316,ANG101,13.57
ETU1316,DATA101,8.75
ETU1316,ALG101,10.2
ETU1316,ELEC101,10.1
ETU1316,GEST101,12.86
ETU1316,PROJ101,11.44
ETU1317,MAT101,7.57
ETU1317,PHY101,9.52
ETU1317,PROG101,9.37
ETU1317,STAT101,7.55
ETU1317,ANG101,12.09
ETU1317,DATA101,9.64
ETU1317,ALG101,5.36
ETU1317,ELEC101,10.83
ETU1317,GEST101,7.76
ETU1317,PROJ101,11.66
ETU1318,MAT101,7.32
ETU1318,PHY101,12.12
ETU1318,PROG101,8.59
ETU1318,STAT101,11.1
ETU1318,ANG101,12.89
ETU1318,DATA101,10.71
ETU1318,ALG101,10.63
ETU1318,ELEC101,8.08
ETU1318,GEST101,13.37
ETU1318,PROJ101,12.52
ETU1319,MAT101,9.76
ETU1319,PHY101,11.84
ETU1319,PROG101,12.91
ETU1319,STAT101,11.97
ETU1319,ANG101,8.16
ETU1319,DATA101,11.55
ETU1319,ALG101,13.48
ETU1319,ELEC101,12.46
ETU1319,GEST101,13.79
ETU1319,PROJ101,13.64
ETU1320,MAT101,8.44
ETU1320,PHY101,
ETU1320,PROG101,5.47
ETU1320,STAT101,10.6
ETU1320,ANG101,6.49
ETU1320,DATA101,4.55
ETU1320,ALG101,6.11
ETU1320,ELEC101,6.44
ETU1320,GEST101,9.65
ETU1320,PROJ101,7.25
ETU1321,MAT101,7.51
ETU1321,PHY101,8.03
ETU1321,PROG101,7.88
ETU1321,STAT101,5.56
ETU1321,ANG101,7.27
ETU1321,DATA101,11.74
ETU1321,ALG101,10.02
ETU1321,ELEC101,8.05
ETU1321,GEST101,10.63
ETU1321,PROJ101,11.49
ETU1322,MAT101,9.99
ETU1322,PHY101,8.89
ETU1322,PROG101,14.4
ETU1322,STAT101,7.14
ETU1322,ANG101,13.98
ETU1322,DATA101,12.51
ETU1322,ALG101,13.66
ETU1322,ELEC101,12.36
ETU1322,GEST101,13.63
ETU1322,PROJ101,10.98
ETU1323,MAT101,11.9
ETU1323,PHY101,10.81
ETU1323,PROG101,9.23
ETU1323,STAT101,10.94
ETU1323,ANG101,9.38
ETU1323,DATA101,6.63
ETU1323,ALG101,10.08
ETU1323,ELEC101,14.91
ETU1323,GEST101,9.38
ETU1323,PROJ101,8.76
ETU1324,MAT101,9.81
ETU1324,PHY101,11.64
ETU1324,PROG101,14.42
ETU1324,STAT101,12.7
ETU1324,ANG101,11.0
ETU1324,DATA101,14.49
ETU1324,ALG101,8.6
ETU1324,ELEC101,9.5
ETU1324,GEST101,12.31
ETU1324,PROJ101,16.21
ETU1325,MAT101,8.3
ETU1325,PHY101,8.08
ETU1325,PROG101,6.05
ETU1325,STAT101,7.42
ETU1325,ANG101,11.57
ETU1325,DATA101,9.67
ETU1325,ALG101,9.79
ETU1325,ELEC101,7.87
ETU1325,GEST101,11.3
ETU1325,PROJ101,6.94
ETU1326,MAT101,12.72
ETU1326,PHY101,13.91
ETU1326,PROG101,10.43
ETU1326,STAT101,8.13
ETU1326,ANG101,18.52
ETU1326,DATA101,14.15
ETU1326,ALG101,9.75
ETU1326,ELEC101,13.09
ETU1326,GEST101,11.76
ETU1326,PROJ101,12.81
ETU1327,MAT101,10.59
ETU1327,PHY101,6.76
ETU1327,PROG101,7.74
ETU1327,STAT101,5.87
ETU1327,ANG101,8.97
ETU1327,DATA101,9.35
ETU1327,ALG101,7.25
ETU1327,ELEC101,12.56
ETU1327,GEST101,7.21
ETU1327,PROJ101,7.6
ETU1328,MAT101,14.73
ETU1328,PHY101,19.46
ETU1328,PROG101,17.75
ETU1328,STAT101,14.64
ETU1328,ANG101,15.29
ETU1328,DATA101,15.14
ETU1328,ALG101,13.49
ETU1328,ELEC101,14.47
ETU1328,GEST101,16.28
ETU1328,PROJ101,18.55
ETU1329,MAT101,7.73
ETU1329,PHY101,5.58
ETU1329,PROG101,10.66
ETU1329,STAT101,5.63
ETU1329,ANG101,5.23
ETU1329,DATA101,8.07
ETU1329,ALG101,9.23
ETU1329,ELEC101,6.48
ETU1329,GEST101,5.31
ETU1329,PROJ101,8.69
ETU1330,MAT101,8.97
ETU1330,PHY101,8.9
ETU1330,PROG101,9.45
ETU1330,STAT101,11.26
ETU1330,ANG101,7.63
ETU1330,DATA101,3.22
ETU1330,ALG101,4.73
ETU1330,ELEC101,5.5
ETU1330,GEST101,11.42
ETU1330,PROJ101,9.3
ETU1331,MAT101,15.71
ETU1331,PHY101,9.61
ETU1331,PROG101,16.35
ETU1331,STAT101,10.76
ETU1331,ANG101,13.39
ETU1331,DATA101,9.59
ETU1331,ALG101,15.5
ETU1331,ELEC101,11.97
ETU1331,GEST101,18.24
ETU1331,PROJ101,16.28
ETU1332,MAT101,15.08
ETU1332,PHY101,13.7
ETU1332,PROG101,18.19
ETU1332,STAT101,15.93
ETU1332,ANG101,15.4
ETU1332,DATA101,16.58
ETU1332,ALG101,11.61
ETU1332,ELEC101,16.21
ETU1332,GEST101,18.02
ETU1332,PROJ101,14.69
ETU1333,MAT101,14.68
ETU1333,PHY101,13.85
ETU1333,PROG101,13.4
ETU1333,STAT101,10.35
ETU1333,ANG101,14.95
ETU1333,DATA101,12.05
ETU1333,ALG101,12.67
ETU1333,ELEC101,13.46
ETU1333,GEST101,10.24
ETU1333,PROJ101,10.05
ETU1334,MAT101,11.69
ETU1334,PHY101,16.63
ETU1334,PROG101,18.24
ETU1334,STAT101,13.79
ETU1334,ANG101,16.36
ETU1334,DATA101,13.43
ETU1334,ALG101,13.12
ETU1334,ELEC101,12.07
ETU1334,GEST101,16.34
ETU1334,PROJ101,17.71
ETU1335,MAT101,11.45
ETU1335,PHY101,11.19
ETU1335,PROG101,11.66
ETU1335,STAT101,15.06
ETU1335,ANG101,14.63
ETU1335,DATA101,10.03
ETU1335,ALG101,15.63
ETU1335,ELEC101,6.2
ETU1335,GEST101,15.7
ETU1335,PROJ101,15.13
ETU1336,MAT101,8.74
ETU1336,PHY101,8.39
ETU1336,PROG101,9.05
ETU1336,STAT101,6.91
ETU1336,ANG101,13.99
ETU1336,DATA101,9.43
ETU1336,ALG101,6.77
ETU1336,ELEC101,12.13
ETU1336,GEST101,10.81
ETU1336,PROJ101,11.34
ETU1337,MAT101,14.3
ETU1337,PHY101,11.14
ETU1337,PROG101,9.4
ETU1337,STAT101,11.74
ETU1337,ANG101,9.68
ETU1337,DATA101,9.87
ETU1337,ALG101,10.88
ETU1337,ELEC101,11.88
ETU1337,GEST101,10.01
ETU1337,PROJ101,11.28
ETU1338,MAT101,7.78
ETU1338,PHY101,10.31
ETU1338,PROG101,8.9
ETU1338,STAT101,12.49
ETU1338,ANG101,8.69
ETU1338,DATA101,7.82
ETU1338,ALG101,11.45
ETU1338,ELEC101,9.17
ETU1338,GEST101,14.84
ETU1338,PROJ101,12.76
ETU1339,MAT101,5.37
ETU1339,PHY101,7.68
ETU1339,PROG101,9.33
ETU1339,STAT101,8.78
ETU1339,ANG101,9.16
ETU1339,DATA101,9.23
ETU1339,ALG101,8.75
ETU1339,ELEC101,6.59
ETU1339,GEST101,11.54
ETU1339,PROJ101,
ETU1340,MAT101,13.95
ETU1340,PHY101,12.95
ETU1340,PROG101,12.91
ETU1340,STAT101,13.28
ETU1340,ANG101,14.7
ETU1340,DATA101,11.13
ETU1340,ALG101,14.78
ETU1340,ELEC101,11.32
ETU1340,GEST101,16.78
ETU1340,PROJ101,7.47
ETU1341,MAT101,8.76
ETU1341,PHY101,10.36
ETU1341,PROG101,10.65
ETU1341,STAT101,6.1
ETU1341,ANG101,12.89
ETU1341,DATA101,7.65
ETU1341,ALG101,7.62
ETU1341,ELEC101,7.4
ETU1341,GEST101,6.28
ETU1341,PROJ101,10.46
ETU1342,MAT101,14.56
ETU1342,PHY101,15.01
ETU1342,PROG101,12.52
ETU1342,STAT101,12.47
ETU1342,ANG101,15.36
ETU1342,DATA101,12.68
ETU1342,ALG101,14.98
ETU1342,ELEC101,11.86
ETU1342,GEST101,11.53
ETU1342,PROJ101,14.27
ETU1343,MAT101,4.94
ETU1343,PHY101,8.13
ETU1343,PROG101,9.53
ETU1343,STAT101,6.7
ETU1343,ANG101,10.24
ETU1343,DATA101,8.21
ETU1343,ALG101,6.51
ETU1343,ELEC101,4.49
ETU1343,GEST101,6.35
ETU1343,PROJ101,13.01
ETU1344,MAT101,11.48
ETU1344,PHY101,12.63
ETU1344,PROG101,12.44
ETU1344,STAT101,15.93
ETU1344,ANG101,11.98
ETU1344,DATA101,13.09
ETU1344,ALG101,11.3
ETU1344,ELEC101,14.13
ETU1344,GEST101,14.1
ETU1344,PROJ101,13.81
ETU1345,MAT101,7.5
ETU1345,PHY101,14.37
ETU1345,PROG101,10.46
ETU1345,STAT101,8.41
ETU1345,ANG101,8.31
ETU1345,DATA101,8.0
ETU1345,ALG101,10.35
ETU1345,ELEC101,12.12
ETU1345,GEST101,11.92
ETU1345,PROJ101,8.51
ETU1346,MAT101,15.07
ETU1346,PHY101,17.64
ETU1346,PROG101,14.99
ETU1346,STAT101,15.95
ETU1346,ANG101,15.88
ETU1346,DATA101,16.92
ETU1346,ALG101,13.54
ETU1346,ELEC101,8.4
ETU1346,GEST101,13.74
ETU1346,PROJ101,15.63
ETU1347,MAT101,12.04
ETU1347,PHY101,11.0
ETU1347,PROG101,11.96
ETU1347,STAT101,14.76
ETU1347,ANG101,11.52
ETU1347,DATA101,13.07
ETU1347,ALG101,9.34
ETU1347,ELEC101,13.55
ETU1347,GEST101,13.97
ETU1347,PROJ101,18.33
ETU1348,MAT101,12.32
ETU1348,PHY101,17.9
ETU1348,PROG101,13.27
ETU1348,STAT101,14.13
ETU1348,ANG101,13.31
ETU1348,DATA101,19.86
ETU1348,ALG101,15.67
ETU1348,ELEC101,15.29
ETU1348,GEST101,13.95
ETU1348,PROJ101,11.34
ETU1349,MAT101,8.57
ETU1349,PHY101,7.88
ETU1349,PROG101,6.21
ETU1349,STAT101,9.01
ETU1349,ANG101,10.97
ETU1349,DATA101,11.24
ETU1349,ALG101,5.01
ETU1349,ELEC101,6.55
ETU1349,GEST101,8.84
ETU1349,PROJ101,13.36
ETU1350,MAT101,13.82
ETU1350,PHY101,11.98
ETU1350,PROG101,11.48
ETU1350,STAT101,14.32
ETU1350,ANG101,13.5
ETU1350,DATA101,14.68
ETU1350,ALG101,12.58
ETU1350,ELEC101,7.67
ETU1350,GEST101,7.85
ETU1350,PROJ101,12.17
ETU1351,MAT101,10.63
ETU1351,PHY101,7.27
ETU1351,PROG101,12.48
ETU1351,STAT101,10.72
ETU1351,ANG101,13.05
ETU1351,DATA101,8.73
ETU1351,ALG101,6.89
ETU1351,ELEC101,6.2
ETU1351,GEST101,11.09
ETU1351,PROJ101,6.93
ETU1352,MAT101,6.92
ETU1352,PHY101,8.62
ETU1352,PROG101,11.4
ETU1352,STAT101,8.86
ETU1352,ANG101,14.1
ETU1352,DATA101,13.86
ETU1352,ALG101,4.88
ETU1352,ELEC101,11.0
ETU1352,GEST101,10.25
ETU1352,PROJ101,13.81
ETU1353,MAT101,11.67
ETU1353,PHY101,10.69
ETU1353,PROG101,11.05
ETU1353,STAT101,7.63
ETU1353,ANG101,17.11
ETU1353,DATA101,8.81
ETU1353,ALG101,14.53
ETU1353,ELEC101,11.89
ETU1353,GEST101,10.75
ETU1353,PROJ101,10.84
ETU1354,MAT101,6.04
ETU1354,PHY101,9.2
ETU1354,PROG101,6.66
ETU1354,STAT101,12.23
ETU1354,ANG101,11.5
ETU1354,DATA101,10.15
ETU1354,ALG101,9.82
ETU1354,ELEC101,9.89
ETU1354,GEST101,9.89
ETU1354,PROJ101,10.57
ETU1355,MAT101,12.14
ETU1355,PHY101,10.11
ETU1355,PROG101,10.21
ETU1355,STAT101,7.37
ETU1355,ANG101,5.5
ETU1355,DATA101,10.04
ETU1355,ALG101,8.54
ETU1355,ELEC101,7.45
ETU1355,GEST101,9.18
ETU1355,PROJ101,7.24
ETU1356,MAT101,5.66
ETU1356,PHY101,9.6
ETU1356,PROG101,3.7
ETU1356,STAT101,9.85
ETU1356,ANG101,12.27
ETU1356,DATA101,9.48
ETU1356,ALG101,8.77
ETU1356,ELEC101,5.45
ETU1356,GEST101,7.14
ETU1356,PROJ101,8.32
ETU1357,MAT101,2.31
ETU1357,PHY101,3.08
ETU1357,PROG101,6.11
ETU1357,STAT101,4.49
ETU1357,ANG101,7.1
ETU1357,DATA101,8.28
ETU1357,ALG101,5.78
ETU1357,ELEC101,
ETU1357,GEST101,2.93
ETU1357,PROJ101,9.04
ETU1358,MAT101,5.02
ETU1358,PHY101,7.08
ETU1358,PROG101,6.85
ETU1358,STAT101,4.73
ETU1358,ANG101,10.31
ETU1358,DATA101,10.52
ETU1358,ALG101,11.97
ETU1358,ELEC101,8.91
ETU1358,GEST101,7.9
ETU1358,PROJ101,9.07
ETU1359,MAT101,9.07
ETU1359,PHY101,11.77
ETU1359,PROG101,13.54
ETU1359,STAT101,14.3
ETU1359,ANG101,16.09
ETU1359,DATA101,14.72
ETU1359,ALG101,11.07
ETU1359,ELEC101,10.09
ETU1359,GEST101,15.62
ETU1359,PROJ101,10.34
ETU1360,MAT101,11.51
ETU1360,PHY101,5.18
ETU1360,PROG101,10.39
ETU1360,STAT101,6.13
ETU1360,ANG101,9.86
ETU1360,DATA101,5.37
ETU1360,ALG101,7.38
ETU1360,ELEC101,3.2
ETU1360,GEST101,9.02
ETU1360,PROJ101,6.14
ETU1361,MAT101,5.43
ETU1361,PHY101,6.47
ETU1361,PROG101,7.88
ETU1361,STAT101,9.11
ETU1361,ANG101,10.08
ETU1361,DATA101,8.8
ETU1361,ALG101,9.86
ETU1361,ELEC101,8.32
ETU1361,GEST101,9.88
ETU1361,PROJ101,7.02
ETU1362,MAT101,18.05
ETU1362,PHY101,17.45
ETU1362,PROG101,17.02
ETU1362,STAT101,17.96
ETU1362,ANG101,
ETU1362,DATA101,20.0
ETU1362,ALG101,16.32
ETU1362,ELEC101,15.55
ETU1362,GEST101,
ETU1362,PROJ101,20.0
ETU1363,MAT101,8.39
ETU1363,PHY101,9.99
ETU1363,PROG101,9.24
ETU1363,STAT101,9.74
ETU1363,ANG101,9.29
ETU1363,DATA101,11.32
ETU1363,ALG101,9.82
ETU1363,ELEC101,11.1
ETU1363,GEST101,13.12
ETU1363,PROJ101,13.89
ETU1364,MAT101,11.11
ETU1364,PHY101,12.63
ETU1364,PROG101,15.63
ETU1364,STAT101,10.56
ETU1364,ANG101,13.84
ETU1364,DATA101,11.19
ETU1364,ALG101,16.17
ETU1364,ELEC101,14.71
ETU1364,GEST101,14.5
ETU1364,PROJ101,14.87
ETU1365,MAT101,11.41
ETU1365,PHY101,15.73
ETU1365,PROG101,13.01
ETU1365,STAT101,11.91
ETU1365,ANG101,16.88
ETU1365,DATA101,12.91
ETU1365,ALG101,11.89
ETU1365,ELEC101,14.56
ETU1365,GEST101,11.69
ETU1365,PROJ101,15.77
ETU1366,MAT101,13.25
ETU1366,PHY101,14.32
ETU1366,PROG101,14.67
ETU1366,STAT101,18.69
ETU1366,ANG101,14.95
ETU1366,DATA101,12.96
ETU1366,ALG101,13.21
ETU1366,ELEC101,13.74
ETU1366,GEST101,17.9
ETU1366,PROJ101,15.96
ETU1367,MAT101,5.68
ETU1367,PHY101,15.76
ETU1367,PROG101,10.22
ETU1367,STAT101,5.86
ETU1367,ANG101,6.53
ETU1367,DATA101,5.47
ETU1367,ALG101,7.42
ETU1367,ELEC101,7.11
ETU1367,GEST101,7.13
ETU1367,PROJ101,5.99
ETU1368,MAT101,8.43
ETU1368,PHY101,11.79
ETU1368,PROG101,10.78
ETU1368,STAT101,8.94
ETU1368,ANG101,12.42
ETU1368,DATA101,12.12
ETU1368,ALG101,11.76
ETU1368,ELEC101,10.64
ETU1368,GEST101,11.71
ETU1368,PROJ101,14.91
ETU1369,MAT101,4.9
ETU1369,PHY101,6.32
ETU1369,PROG101,3.87
ETU1369,STAT101,6.64
ETU1369,ANG101,8.96
ETU1369,DATA101,9.66
ETU1369,ALG101,3.43
ETU1369,ELEC101,7.2
ETU1369,GEST101,12.36
ETU1369,PROJ101,2.66
ETU1370,MAT101,18.52
ETU1370,PHY101,14.65
ETU1370,PROG101,17.46
ETU1370,STAT101,18.89
ETU1370,ANG101,17.68
ETU1370,DATA101,18.85
ETU1370,ALG101,18.12
ETU1370,ELEC101,17.15
ETU1370,GEST101,15.95
ETU1370,PROJ101,17.57
ETU1371,MAT101,11.49
ETU1371,PHY101,5.97
ETU1371,PROG101,7.22
ETU1371,STAT101,6.81
ETU1371,ANG101,10.36
ETU1371,DATA101,10.91
ETU1371,ALG101,6.82
ETU1371,ELEC101,6.85
ETU1371,GEST101,8.66
ETU1371,PROJ101,10.72
ETU1372,MAT101,8.48
ETU1372,PHY101,8.41
ETU1372,PROG101,8.05
ETU1372,STAT101,9.48
ETU1372,ANG101,11.28
ETU1372,DATA101,10.73
ETU1372,ALG101,12.68
ETU1372,ELEC101,6.7
ETU1372,GEST101,9.77
ETU1372,PROJ101,9.65
ETU1373,MAT101,12.0
ETU1373,PHY101,9.74
ETU1373,PROG101,5.98
ETU1373,STAT101,7.5
ETU1373,ANG101,9.32
ETU1373,DATA101,6.33
ETU1373,ALG101,8.94
ETU1373,ELEC101,7.26
ETU1373,GEST101,13.81
ETU1373,PROJ101,10.78
ETU1374,MAT101,6.56
ETU1374,PHY101,5.04
ETU1374,PROG101,2.72
ETU1374,STAT101,7.52
ETU1374,ANG101,12.09
ETU1374,DATA101,7.71
ETU1374,ALG101,7.44
ETU1374,ELEC101,12.4
ETU1374,GEST101,10.89
ETU1374,PROJ101,9.53
ETU1375,MAT101,16.48
ETU1375,PHY101,15.25
ETU1375,PROG101,16.13
ETU1375,STAT101,11.7
ETU1375,ANG101,13.98
ETU1375,DATA101,15.91
ETU1375,ALG101,13.12
ETU1375,ELEC101,14.43
ETU1375,GEST101,13.5
ETU1375,PROJ101,18.72
ETU1376,MAT101,15.83
ETU1376,PHY101,15.12
ETU1376,PROG101,15.26
ETU1376,STAT101,19.13
ETU1376,ANG101,18.81
ETU1376,DATA101,20.0
ETU1376,ALG101,16.49
ETU1376,ELEC101,14.91
ETU1376,GEST101,18.42
ETU1376,PROJ101,20.0
ETU1377,MAT101,6.61
ETU1377,PHY101,10.24
ETU1377,PROG101,11.45
ETU1377,STAT101,13.43
ETU1377,ANG101,9.75
ETU1377,DATA101,7.29
ETU1377,ALG101,9.25
ETU1377,ELEC101,11.49
ETU1377,GEST101,11.21
ETU1377,PROJ101,12.58
ETU1378,MAT101,5.59
ETU1378,PHY101,6.94
ETU1378,PROG101,8.59
ETU1378,STAT101,4.96
ETU1378,ANG101,9.37
ETU1378,DATA101,7.85
ETU1378,ALG101,14.01
ETU1378,ELEC101,7.52
ETU1378,GEST101,12.28
ETU1378,PROJ101,10.36
ETU1379,MAT101,5.09
ETU1379,PHY101,8.0
ETU1379,PROG101,3.63
ETU1379,STAT101,4.73
ETU1379,ANG101,8.75
ETU1379,DATA101,1.67
ETU1379,ALG101,5.47
ETU1379,ELEC101,5.05
ETU1379,GEST101,7.09
ETU1379,PROJ101,6.48
ETU1380,MAT101,12.34
ETU1380,PHY101,8.64
ETU1380,PROG101,13.35
ETU1380,STAT101,8.64
ETU1380,ANG101,12.74
ETU1380,DATA101,13.98
ETU1380,ALG101,8.97
ETU1380,ELEC101,9.02
ETU1380,GEST101,13.94
ETU1380,PROJ101,12.52
ETU1381,MAT101,6.92
ETU1381,PHY101,10.51
ETU1381,PROG101,12.45
ETU1381,STAT101,12.95
ETU1381,ANG101,12.5
ETU1381,DATA101,12.25
ETU1381,ALG101,14.14
ETU1381,ELEC101,12.11
ETU1381,GEST101,8.45
ETU1381,PROJ101,11.4
ETU1382,MAT101,9.19
ETU1382,PHY101,11.72
ETU1382,PROG101,13.0
ETU1382,STAT101,10.38
ETU1382,ANG101,11.26
ETU1382,DATA101,9.67
ETU1382,ALG101,12.13
ETU1382,ELEC101,7.63
ETU1382,GEST101,9.75
ETU1382,PROJ101,13.52
ETU1383,MAT101,14.16
ETU1383,PHY101,16.46
ETU1383,PROG101,12.37
ETU1383,STAT101,11.47
ETU1383,ANG101,12.87
ETU1383,DATA101,9.33
ETU1383,ALG101,7.73
ETU1383,ELEC101,12.19
ETU1383,GEST101,12.21
ETU1383,PROJ101,11.83
ETU1384,MAT101,12.45
ETU1384,PHY101,12.59
ETU1384,PROG101,12.68
ETU1384,STAT101,12.33
ETU1384,ANG101,12.94
ETU1384,DATA101,14.57
ETU1384,ALG101,11.33
ETU1384,ELEC101,10.06
ETU1384,GEST101,12.56
ETU1384,PROJ101,14.34
ETU1385,MAT101,13.72
ETU1385,PHY101,
ETU1385,PROG101,12.97
ETU1385,STAT101,15.68
ETU1385,ANG101,12.28
ETU1385,DATA101,11.23
ETU1385,ALG101,13.21
ETU1385,ELEC101,13.13
ETU1385,GEST101,13.68
ETU1385,PROJ101,19.75
ETU1386,MAT101,9.23
ETU1386,PHY101,12.92
ETU1386,PROG101,9.52
ETU1386,STAT101,12.14
ETU1386,ANG101,12.02
ETU1386,DATA101,11.77
ETU1386,ALG101,11.57
ETU1386,ELEC101,10.4
ETU1386,GEST101,11.38
ETU1386,PROJ101,8.33
ETU1387,MAT101,10.36
ETU1387,PHY101,5.48
ETU1387,PROG101,8.3
ETU1387,STAT101,9.38
ETU1387,ANG101,7.61
ETU1387,DATA101,8.93
ETU1387,ALG101,10.29
ETU1387,ELEC101,7.35
ETU1387,GEST101,9.37
ETU1387,PROJ101,8.08
ETU1388,MAT101,12.38
ETU1388,PHY101,10.13
ETU1388,PROG101,14.11
ETU1388,STAT101,10.28
ETU1388,ANG101,13.2
ETU1388,DATA101,13.89
ETU1388,ALG101,12.79
ETU1388,ELEC101,13.59
ETU1388,GEST101,13.97
ETU1388,PROJ101,10.87
ETU1389,MAT101,8.98
ETU1389,PHY101,10.99
ETU1389,PROG101,14.27
ETU1389,STAT101,13.44
ETU1389,ANG101,18.76
ETU1389,DATA101,11.02
ETU1389,ALG101,13.11
ETU1389,ELEC101,12.55
ETU1389,GEST101,15.87
ETU1389,PROJ101,15.55
ETU1390,MAT101,14.15
ETU1390,PHY101,14.51
ETU1390,PROG101,15.08
ETU1390,STAT101,13.79
ETU1390,ANG101,16.15
ETU1390,DATA101,14.73
ETU1390,ALG101,14.04
ETU1390,ELEC101,16.87
ETU1390,GEST101,15.39
ETU1390,PROJ101,15.34
ETU1391,MAT101,12.97
ETU1391,PHY101,12.49
ETU1391,PROG101,11.64
ETU1391,STAT101,13.54
ETU1391,ANG101,17.22
ETU1391,DATA101,12.99
ETU1391,ALG101,18.06
ETU1391,ELEC101,8.63
ETU1391,GEST101,15.51
ETU1391,PROJ101,19.73
ETU1392,MAT101,8.0
ETU1392,PHY101,10.71
ETU1392,PROG101,6.92
ETU1392,STAT101,5.27
ETU1392,ANG101,8.61
ETU1392,DATA101,7.59
ETU1392,ALG101,4.44
ETU1392,ELEC101,7.56
ETU1392,GEST101,7.82
ETU1392,PROJ101,12.12
ETU1393,MAT101,7.76
ETU1393,PHY101,5.64
ETU1393,PROG101,8.19
ETU1393,STAT101,8.22
ETU1393,ANG101,10.24
ETU1393,DATA101,8.39
ETU1393,ALG101,12.13
ETU1393,ELEC101,4.9
ETU1393,GEST101,7.76
ETU1393,PROJ101,7.55
ETU1394,MAT101,8.61
ETU1394,PHY101,9.64
ETU1394,PROG101,10.49
ETU1394,STAT101,10.75
ETU1394,ANG101,11.01
ETU1394,DATA101,
ETU1394,ALG101,9.75
ETU1394,ELEC101,8.22
ETU1394,GEST101,
ETU1394,PROJ101,9.28
ETU1395,MAT101,9.78
ETU1395,PHY101,4.04
ETU1395,PROG101,9.51
ETU1395,STAT101,10.48
ETU1395,ANG101,12.25
ETU1395,DATA101,4.59
ETU1395,ALG101,7.9
ETU1395,ELEC101,6.8
ETU1395,GEST101,8.73
ETU1395,PROJ101,12.83
ETU1396,MAT101,11.73
ETU1396,PHY101,14.58
ETU1396,PROG101,14.25
ETU1396,STAT101,12.46
ETU1396,ANG101,13.46
ETU1396,DATA101,14.56
ETU1396,ALG101,13.27
ETU1396,ELEC101,9.57
ETU1396,GEST101,12.47
ETU1396,PROJ101,15.41
ETU1397,MAT101,9.66
ETU1397,PHY101,13.85
ETU1397,PROG101,9.82
ETU1397,STAT101,11.92
ETU1397,ANG101,15.01
ETU1397,DATA101,10.87
ETU1397,ALG101,9.73
ETU1397,ELEC101,12.9
ETU1397,GEST101,15.1
ETU1397,PROJ101,13.36
ETU1398,MAT101,13.25
ETU1398,PHY101,
ETU1398,PROG101,14.95
ETU1398,STAT101,10.69
ETU1398,ANG101,18.36
ETU1398,DATA101,14.6
ETU1398,ALG101,12.4
ETU1398,ELEC101,12.64
ETU1398,GEST101,15.61
ETU1398,PROJ101,14.75
ETU1399,MAT101,12.23
ETU1399,PHY101,
ETU1399,PROG101,15.27
ETU1399,STAT101,11.35
ETU1399,ANG101,9.52
ETU1399,DATA101,12.29
ETU1399,ALG101,10.95
ETU1399,ELEC101,14.22
ETU1399,GEST101,11.58
ETU1399,PROJ101,12.9
ETU1400,MAT101,12.15
ETU1400,PHY101,12.67
ETU1400,PROG101,15.41
ETU1400,STAT101,10.35
ETU1400,ANG101,15.93
ETU1400,DATA101,14.64
ETU1400,ALG101,10.43
ETU1400,ELEC101,9.81
ETU1400,GEST101,13.78
ETU1400,PROJ101,13.29
ETU1401,MAT101,15.15
ETU1401,PHY101,13.34
ETU1401,PROG101,15.17
ETU1401,STAT101,14.37
ETU1401,ANG101,16.62
ETU1401,DATA101,13.32
ETU1401,ALG101,14.83
ETU1401,ELEC101,17.03
ETU1401,GEST101,18.29
ETU1401,PROJ101,16.46
ETU1402,MAT101,10.58
ETU1402,PHY101,16.12
ETU1402,PROG101,13.93
ETU1402,STAT101,16.46
ETU1402,ANG101,14.81
ETU1402,DATA101,8.37
ETU1402,ALG101,16.6
ETU1402,ELEC101,13.98
ETU1402,GEST101,13.69
ETU1402,PROJ101,10.52
ETU1403,MAT101,13.38
ETU1403,PHY101,11.95
ETU1403,PROG101,16.78
ETU1403,STAT101,15.15
ETU1403,ANG101,16.53
ETU1403,DATA101,12.66
ETU1403,ALG101,11.97
ETU1403,ELEC101,12.07
ETU1403,GEST101,11.27
ETU1403,PROJ101,13.11
ETU1404,MAT101,14.76
ETU1404,PHY101,17.37
ETU1404,PROG101,18.84
ETU1404,STAT101,16.81
ETU1404,ANG101,14.92
ETU1404,DATA101,20.0
ETU1404,ALG101,17.24
ETU1404,ELEC101,15.59
ETU1404,GEST101,17.5
ETU1404,PROJ101,13.91
ETU1405,MAT101,11.21
ETU1405,PHY101,14.02
ETU1405,PROG101,9.37
ETU1405,STAT101,8.92
ETU1405,ANG101,
ETU1405,DATA101,13.39
ETU1405,ALG101,8.89
ETU1405,ELEC101,10.83
ETU1405,GEST101,13.44
ETU1405,PROJ101,13.59
ETU1406,MAT101,11.32
ETU1406,PHY101,9.49
ETU1406,PROG101,11.7
ETU1406,STAT101,12.17
ETU1406,ANG101,13.19
ETU1406,DATA101,10.65
ETU1406,ALG101,12.27
ETU1406,ELEC101,8.36
ETU1406,GEST101,10.39
ETU1406,PROJ101,14.01
ETU1407,MAT101,10.64
ETU1407,PHY101,8.34
ETU1407,PROG101,8.46
ETU1407,STAT101,8.31
ETU1407,ANG101,11.88
ETU1407,DATA101,10.76
ETU1407,ALG101,7.84
ETU1407,ELEC101,10.42
ETU1407,GEST101,9.75
ETU1407,PROJ101,8.83
ETU1408,MAT101,12.22
ETU1408,PHY101,13.02
ETU1408,PROG101,15.25
ETU1408,STAT101,14.7
ETU1408,ANG101,14.42
ETU1408,DATA101,14.36
ETU1408,ALG101,12.94
ETU1408,ELEC101,11.45
ETU1408,GEST101,14.2
ETU1408,PROJ101,11.11
ETU1409,MAT101,17.56
ETU1409,PHY101,14.59
ETU1409,PROG101,16.14
ETU1409,STAT101,13.42
ETU1409,ANG101,16.37
ETU1409,DATA101,16.01
ETU1409,ALG101,14.24
ETU1409,ELEC101,13.94
ETU1409,GEST101,13.14
ETU1409,PROJ101,19.92
ETU1410,MAT101,9.74
ETU1410,PHY101,9.68
ETU1410,PROG101,15.07
ETU1410,STAT101,12.49
ETU1410,ANG101,14.11
ETU1410,DATA101,9.28
ETU1410,ALG101,11.7
ETU1410,ELEC101,8.3
ETU1410,GEST101,10.66
ETU1410,PROJ101,16.94
ETU1411,MAT101,12.65
ETU1411,PHY101,15.74
ETU1411,PROG101,13.52
ETU1411,STAT101,13.34
ETU1411,ANG101,20.0
ETU1411,DATA101,15.31
ETU1411,ALG101,12.08
ETU1411,ELEC101,15.93
ETU1411,GEST101,18.45
ETU1411,PROJ101,17.93
ETU1412,MAT101,5.81
ETU1412,PHY101,5.57
ETU1412,PROG101,5.81
ETU1412,STAT101,4.2
ETU1412,ANG101,8.34
ETU1412,DATA101,6.51
ETU1412,ALG101,3.73
ETU1412,ELEC101,5.83
ETU1412,GEST101,5.97
ETU1412,PROJ101,8.32
ETU1413,MAT101,11.49
ETU1413,PHY101,10.1
ETU1413,PROG101,11.8
ETU1413,STAT101,11.58
ETU1413,ANG101,14.56
ETU1413,DATA101,11.83
ETU1413,ALG101,10.33
ETU1413,ELEC101,10.39
ETU1413,GEST101,15.96
ETU1413,PROJ101,10.94
ETU1414,MAT101,10.76
ETU1414,PHY101,10.43
ETU1414,PROG101,11.52
ETU1414,STAT101,8.14
ETU1414,ANG101,10.36
ETU1414,DATA101,11.42
ETU1414,ALG101,10.28
ETU1414,ELEC101,11.53
ETU1414,GEST101,14.62
ETU1414,PROJ101,13.49
ETU1415,MAT101,9.61
ETU1415,PHY101,10.01
ETU1415,PROG101,10.49
ETU1415,STAT101,9.64
ETU1415,ANG101,12.73
ETU1415,DATA101,4.03
ETU1415,ALG101,8.98
ETU1415,ELEC101,6.85
ETU1415,GEST101,9.43
ETU1415,PROJ101,9.58
ETU1416,MAT101,20.0
ETU1416,PHY101,19.56
ETU1416,PROG101,18.42
ETU1416,STAT101,16.41
ETU1416,ANG101,20.0
ETU1416,DATA101,18.44
ETU1416,ALG101,17.08
ETU1416,ELEC101,17.46
ETU1416,GEST101,18.13
ETU1416,PROJ101,19.97
ETU1417,MAT101,8.6
ETU1417,PHY101,11.69
ETU1417,PROG101,11.26
ETU1417,STAT101,13.27
ETU1417,ANG101,15.04
ETU1417,DATA101,14.83
ETU1417,ALG101,16.28
ETU1417,ELEC101,15.39
ETU1417,GEST101,15.14
ETU1417,PROJ101,14.5
ETU1418,MAT101,7.96
ETU1418,PHY101,5.44
ETU1418,PROG101,13.01
ETU1418,STAT101,8.83
ETU1418,ANG101,17.88
ETU1418,DATA101,8.02
ETU1418,ALG101,12.12
ETU1418,ELEC101,10.41
ETU1418,GEST101,8.61
ETU1418,PROJ101,12.2
ETU1419,MAT101,9.88
ETU1419,PHY101,10.88
ETU1419,PROG101,11.91
ETU1419,STAT101,10.21
ETU1419,ANG101,12.12
ETU1419,DATA101,10.53
ETU1419,ALG101,8.02
ETU1419,ELEC101,11.36
ETU1419,GEST101,15.37
ETU1419,PROJ101,11.43
ETU1420,MAT101,10.01
ETU1420,PHY101,10.24
ETU1420,PROG101,5.88
ETU1420,STAT101,5.92
ETU1420,ANG101,6.72
ETU1420,DATA101,4.64
ETU1420,ALG101,5.83
ETU1420,ELEC101,5.21
ETU1420,GEST101,7.45
ETU1420,PROJ101,7.96
ETU1421,MAT101,6.93
ETU1421,PHY101,10.24
ETU1421,PROG101,9.54
ETU1421,STAT101,7.57
ETU1421,ANG101,10.3
ETU1421,DATA101,10.47
ETU1421,ALG101,12.77
ETU1421,ELEC101,11.96
ETU1421,GEST101,9.45
ETU1421,PROJ101,10.57
ETU1422,MAT101,12.16
ETU1422,PHY101,14.23
ETU1422,PROG101,13.59
ETU1422,STAT101,13.74
ETU1422,ANG101,17.51
ETU1422,DATA101,12.26
ETU1422,ALG101,16.89
ETU1422,ELEC101,14.53
ETU1422,GEST101,17.78
ETU1422,PROJ101,17.0
ETU1423,MAT101,11.61
ETU1423,PHY101,9.42
ETU1423,PROG101,8.26
ETU1423,STAT101,8.75
ETU1423,ANG101,9.58
ETU1423,DATA101,6.5
ETU1423,ALG101,12.01
ETU1423,ELEC101,9.28
ETU1423,GEST101,9.13
ETU1423,PROJ101,15.61
ETU1424,MAT101,14.59
ETU1424,PHY101,6.22
ETU1424,PROG101,9.38
ETU1424,STAT101,8.85
ETU1424,ANG101,8.76
ETU1424,DATA101,12.04
ETU1424,ALG101,5.41
ETU1424,ELEC101,12.56
ETU1424,GEST101,10.48
ETU1424,PROJ101,14.86
ETU1425,MAT101,14.67
ETU1425,PHY101,13.81
ETU1425,PROG101,12.27
ETU1425,STAT101,17.28
ETU1425,ANG101,20.0
ETU1425,DATA101,19.15
ETU1425,ALG101,11.62
ETU1425,ELEC101,17.45
ETU1425,GEST101,15.21
ETU1425,PROJ101,16.05
ETU1426,MAT101,14.05
ETU1426,PHY101,13.26
ETU1426,PROG101,15.05
ETU1426,STAT101,13.13
ETU1426,ANG101,19.24
ETU1426,DATA101,
ETU1426,ALG101,15.5
ETU1426,ELEC101,13.85
ETU1426,GEST101,14.89
ETU1426,PROJ101,17.35
ETU1427,MAT101,13.23
ETU1427,PHY101,14.79
ETU1427,PROG101,17.57
ETU1427,STAT101,11.88
ETU1427,ANG101,12.9
ETU1427,DATA101,14.86
ETU1427,ALG101,14.72
ETU1427,ELEC101,17.66
ETU1427,GEST101,10.47
ETU1427,PROJ101,17.34
ETU1428,MAT101,10.45
ETU1428,PHY101,8.87
ETU1428,PROG101,11.81
ETU1428,STAT101,11.33
ETU1428,ANG101,10.72
ETU1428,DATA101,7.67
ETU1428,ALG101,13.42
ETU1428,ELEC101,8.5
ETU1428,GEST101,9.6
ETU1428,PROJ101,10.48
ETU1429,MAT101,12.44
ETU1429,PHY101,9.72
ETU1429,PROG101,10.18
ETU1429,STAT101,11.82
ETU1429,ANG101,12.71
ETU1429,DATA101,10.32
ETU1429,ALG101,7.6
ETU1429,ELEC101,12.19
ETU1429,GEST101,12.45
ETU1429,PROJ101,8.42
ETU1430,MAT101,12.67
ETU1430,PHY101,4.98
ETU1430,PROG101,8.34
ETU1430,STAT101,
ETU1430,ANG101,9.58
ETU1430,DATA101,8.82
ETU1430,ALG101,6.94
ETU1430,ELEC101,9.38
ETU1430,GEST101,12.49
ETU1430,PROJ101,11.15
ETU1431,MAT101,9.4
ETU1431,PHY101,7.8
ETU1431,PROG101,9.67
ETU1431,STAT101,9.86
ETU1431,ANG101,11.73
ETU1431,DATA101,8.17
ETU1431,ALG101,7.32
ETU1431,ELEC101,4.04
ETU1431,GEST101,14.08
ETU1431,PROJ101,14.31
ETU1432,MAT101,8.48
ETU1432,PHY101,8.29
ETU1432,PROG101,12.56
ETU1432,STAT101,6.47
ETU1432,ANG101,8.29
ETU1432,DATA101,12.81
ETU1432,ALG101,8.15
ETU1432,ELEC101,6.33
ETU1432,GEST101,10.76
ETU1432,PROJ101,8.85
ETU1433,MAT101,12.67
ETU1433,PHY101,9.63
ETU1433,PROG101,
ETU1433,STAT101,8.84
ETU1433,ANG101,12.06
ETU1433,DATA101,10.09
ETU1433,ALG101,9.23
ETU1433,ELEC101,11.09
ETU1433,GEST101,14.2
ETU1433,PROJ101,12.57
ETU1434,MAT101,7.12
ETU1434,PHY101,6.14
ETU1434,PROG101,10.78
ETU1434,STAT101,10.19
ETU1434,ANG101,9.3
ETU1434,DATA101,9.05
ETU1434,ALG101,7.43
ETU1434,ELEC101,6.28
ETU1434,GEST101,8.59
ETU1434,PROJ101,5.31
ETU1435,MAT101,9.73
ETU1435,PHY101,4.21
ETU1435,PROG101,7.87
ETU1435,STAT101,3.33
ETU1435,ANG101,9.94
ETU1435,DATA101,9.87
ETU1435,ALG101,7.56
ETU1435,ELEC101,
ETU1435,GEST101,7.05
ETU1435,PROJ101,11.27
ETU1436,MAT101,8.75
ETU1436,PHY101,10.63
ETU1436,PROG101,10.96
ETU1436,STAT101,10.49
ETU1436,ANG101,15.75
ETU1436,DATA101,12.36
ETU1436,ALG101,10.67
ETU1436,ELEC101,12.31
ETU1436,GEST101,13.53
ETU1436,PROJ101,15.27
ETU1437,MAT101,12.78
ETU1437,PHY101,11.39
ETU1437,PROG101,12.53
ETU1437,STAT101,8.97
ETU1437,ANG101,14.18
ETU1437,DATA101,10.8
ETU1437,ALG101,12.53
ETU1437,ELEC101,
ETU1437,GEST101,13.23
ETU1437,PROJ101,12.75
ETU1438,MAT101,14.94
ETU1438,PHY101,16.11
ETU1438,PROG101,16.73
ETU1438,STAT101,17.33
ETU1438,ANG101,15.94
ETU1438,DATA101,16.1
ETU1438,ALG101,
ETU1438,ELEC101,17.36
ETU1438,GEST101,18.78
ETU1438,PROJ101,18.74
ETU1439,MAT101,11.06
ETU1439,PHY101,9.68
ETU1439,PROG101,7.47
ETU1439,STAT101,7.24
ETU1439,ANG101,11.15
ETU1439,DATA101,10.54
ETU1439,ALG101,8.04
ETU1439,ELEC101,7.76
ETU1439,GEST101,10.53
ETU1439,PROJ101,15.72
ETU1440,MAT101,10.0
ETU1440,PHY101,10.91
ETU1440,PROG101,14.56
ETU1440,STAT101,13.74
ETU1440,ANG101,14.15
ETU1440,DATA101,9.25
ETU1440,ALG101,11.73
ETU1440,ELEC101,15.65
ETU1440,GEST101,11.6
ETU1440,PROJ101,11.93
ETU1441,MAT101,15.25
ETU1441,PHY101,11.58
ETU1441,PROG101,9.32
ETU1441,STAT101,10.11
ETU1441,ANG101,12.38
ETU1441,DATA101,13.39
ETU1441,ALG101,11.85
ETU1441,ELEC101,10.09
ETU1441,GEST101,12.88
ETU1441,PROJ101,12.04
ETU1442,MAT101,14.57
ETU1442,PHY101,7.94
ETU1442,PROG101,10.35
ETU1442,STAT101,9.67
ETU1442,ANG101,10.9
ETU1442,DATA101,9.24
ETU1442,ALG101,13.78
ETU1442,ELEC101,15.21
ETU1442,GEST101,12.57
ETU1442,PROJ101,12.78
ETU1443,MAT101,10.06
ETU1443,PHY101,15.81
ETU1443,PROG101,12.26
ETU1443,STAT101,10.15
ETU1443,ANG101,15.84
ETU1443,DATA101,16.23
ETU1443,ALG101,16.29
ETU1443,ELEC101,12.07
ETU1443,GEST101,13.24
ETU1443,PROJ101,15.2
ETU1444,MAT101,12.85
ETU1444,PHY101,14.17
ETU1444,PROG101,14.41
ETU1444,STAT101,9.8
ETU1444,ANG101,12.99
ETU1444,DATA101,17.05
ETU1444,ALG101,14.68
ETU1444,ELEC101,15.26
ETU1444,GEST101,12.72
ETU1444,PROJ101,16.01
ETU1445,MAT101,6.49
ETU1445,PHY101,13.53
ETU1445,PROG101,13.16
ETU1445,STAT101,10.23
ETU1445,ANG101,13.76
ETU1445,DATA101,14.41
ETU1445,ALG101,14.65
ETU1445,ELEC101,8.92
ETU1445,GEST101,13.62
ETU1445,PROJ101,11.1
ETU1446,MAT101,12.13
ETU1446,PHY101,12.39
ETU1446,PROG101,9.37
ETU1446,STAT101,8.62
ETU1446,ANG101,10.85
ETU1446,DATA101,11.05
ETU1446,ALG101,9.29
ETU1446,ELEC101,12.13
ETU1446,GEST101,14.15
ETU1446,PROJ101,12.41
ETU1447,MAT101,8.89
ETU1447,PHY101,9.61
ETU1447,PROG101,11.25
ETU1447,STAT101,10.12
ETU1447,ANG101,11.65
ETU1447,DATA101,13.29
ETU1447,ALG101,8.97
ETU1447,ELEC101,14.32
ETU1447,GEST101,11.81
ETU1447,PROJ101,11.32
ETU1448,MAT101,6.1
ETU1448,PHY101,5.95
ETU1448,PROG101,8.42
ETU1448,STAT101,8.27
ETU1448,ANG101,8.52
ETU1448,DATA101,5.87
ETU1448,ALG101,7.93
ETU1448,ELEC101,6.09
ETU1448,GEST101,5.44
ETU1448,PROJ101,10.58
ETU1449,MAT101,5.95
ETU1449,PHY101,8.1
ETU1449,PROG101,9.63
ETU1449,STAT101,12.13
ETU1449,ANG101,7.29
ETU1449,DATA101,11.47
ETU1449,ALG101,11.21
ETU1449,ELEC101,12.32
ETU1449,GEST101,12.63
ETU1449,PROJ101,10.6
ETU1450,MAT101,6.52
ETU1450,PHY101,10.95
ETU1450,PROG101,13.12
ETU1450,STAT101,6.12
ETU1450,ANG101,8.5
ETU1450,DATA101,10.92
ETU1450,ALG101,11.66
ETU1450,ELEC101,10.64
ETU1450,GEST101,11.5
ETU1450,PROJ101,14.56
ETU1451,MAT101,7.65
ETU1451,PHY101,6.54
ETU1451,PROG101,7.97
ETU1451,STAT101,9.15
ETU1451,ANG101,9.6
ETU1451,DATA101,11.09
ETU1451,ALG101,7.15
ETU1451,ELEC101,8.92
ETU1451,GEST101,11.15
ETU1451,PROJ101,12.72
ETU1452,MAT101,10.07
ETU1452,PHY101,11.0
ETU1452,PROG101,12.72
ETU1452,STAT101,9.82
ETU1452,ANG101,14.54
ETU1452,DATA101,13.81
ETU1452,ALG101,13.03
ETU1452,ELEC101,11.69
ETU1452,GEST101,16.11
ETU1452,PROJ101,12.94
ETU1453,MAT101,16.66
ETU1453,PHY101,12.97
ETU1453,PROG101,12.69
ETU1453,STAT101,14.52
ETU1453,ANG101,16.09
ETU1453,DATA101,15.99
ETU1453,ALG101,10.22
ETU1453,ELEC101,13.45
ETU1453,GEST101,
ETU1453,PROJ101,14.73
ETU1454,MAT101,10.75
ETU1454,PHY101,14.85
ETU1454,PROG101,14.06
ETU1454,STAT101,7.08
ETU1454,ANG101,12.06
ETU1454,DATA101,11.5
ETU1454,ALG101,10.39
ETU1454,ELEC101,
ETU1454,GEST101,10.51
ETU1454,PROJ101,10.89
ETU1455,MAT101,9.31
ETU1455,PHY101,11.08
ETU1455,PROG101,13.2
ETU1455,STAT101,12.09
ETU1455,ANG101,14.95
ETU1455,DATA101,12.13
ETU1455,ALG101,12.39
ETU1455,ELEC101,13.8
ETU1455,GEST101,16.87
ETU1455,PROJ101,11.13
ETU1456,MAT101,9.94
ETU1456,PHY101,7.28
ETU1456,PROG101,10.11
ETU1456,STAT101,6.27
ETU1456,ANG101,12.63
ETU1456,DATA101,7.75
ETU1456,ALG101,10.81
ETU1456,ELEC101,6.0
ETU1456,GEST101,6.79
ETU1456,PROJ101,9.71
ETU1457,MAT101,10.9
ETU1457,PHY101,14.87
ETU1457,PROG101,11.55
ETU1457,STAT101,8.64
ETU1457,ANG101,
ETU1457,DATA101,14.21
ETU1457,ALG101,8.94
ETU1457,ELEC101,12.22
ETU1457,GEST101,14.3
ETU1457,PROJ101,13.78
ETU1458,MAT101,8.12
ETU1458,PHY101,9.62
ETU1458,PROG101,11.01
ETU1458,STAT101,12.25
ETU1458,ANG101,9.75
ETU1458,DATA101,12.28
ETU1458,ALG101,9.39
ETU1458,ELEC101,8.54
ETU1458,GEST101,10.78
ETU1458,PROJ101,6.42
ETU1459,MAT101,8.69
ETU1459,PHY101,8.84
ETU1459,PROG101,14.46
ETU1459,STAT101,12.62
ETU1459,ANG101,12.99
ETU1459,DATA101,13.56
ETU1459,ALG101,15.09
ETU1459,ELEC101,8.78
ETU1459,GEST101,13.86
ETU1459,PROJ101,12.25
ETU1460,MAT101,14.64
ETU1460,PHY101,9.23
ETU1460,PROG101,12.85
ETU1460,STAT101,11.53
ETU1460,ANG101,10.14
ETU1460,DATA101,13.93
ETU1460,ALG101,5.07
ETU1460,ELEC101,8.11
ETU1460,GEST101,11.59
ETU1460,PROJ101,11.7
ETU1461,MAT101,14.69
ETU1461,PHY101,16.77
ETU1461,PROG101,14.68
ETU1461,STAT101,18.94
ETU1461,ANG101,15.86
ETU1461,DATA101,15.27
ETU1461,ALG101,18.68
ETU1461,ELEC101,16.16
ETU1461,GEST101,12.02
ETU1461,PROJ101,14.38
ETU1462,MAT101,10.85
ETU1462,PHY101,13.45
ETU1462,PROG101,14.69
ETU1462,STAT101,10.89
ETU1462,ANG101,10.95
ETU1462,DATA101,11.09
ETU1462,ALG101,11.13
ETU1462,ELEC101,9.95
ETU1462,GEST101,14.53
ETU1462,PROJ101,11.55
ETU1463,MAT101,7.87
ETU1463,PHY101,8.9
ETU1463,PROG101,10.98
ETU1463,STAT101,12.63
ETU1463,ANG101,9.22
ETU1463,DATA101,11.1
ETU1463,ALG101,10.56
ETU1463,ELEC101,10.56
ETU1463,GEST101,10.1
ETU1463,PROJ101,12.32
ETU1464,MAT101,9.68
ETU1464,PHY101,7.01
ETU1464,PROG101,9.17
ETU1464,STAT101,8.05
ETU1464,ANG101,8.04
ETU1464,DATA101,6.24
ETU1464,ALG101,7.02
ETU1464,ELEC101,6.76
ETU1464,GEST101,6.61
ETU1464,PROJ101,10.6
ETU1465,MAT101,13.75
ETU1465,PHY101,11.31
ETU1465,PROG101,12.61
ETU1465,STAT101,11.3
ETU1465,ANG101,13.29
ETU1465,DATA101,13.88
ETU1465,ALG101,12.85
ETU1465,ELEC101,11.58
ETU1465,GEST101,12.07
ETU1465,PROJ101,15.16
ETU1466,MAT101,12.74
ETU1466,PHY101,10.84
ETU1466,PROG101,14.63
ETU1466,STAT101,10.49
ETU1466,ANG101,15.73
ETU1466,DATA101,15.19
ETU1466,ALG101,12.58
ETU1466,ELEC101,12.45
ETU1466,GEST101,16.74
ETU1466,PROJ101,19.5
ETU1467,MAT101,12.07
ETU1467,PHY101,7.57
ETU1467,PROG101,11.51
ETU1467,STAT101,13.09
ETU1467,ANG101,13.25
ETU1467,DATA101,13.44
ETU1467,ALG101,12.52
ETU1467,ELEC101,12.17
ETU1467,GEST101,9.2
ETU1467,PROJ101,12.63
ETU1468,MAT101,15.95
ETU1468,PHY101,15.63
ETU1468,PROG101,19.11
ETU1468,STAT101,
ETU1468,ANG101,14.62
ETU1468,DATA101,16.68
ETU1468,ALG101,15.69
ETU1468,ELEC101,17.0
ETU1468,GEST101,16.67
ETU1468,PROJ101,18.16
ETU1469,MAT101,14.17
ETU1469,PHY101,17.31
ETU1469,PROG101,14.12
ETU1469,STAT101,16.47
ETU1469,ANG101,16.32
ETU1469,DATA101,17.78
ETU1469,ALG101,18.51
ETU1469,ELEC101,14.59
ETU1469,GEST101,12.83
ETU1469,PROJ101,14.31
ETU1470,MAT101,7.75
ETU1470,PHY101,9.23
ETU1470,PROG101,9.92
ETU1470,STAT101,11.21
ETU1470,ANG101,13.79
ETU1470,DATA101,7.74
ETU1470,ALG101,10.66
ETU1470,ELEC101,8.75
ETU1470,GEST101,11.73
ETU1470,PROJ101,11.14
ETU1471,MAT101,11.87
ETU1471,PHY101,7.99
ETU1471,PROG101,9.74
ETU1471,STAT101,10.41
ETU1471,ANG101,11.21
ETU1471,DATA101,10.9
ETU1471,ALG101,7.5
ETU1471,ELEC101,13.17
ETU1471,GEST101,10.56
ETU1471,PROJ101,10.01
ETU1472,MAT101,10.34
ETU1472,PHY101,11.9
ETU1472,PROG101,13.2
ETU1472,STAT101,16.72
ETU1472,ANG101,16.16
ETU1472,DATA101,12.52
ETU1472,ALG101,16.14
ETU1472,ELEC101,15.23
ETU1472,GEST101,11.67
ETU1472,PROJ101,18.6
ETU1473,MAT101,8.04
ETU1473,PHY101,9.03
ETU1473,PROG101,12.34
ETU1473,STAT101,5.87
ETU1473,ANG101,10.25
ETU1473,DATA101,10.44
ETU1473,ALG101,11.37
ETU1473,ELEC101,8.8
ETU1473,GEST101,6.79
ETU1473,PROJ101,14.6
ETU1474,MAT101,14.28
ETU1474,PHY101,14.64
ETU1474,PROG101,12.04
ETU1474,STAT101,17.43
ETU1474,ANG101,14.78
ETU1474,DATA101,13.59
ETU1474,ALG101,16.77
ETU1474,ELEC101,11.34
ETU1474,GEST101,16.17
ETU1474,PROJ101,14.33
ETU1475,MAT101,13.12
ETU1475,PHY101,13.37
ETU1475,PROG101,11.82
ETU1475,STAT101,15.19
ETU1475,ANG101,13.69
ETU1475,DATA101,16.95
ETU1475,ALG101,14.7
ETU1475,ELEC101,12.22
ETU1475,GEST101,8.92
ETU1475,PROJ101,14.0
ETU1476,MAT101,9.34
ETU1476,PHY101,13.9
ETU1476,PROG101,11.36
ETU1476,STAT101,12.67
ETU1476,ANG101,17.36
ETU1476,DATA101,15.37
ETU1476,ALG101,10.23
ETU1476,ELEC101,11.73
ETU1476,GEST101,
ETU1476,PROJ101,16.46
ETU1477,MAT101,15.61
ETU1477,PHY101,13.92
ETU1477,PROG101,14.71
ETU1477,STAT101,13.31
ETU1477,ANG101,15.13
ETU1477,DATA101,13.32
ETU1477,ALG101,14.92
ETU1477,ELEC101,13.92
ETU1477,GEST101,16.43
ETU1477,PROJ101,16.77
ETU1478,MAT101,19.8
ETU1478,PHY101,14.17
ETU1478,PROG101,12.07
ETU1478,STAT101,14.62
ETU1478,ANG101,17.81
ETU1478,DATA101,16.02
ETU1478,ALG101,15.34
ETU1478,ELEC101,14.0
ETU1478,GEST101,17.8
ETU1478,PROJ101,13.9
ETU1479,MAT101,12.86
ETU1479,PHY101,12.6
ETU1479,PROG101,14.54
ETU1479,STAT101,18.56
ETU1479,ANG101,8.63
ETU1479,DATA101,13.6
ETU1479,ALG101,13.42
ETU1479,ELEC101,10.09
ETU1479,GEST101,12.52
ETU1479,PROJ101,12.32
ETU1480,MAT101,12.2
ETU1480,PHY101,13.05
ETU1480,PROG101,9.32
ETU1480,STAT101,12.16
ETU1480,ANG101,15.33
ETU1480,DATA101,10.49
ETU1480,ALG101,6.2
ETU1480,ELEC101,9.0
ETU1480,GEST101,10.19
ETU1480,PROJ101,10.9
ETU1481,MAT101,19.07
ETU1481,PHY101,19.35
ETU1481,PROG101,19.06
ETU1481,STAT101,14.92
ETU1481,ANG101,19.95
ETU1481,DATA101,11.64
ETU1481,ALG101,13.3
ETU1481,ELEC101,16.71
ETU1481,GEST101,15.27
ETU1481,PROJ101,14.45
ETU1482,MAT101,14.6
ETU1482,PHY101,14.35
ETU1482,PROG101,15.56
ETU1482,STAT101,15.41
ETU1482,ANG101,15.99
ETU1482,DATA101,14.38
ETU1482,ALG101,14.15
ETU1482,ELEC101,15.34
ETU1482,GEST101,15.61
ETU1482,PROJ101,14.47
ETU1483,MAT101,8.98
ETU1483,PHY101,10.28
ETU1483,PROG101,
ETU1483,STAT101,12.09
ETU1483,ANG101,14.91
ETU1483,DATA101,10.63
ETU1483,ALG101,11.1
ETU1483,ELEC101,11.01
ETU1483,GEST101,13.49
ETU1483,PROJ101,11.43
ETU1484,MAT101,12.63
ETU1484,PHY101,13.68
ETU1484,PROG101,
ETU1484,STAT101,9.88
ETU1484,ANG101,15.57
ETU1484,DATA101,13.63
ETU1484,ALG101,8.71
ETU1484,ELEC101,11.04
ETU1484,GEST101,16.51
ETU1484,PROJ101,14.05
ETU1485,MAT101,11.92
ETU1485,PHY101,9.53
ETU1485,PROG101,10.53
ETU1485,STAT101,13.79
ETU1485,ANG101,11.49
ETU1485,DATA101,13.37
ETU1485,ALG101,11.88
ETU1485,ELEC101,12.24
ETU1485,GEST101,12.71
ETU1485,PROJ101,14.45
ETU1486,MAT101,14.32
ETU1486,PHY101,11.67
ETU1486,PROG101,14.81
ETU1486,STAT101,15.59
ETU1486,ANG101,14.48
ETU1486,DATA101,14.67
ETU1486,ALG101,10.07
ETU1486,ELEC101,11.81
ETU1486,GEST101,10.43
ETU1486,PROJ101,12.86
ETU1487,MAT101,7.57
ETU1487,PHY101,11.7
ETU1487,PROG101,7.01
ETU1487,STAT101,8.09
ETU1487,ANG101,7.46
ETU1487,DATA101,8.2
ETU1487,ALG101,9.05
ETU1487,ELEC101,8.99
ETU1487,GEST101,8.33
ETU1487,PROJ101,8.18
ETU1488,MAT101,1.91
ETU1488,PHY101,10.35
ETU1488,PROG101,7.2
ETU1488,STAT101,3.49
ETU1488,ANG101,11.47
ETU1488,DATA101,4.37
ETU1488,ALG101,10.18
ETU1488,ELEC101,4.11
ETU1488,GEST101,5.86
ETU1488,PROJ101,6.71
ETU1489,MAT101,8.04
ETU1489,PHY101,11.4
ETU1489,PROG101,7.57
ETU1489,STAT101,10.36
ETU1489,ANG101,11.07
ETU1489,DATA101,10.0
ETU1489,ALG101,11.44
ETU1489,ELEC101,9.17
ETU1489,GEST101,10.73
ETU1489,PROJ101,12.2
ETU1490,MAT101,7.91
ETU1490,PHY101,8.53
ETU1490,PROG101,10.23
ETU1490,STAT101,11.11
ETU1490,ANG101,10.06
ETU1490,DATA101,9.6
ETU1490,ALG101,10.01
ETU1490,ELEC101,8.4
ETU1490,GEST101,8.58
ETU1490,PROJ101,11.99
ETU1491,MAT101,10.02
ETU1491,PHY101,8.59
ETU1491,PROG101,8.14
ETU1491,STAT101,6.24
ETU1491,ANG101,12.25
ETU1491,DATA101,8.96
ETU1491,ALG101,6.74
ETU1491,ELEC101,7.73
ETU1491,GEST101,11.55
ETU1491,PROJ101,9.75
ETU1492,MAT101,13.72
ETU1492,PHY101,11.56
ETU1492,PROG101,13.68
ETU1492,STAT101,13.46
ETU1492,ANG101,15.93
ETU1492,DATA101,15.3
ETU1492,ALG101,13.25
ETU1492,ELEC101,
ETU1492,GEST101,16.65
ETU1492,PROJ101,13.78
ETU1493,MAT101,6.09
ETU1493,PHY101,11.21
ETU1493,PROG101,12.29
ETU1493,STAT101,10.47
ETU1493,ANG101,9.39
ETU1493,DATA101,8.31
ETU1493,ALG101,10.51
ETU1493,ELEC101,8.59
ETU1493,GEST101,14.07
ETU1493,PROJ101,11.83
ETU1494,MAT101,10.94
ETU1494,PHY101,15.45
ETU1494,PROG101,7.99
ETU1494,STAT101,12.12
ETU1494,ANG101,9.68
ETU1494,DATA101,15.35
ETU1494,ALG101,8.89
ETU1494,ELEC101,12.43
ETU1494,GEST101,13.52
ETU1494,PROJ101,9.75
ETU1495,MAT101,8.95
ETU1495,PHY101,6.72
ETU1495,PROG101,10.06
ETU1495,STAT101,7.19
ETU1495,ANG101,10.46
ETU1495,DATA101,8.72
ETU1495,ALG101,9.15
ETU1495,ELEC101,9.12
ETU1495,GEST101,8.89
ETU1495,PROJ101,8.95
ETU1496,MAT101,11.24
ETU1496,PHY101,8.73
ETU1496,PROG101,10.42
ETU1496,STAT101,13.6
ETU1496,ANG101,11.63
ETU1496,DATA101,12.45
ETU1496,ALG101,8.93
ETU1496,ELEC101,10.71
ETU1496,GEST101,10.97
ETU1496,PROJ101,10.99
ETU1497,MAT101,9.03
ETU1497,PHY101,10.48
ETU1497,PROG101,6.75
ETU1497,STAT101,9.09
ETU1497,ANG101,18.44
ETU1497,DATA101,13.4
ETU1497,ALG101,13.07
ETU1497,ELEC101,14.57
ETU1497,GEST101,14.63
ETU1497,PROJ101,13.7
ETU1498,MAT101,12.14
ETU1498,PHY101,10.35
ETU1498,PROG101,14.54
ETU1498,STAT101,14.22
ETU1498,ANG101,14.42
ETU1498,DATA101,13.37
ETU1498,ALG101,14.14
ETU1498,ELEC101,10.4
ETU1498,GEST101,14.77
ETU1498,PROJ101,17.79
ETU1499,MAT101,8.1
ETU1499,PHY101,8.64
ETU1499,PROG101,12.75
ETU1499,STAT101,9.79
ETU1499,ANG101,12.64
ETU1499,DATA101,11.06
ETU1499,ALG101,10.64
ETU1499,ELEC101,7.79
ETU1499,GEST101,9.13
ETU1499,PROJ101,12.44
ETU1500,MAT101,8.91
ETU1500,PHY101,11.03
ETU1500,PROG101,10.15
ETU1500,STAT101,13.11
ETU1500,ANG101,12.73
ETU1500,DATA101,12.26
ETU1500,ALG101,15.28
ETU1500,ELEC101,13.36
ETU1500,GEST101,15.85
ETU1500,PROJ101,18.44
ETU1501,MAT101,19.73
ETU1501,PHY101,15.8
ETU1501,PROG101,15.96
ETU1501,STAT101,16.43
ETU1501,ANG101,19.65
ETU1501,DATA101,17.13
ETU1501,ALG101,15.87
ETU1501,ELEC101,20.0
ETU1501,GEST101,17.46
ETU1501,PROJ101,19.57
ETU1502,MAT101,12.15
ETU1502,PHY101,7.2
ETU1502,PROG101,15.02
ETU1502,STAT101,9.2
ETU1502,ANG101,9.76
ETU1502,DATA101,11.07
ETU1502,ALG101,
ETU1502,ELEC101,13.72
ETU1502,GEST101,13.03
ETU1502,PROJ101,11.69
ETU1503,MAT101,6.43
ETU1503,PHY101,10.01
ETU1503,PROG101,9.62
ETU1503,STAT101,4.86
ETU1503,ANG101,12.1
ETU1503,DATA101,10.88
ETU1503,ALG101,8.03
ETU1503,ELEC101,10.68
ETU1503,GEST101,8.12
ETU1503,PROJ101,10.44
ETU1504,MAT101,10.45
ETU1504,PHY101,10.43
ETU1504,PROG101,8.86
ETU1504,STAT101,13.69
ETU1504,ANG101,10.67
ETU1504,DATA101,8.16
ETU1504,ALG101,11.7
ETU1504,ELEC101,14.72
ETU1504,GEST101,8.28
ETU1504,PROJ101,10.38
ETU1505,MAT101,13.41
ETU1505,PHY101,11.26
ETU1505,PROG101,9.62
ETU1505,STAT101,11.43
ETU1505,ANG101,16.44
ETU1505,DATA101,15.13
ETU1505,ALG101,17.38
ETU1505,ELEC101,12.82
ETU1505,GEST101,11.7
ETU1505,PROJ101,14.97
ETU1506,MAT101,9.43
ETU1506,PHY101,10.36
ETU1506,PROG101,10.15
ETU1506,STAT101,12.68
ETU1506,ANG101,13.68
ETU1506,DATA101,10.41
ETU1506,ALG101,13.45
ETU1506,ELEC101,13.77
ETU1506,GEST101,11.08
ETU1506,PROJ101,13.36
ETU1507,MAT101,14.43
ETU1507,PHY101,11.58
ETU1507,PROG101,11.26
ETU1507,STAT101,11.36
ETU1507,ANG101,11.67
ETU1507,DATA101,14.43
ETU1507,ALG101,13.53
ETU1507,ELEC101,15.6
ETU1507,GEST101,10.9
ETU1507,PROJ101,11.65
ETU1508,MAT101,4.58
ETU1508,PHY101,8.39
ETU1508,PROG101,5.94
ETU1508,STAT101,12.28
ETU1508,ANG101,7.32
ETU1508,DATA101,12.94
ETU1508,ALG101,1.89
ETU1508,ELEC101,3.46
ETU1508,GEST101,6.37
ETU1508,PROJ101,9.74
ETU1509,MAT101,8.61
ETU1509,PHY101,6.73
ETU1509,PROG101,9.2
ETU1509,STAT101,7.85
ETU1509,ANG101,11.39
ETU1509,DATA101,7.36
ETU1509,ALG101,9.28
ETU1509,ELEC101,8.97
ETU1509,GEST101,9.87
ETU1509,PROJ101,11.22
ETU1510,MAT101,10.6
ETU1510,PHY101,12.06
ETU1510,PROG101,11.48
ETU1510,STAT101,13.73
ETU1510,ANG101,12.69
ETU1510,DATA101,14.08
ETU1510,ALG101,9.9
ETU1510,ELEC101,8.68
ETU1510,GEST101,13.55
ETU1510,PROJ101,12.42
ETU1511,MAT101,6.4
ETU1511,PHY101,9.01
ETU1511,PROG101,12.18
ETU1511,STAT101,10.9
ETU1511,ANG101,10.73
ETU1511,DATA101,11.56
ETU1511,ALG101,11.29
ETU1511,ELEC101,7.2
ETU1511,GEST101,14.37
ETU1511,PROJ101,15.29
ETU1512,MAT101,8.26
ETU1512,PHY101,13.51
ETU1512,PROG101,
ETU1512,STAT101,
ETU1512,ANG101,9.91
ETU1512,DATA101,
ETU1512,ALG101,7.83
ETU1512,ELEC101,9.89
ETU1512,GEST101,11.55
ETU1512,PROJ101,12.88
ETU1513,MAT101,10.94
ETU1513,PHY101,14.15
ETU1513,PROG101,15.63
ETU1513,STAT101,14.13
ETU1513,ANG101,13.07
ETU1513,DATA101,13.54
ETU1513,ALG101,10.35
ETU1513,ELEC101,13.03
ETU1513,GEST101,10.79
ETU1513,PROJ101,10.54
ETU1514,MAT101,9.51
ETU1514,PHY101,12.3
ETU1514,PROG101,15.44
ETU1514,STAT101,15.24
ETU1514,ANG101,8.6
ETU1514,DATA101,14.3
ETU1514,ALG101,9.63
ETU1514,ELEC101,16.33
ETU1514,GEST101,10.01
ETU1514,PROJ101,9.62
ETU1515,MAT101,15.7
ETU1515,PHY101,12.5
ETU1515,PROG101,
ETU1515,STAT101,12.31
ETU1515,ANG101,13.83
ETU1515,DATA101,16.6
ETU1515,ALG101,11.85
ETU1515,ELEC101,13.08
ETU1515,GEST101,12.65
ETU1515,PROJ101,15.4
ETU1516,MAT101,10.08
ETU1516,PHY101,11.7
ETU1516,PROG101,12.98
ETU1516,STAT101,14.67
ETU1516,ANG101,17.42
ETU1516,DATA101,10.44
ETU1516,ALG101,12.73
ETU1516,ELEC101,9.84
ETU1516,GEST101,13.41
ETU1516,PROJ101,13.72
ETU1517,MAT101,13.34
ETU1517,PHY101,13.7
ETU1517,PROG101,13.36
ETU1517,STAT101,11.83
ETU1517,ANG101,14.05
ETU1517,DATA101,17.8
ETU1517,ALG101,11.35
ETU1517,ELEC101,11.49
ETU1517,GEST101,11.98
ETU1517,PROJ101,10.16
ETU1518,MAT101,9.74
ETU1518,PHY101,10.91
ETU1518,PROG101,8.72
ETU1518,STAT101,13.11
ETU1518,ANG101,12.28
ETU1518,DATA101,12.91
ETU1518,ALG101,10.77
ETU1518,ELEC101,9.35
ETU1518,GEST101,10.33
ETU1518,PROJ101,12.08
ETU1519,MAT101,13.57
ETU1519,PHY101,11.44
ETU1519,PROG101,13.1
ETU1519,STAT101,17.19
ETU1519,ANG101,14.54
ETU1519,DATA101,14.05
ETU1519,ALG101,16.41
ETU1519,ELEC101,13.39
ETU1519,GEST101,13.97
ETU1519,PROJ101,16.53
ETU1520,MAT101,13.88
ETU1520,PHY101,12.49
ETU1520,PROG101,13.67
ETU1520,STAT101,11.99
ETU1520,ANG101,11.48
ETU1520,DATA101,14.34
ETU1520,ALG101,9.43
ETU1520,ELEC101,9.86
ETU1520,GEST101,13.06
ETU1520,PROJ101,13.25
ETU1521,MAT101,15.05
ETU1521,PHY101,15.32
ETU1521,PROG101,18.73
ETU1521,STAT101,10.52
ETU1521,ANG101,16.05
ETU1521,DATA101,15.26
ETU1521,ALG101,14.38
ETU1521,ELEC101,14.61
ETU1521,GEST101,16.47
ETU1521,PROJ101,18.15
ETU1522,MAT101,13.85
ETU1522,PHY101,16.58
ETU1522,PROG101,14.56
ETU1522,STAT101,12.55
ETU1522,ANG101,15.17
ETU1522,DATA101,12.24
ETU1522,ALG101,11.74
ETU1522,ELEC101,12.71
ETU1522,GEST101,13.81
ETU1522,PROJ101,17.68
ETU1523,MAT101,12.56
ETU1523,PHY101,10.54
ETU1523,PROG101,13.64
ETU1523,STAT101,13.82
ETU1523,ANG101,14.66
ETU1523,DATA101,11.55
ETU1523,ALG101,
ETU1523,ELEC101,9.11
ETU1523,GEST101,14.33
ETU1523,PROJ101,12.29
ETU1524,MAT101,13.33
ETU1524,PHY101,11.75
ETU1524,PROG101,12.43
ETU1524,STAT101,10.91
ETU1524,ANG101,15.51
ETU1524,DATA101,11.41
ETU1524,ALG101,15.2
ETU1524,ELEC101,9.17
ETU1524,GEST101,12.37
ETU1524,PROJ101,14.3
ETU1525,MAT101,13.09
ETU1525,PHY101,11.59
ETU1525,PROG101,9.34
ETU1525,STAT101,12.68
ETU1525,ANG101,12.75
ETU1525,DATA101,11.56
ETU1525,ALG101,13.93
ETU1525,ELEC101,8.06
ETU1525,GEST101,13.17
ETU1525,PROJ101,8.37
ETU1526,MAT101,15.24
ETU1526,PHY101,15.58
ETU1526,PROG101,15.17
ETU1526,STAT101,13.49
ETU1526,ANG101,18.5
ETU1526,DATA101,17.97
ETU1526,ALG101,15.06
ETU1526,ELEC101,17.34
ETU1526,GEST101,13.59
ETU1526,PROJ101,15.49
ETU1527,MAT101,5.07
ETU1527,PHY101,7.03
ETU1527,PROG101,7.87
ETU1527,STAT101,11.06
ETU1527,ANG101,8.96
ETU1527,DATA101,6.62
ETU1527,ALG101,8.48
ETU1527,ELEC101,8.32
ETU1527,GEST101,8.16
ETU1527,PROJ101,11.45
ETU1528,MAT101,10.29
ETU1528,PHY101,6.26
ETU1528,PROG101,11.86
ETU1528,STAT101,8.16
ETU1528,ANG101,10.05
ETU1528,DATA101,11.49
ETU1528,ALG101,8.77
ETU1528,ELEC101,7.22
ETU1528,GEST101,10.99
ETU1528,PROJ101,13.58
ETU1529,MAT101,13.78
ETU1529,PHY101,10.19
ETU1529,PROG101,10.53
ETU1529,STAT101,10.5
ETU1529,ANG101,15.31
ETU1529,DATA101,10.97
ETU1529,ALG101,15.31
ETU1529,ELEC101,12.57
ETU1529,GEST101,12.85
ETU1529,PROJ101,12.05
ETU1530,MAT101,12.53
ETU1530,PHY101,9.82
ETU1530,PROG101,10.03
ETU1530,STAT101,13.7
ETU1530,ANG101,13.75
ETU1530,DATA101,14.76
ETU1530,ALG101,13.13
ETU1530,ELEC101,10.83
ETU1530,GEST101,15.59
ETU1530,PROJ101,12.86
ETU1531,MAT101,11.8
ETU1531,PHY101,7.67
ETU1531,PROG101,7.09
ETU1531,STAT101,12.53
ETU1531,ANG101,9.41
ETU1531,DATA101,8.84
ETU1531,ALG101,6.67
ETU1531,ELEC101,8.65
ETU1531,GEST101,7.89
ETU1531,PROJ101,13.68
ETU1532,MAT101,10.28
ETU1532,PHY101,8.89
ETU1532,PROG101,11.85
ETU1532,STAT101,16.22
ETU1532,ANG101,12.74
ETU1532,DATA101,11.34
ETU1532,ALG101,11.3
ETU1532,ELEC101,12.6
ETU1532,GEST101,13.78
ETU1532,PROJ101,13.19
ETU1533,MAT101,13.16
ETU1533,PHY101,10.87
ETU1533,PROG101,11.36
ETU1533,STAT101,11.42
ETU1533,ANG101,11.38
ETU1533,DATA101,13.59
ETU1533,ALG101,9.99
ETU1533,ELEC101,6.85
ETU1533,GEST101,9.2
ETU1533,PROJ101,13.35
ETU1534,MAT101,3.95
ETU1534,PHY101,6.77
ETU1534,PROG101,6.13
ETU1534,STAT101,7.56
ETU1534,ANG101,3.19
ETU1534,DATA101,5.06
ETU1534,ALG101,3.77
ETU1534,ELEC101,10.7
ETU1534,GEST101,5.77
ETU1534,PROJ101,4.06
ETU1535,MAT101,11.39
ETU1535,PHY101,8.29
ETU1535,PROG101,13.39
ETU1535,STAT101,13.37
ETU1535,ANG101,10.28
ETU1535,DATA101,15.2
ETU1535,ALG101,9.39
ETU1535,ELEC101,10.98
ETU1535,GEST101,13.96
ETU1535,PROJ101,13.02
ETU1536,MAT101,9.93
ETU1536,PHY101,7.84
ETU1536,PROG101,15.16
ETU1536,STAT101,11.94
ETU1536,ANG101,16.5
ETU1536,DATA101,8.05
ETU1536,ALG101,12.14
ETU1536,ELEC101,14.43
ETU1536,GEST101,10.38
ETU1536,PROJ101,10.92
ETU1537,MAT101,10.41
ETU1537,PHY101,8.72
ETU1537,PROG101,8.21
ETU1537,STAT101,9.81
ETU1537,ANG101,13.4
ETU1537,DATA101,9.14
ETU1537,ALG101,8.74
ETU1537,ELEC101,9.43
ETU1537,GEST101,10.01
ETU1537,PROJ101,11.34
ETU1538,MAT101,14.66
ETU1538,PHY101,
ETU1538,PROG101,14.47
ETU1538,STAT101,15.14
ETU1538,ANG101,14.69
ETU1538,DATA101,13.03
ETU1538,ALG101,13.53
ETU1538,ELEC101,13.93
ETU1538,GEST101,12.72
ETU1538,PROJ101,17.64
ETU1539,MAT101,7.39
ETU1539,PHY101,6.2
ETU1539,PROG101,5.64
ETU1539,STAT101,
ETU1539,ANG101,12.0
ETU1539,DATA101,7.64
ETU1539,ALG101,12.2
ETU1539,ELEC101,7.7
ETU1539,GEST101,9.17
ETU1539,PROJ101,11.38
ETU1540,MAT101,10.04
ETU1540,PHY101,6.3
ETU1540,PROG101,8.49
ETU1540,STAT101,11.47
ETU1540,ANG101,11.58
ETU1540,DATA101,13.85
ETU1540,ALG101,9.94
ETU1540,ELEC101,9.95
ETU1540,GEST101,8.7
ETU1540,PROJ101,13.08
ETU1541,MAT101,0.0
ETU1541,PHY101,4.39
ETU1541,PROG101,6.27
ETU1541,STAT101,5.25
ETU1541,ANG101,5.79
ETU1541,DATA101,4.85
ETU1541,ALG101,4.57
ETU1541,ELEC101,2.03
ETU1541,GEST101,6.14
ETU1541,PROJ101,4.47
ETU1542,MAT101,8.75
ETU1542,PHY101,7.26
ETU1542,PROG101,16.73
ETU1542,STAT101,10.63
ETU1542,ANG101,8.67
ETU1542,DATA101,10.91
ETU1542,ALG101,12.55
ETU1542,ELEC101,10.26
ETU1542,GEST101,10.97
ETU1542,PROJ101,9.85
ETU1543,MAT101,10.68
ETU1543,PHY101,11.37
ETU1543,PROG101,12.39
ETU1543,STAT101,10.78
ETU1543,ANG101,11.97
ETU1543,DATA101,13.75
ETU1543,ALG101,12.89
ETU1543,ELEC101,9.5
ETU1543,GEST101,15.13
ETU1543,PROJ101,9.03
ETU1544,MAT101,10.28
ETU1544,PHY101,10.18
ETU1544,PROG101,8.77
ETU1544,STAT101,7.04
ETU1544,ANG101,9.61
ETU1544,DATA101,12.61
ETU1544,ALG101,12.08
ETU1544,ELEC101,11.05
ETU1544,GEST101,9.57
ETU1544,PROJ101,13.5
ETU1545,MAT101,12.71
ETU1545,PHY101,14.31
ETU1545,PROG101,14.73
ETU1545,STAT101,13.55
ETU1545,ANG101,16.84
ETU1545,DATA101,16.57
ETU1545,ALG101,12.66
ETU1545,ELEC101,13.95
ETU1545,GEST101,16.85
ETU1545,PROJ101,10.45
ETU1546,MAT101,14.24
ETU1546,PHY101,14.76
ETU1546,PROG101,15.04
ETU1546,STAT101,14.74
ETU1546,ANG101,14.74
ETU1546,DATA101,15.7
ETU1546,ALG101,11.13
ETU1546,ELEC101,11.48
ETU1546,GEST101,15.6
ETU1546,PROJ101,16.51
ETU1547,MAT101,13.82
ETU1547,PHY101,14.11
ETU1547,PROG101,15.46
ETU1547,STAT101,10.22
ETU1547,ANG101,10.69
ETU1547,DATA101,14.08
ETU1547,ALG101,10.68
ETU1547,ELEC101,11.08
ETU1547,GEST101,14.25
ETU1547,PROJ101,13.4
ETU1548,MAT101,11.63
ETU1548,PHY101,8.28
ETU1548,PROG101,11.57
ETU1548,STAT101,11.13
ETU1548,ANG101,14.11
ETU1548,DATA101,13.92
ETU1548,ALG101,9.47
ETU1548,ELEC101,8.03
ETU1548,GEST101,12.96
ETU1548,PROJ101,8.54
ETU1549,MAT101,15.55
ETU1549,PHY101,15.42
ETU1549,PROG101,13.45
ETU1549,STAT101,9.27
ETU1549,ANG101,17.46
ETU1549,DATA101,17.72
ETU1549,ALG101,9.43
ETU1549,ELEC101,16.55
ETU1549,GEST101,18.03
ETU1549,PROJ101,
ETU1550,MAT101,11.28
ETU1550,PHY101,11.43
ETU1550,PROG101,12.1
ETU1550,STAT101,12.86
ETU1550,ANG101,10.53
ETU1550,DATA101,8.6
ETU1550,ALG101,7.44
ETU1550,ELEC101,13.09
ETU1550,GEST101,9.68
ETU1550,PROJ101,12.99
ETU1551,MAT101,
ETU1551,PHY101,7.65
ETU1551,PROG101,9.37
ETU1551,STAT101,8.34
ETU1551,ANG101,7.23
ETU1551,DATA101,9.47
ETU1551,ALG101,7.65
ETU1551,ELEC101,7.16
ETU1551,GEST101,14.0
ETU1551,PROJ101,7.72
ETU1552,MAT101,6.24
ETU1552,PHY101,6.86
ETU1552,PROG101,11.17
ETU1552,STAT101,4.72
ETU1552,ANG101,10.99
ETU1552,DATA101,7.12
ETU1552,ALG101,6.59
ETU1552,ELEC101,7.82
ETU1552,GEST101,11.06
ETU1552,PROJ101,7.29
ETU1553,MAT101,10.63
ETU1553,PHY101,10.03
ETU1553,PROG101,10.93
ETU1553,STAT101,12.01
ETU1553,ANG101,10.06
ETU1553,DATA101,10.07
ETU1553,ALG101,
ETU1553,ELEC101,10.96
ETU1553,GEST101,11.33
ETU1553,PROJ101,14.72
ETU1554,MAT101,10.8
ETU1554,PHY101,16.92
ETU1554,PROG101,15.33
ETU1554,STAT101,8.59
ETU1554,ANG101,16.03
ETU1554,DATA101,12.7
ETU1554,ALG101,12.77
ETU1554,ELEC101,12.03
ETU1554,GEST101,16.96
ETU1554,PROJ101,11.19
ETU1555,MAT101,16.82
ETU1555,PHY101,16.69
ETU1555,PROG101,16.82
ETU1555,STAT101,15.5
ETU1555,ANG101,14.07
ETU1555,DATA101,17.65
ETU1555,ALG101,18.42
ETU1555,ELEC101,17.0
ETU1555,GEST101,16.4
ETU1555,PROJ101,18.61
ETU1556,MAT101,14.45
ETU1556,PHY101,9.66
ETU1556,PROG101,12.44
ETU1556,STAT101,12.33
ETU1556,ANG101,10.04
ETU1556,DATA101,11.48
ETU1556,ALG101,10.9
ETU1556,ELEC101,11.16
ETU1556,GEST101,15.08
ETU1556,PROJ101,
ETU1557,MAT101,11.88
ETU1557,PHY101,10.17
ETU1557,PROG101,14.04
ETU1557,STAT101,5.42
ETU1557,ANG101,5.67
ETU1557,DATA101,15.48
ETU1557,ALG101,6.51
ETU1557,ELEC101,7.22
ETU1557,GEST101,8.64
ETU1557,PROJ101,8.5
ETU1558,MAT101,9.28
ETU1558,PHY101,7.3
ETU1558,PROG101,7.32
ETU1558,STAT101,12.04
ETU1558,ANG101,5.25
ETU1558,DATA101,10.97
ETU1558,ALG101,8.14
ETU1558,ELEC101,6.39
ETU1558,GEST101,8.02
ETU1558,PROJ101,9.0
ETU1559,MAT101,10.89
ETU1559,PHY101,14.01
ETU1559,PROG101,12.44
ETU1559,STAT101,14.27
ETU1559,ANG101,12.86
ETU1559,DATA101,13.78
ETU1559,ALG101,13.18
ETU1559,ELEC101,12.42
ETU1559,GEST101,16.58
ETU1559,PROJ101,
ETU1560,MAT101,8.16
ETU1560,PHY101,8.55
ETU1560,PROG101,8.74
ETU1560,STAT101,5.88
ETU1560,ANG101,7.76
ETU1560,DATA101,3.34
ETU1560,ALG101,
ETU1560,ELEC101,3.53
ETU1560,GEST101,6.26
ETU1560,PROJ101,8.72
ETU1561,MAT101,11.53
ETU1561,PHY101,14.11
ETU1561,PROG101,
ETU1561,STAT101,14.16
ETU1561,ANG101,11.98
ETU1561,DATA101,16.0
ETU1561,ALG101,10.85
ETU1561,ELEC101,13.33
ETU1561,GEST101,12.34
ETU1561,PROJ101,17.58
ETU1562,MAT101,16.57
ETU1562,PHY101,13.85
ETU1562,PROG101,14.81
ETU1562,STAT101,15.23
ETU1562,ANG101,16.02
ETU1562,DATA101,16.03
ETU1562,ALG101,11.5
ETU1562,ELEC101,13.11
ETU1562,GEST101,13.17
ETU1562,PROJ101,18.13
ETU1563,MAT101,9.73
ETU1563,PHY101,15.68
ETU1563,PROG101,13.05
ETU1563,STAT101,14.58
ETU1563,ANG101,12.71
ETU1563,DATA101,10.38
ETU1563,ALG101,15.64
ETU1563,ELEC101,13.15
ETU1563,GEST101,11.1
ETU1563,PROJ101,13.67
ETU1564,MAT101,10.21
ETU1564,PHY101,11.27
ETU1564,PROG101,9.29
ETU1564,STAT101,8.45
ETU1564,ANG101,12.39
ETU1564,DATA101,9.5
ETU1564,ALG101,14.01
ETU1564,ELEC101,12.15
ETU1564,GEST101,13.48
ETU1564,PROJ101,8.11
ETU1565,MAT101,11.63
ETU1565,PHY101,11.72
ETU1565,PROG101,11.14
ETU1565,STAT101,14.17
ETU1565,ANG101,15.07
ETU1565,DATA101,15.03
ETU1565,ALG101,15.06
ETU1565,ELEC101,14.54
ETU1565,GEST101,19.59
ETU1565,PROJ101,14.18
ETU1566,MAT101,11.2
ETU1566,PHY101,12.52
ETU1566,PROG101,14.95
ETU1566,STAT101,8.62
ETU1566,ANG101,11.48
ETU1566,DATA101,11.21
ETU1566,ALG101,11.97
ETU1566,ELEC101,10.41
ETU1566,GEST101,15.07
ETU1566,PROJ101,13.65
ETU1567,MAT101,8.89
ETU1567,PHY101,9.8
ETU1567,PROG101,6.01
ETU1567,STAT101,
ETU1567,ANG101,8.8
ETU1567,DATA101,11.77
ETU1567,ALG101,5.79
ETU1567,ELEC101,10.04
ETU1567,GEST101,8.56
ETU1567,PROJ101,13.43
ETU1568,MAT101,12.83
ETU1568,PHY101,15.76
ETU1568,PROG101,18.16
ETU1568,STAT101,17.0
ETU1568,ANG101,18.18
ETU1568,DATA101,14.19
ETU1568,ALG101,
ETU1568,ELEC101,16.4
ETU1568,GEST101,17.46
ETU1568,PROJ101,15.47
ETU1569,MAT101,8.03
ETU1569,PHY101,9.73
ETU1569,PROG101,10.15
ETU1569,STAT101,14.62
ETU1569,ANG101,14.58
ETU1569,DATA101,12.79
ETU1569,ALG101,13.58
ETU1569,ELEC101,8.7
ETU1569,GEST101,10.39
ETU1569,PROJ101,14.32
ETU1570,MAT101,13.25
ETU1570,PHY101,13.08
ETU1570,PROG101,11.54
ETU1570,STAT101,15.84
ETU1570,ANG101,15.89
ETU1570,DATA101,13.41
ETU1570,ALG101,12.33
ETU1570,ELEC101,15.71
ETU1570,GEST101,13.06
ETU1570,PROJ101,11.84
ETU1571,MAT101,7.74
ETU1571,PHY101,7.49
ETU1571,PROG101,4.25
ETU1571,STAT101,9.75
ETU1571,ANG101,6.21
ETU1571,DATA101,4.37
ETU1571,ALG101,6.21
ETU1571,ELEC101,2.05
ETU1571,GEST101,4.17
ETU1571,PROJ101,7.11
ETU1572,MAT101,14.73
ETU1572,PHY101,16.15
ETU1572,PROG101,12.82
ETU1572,STAT101,18.87
ETU1572,ANG101,12.61
ETU1572,DATA101,14.45
ETU1572,ALG101,14.85
ETU1572,ELEC101,13.36
ETU1572,GEST101,13.04
ETU1572,PROJ101,16.03
ETU1573,MAT101,16.44
ETU1573,PHY101,14.31
ETU1573,PROG101,13.98
ETU1573,STAT101,17.33
ETU1573,ANG101,18.62
ETU1573,DATA101,15.3
ETU1573,ALG101,15.95
ETU1573,ELEC101,16.81
ETU1573,GEST101,17.61
ETU1573,PROJ101,17.29
ETU1574,MAT101,12.58
ETU1574,PHY101,11.86
ETU1574,PROG101,12.0
ETU1574,STAT101,9.14
ETU1574,ANG101,10.76
ETU1574,DATA101,13.05
ETU1574,ALG101,10.5
ETU1574,ELEC101,11.97
ETU1574,GEST101,9.99
ETU1574,PROJ101,11.32
ETU1575,MAT101,12.24
ETU1575,PHY101,7.9
ETU1575,PROG101,11.54
ETU1575,STAT101,11.63
ETU1575,ANG101,14.51
ETU1575,DATA101,
ETU1575,ALG101,13.33
ETU1575,ELEC101,12.55
ETU1575,GEST101,13.24
ETU1575,PROJ101,12.95
ETU1576,MAT101,12.82
ETU1576,PHY101,14.96
ETU1576,PROG101,12.03
ETU1576,STAT101,16.9
ETU1576,ANG101,14.36
ETU1576,DATA101,15.27
ETU1576,ALG101,13.61
ETU1576,ELEC101,13.52
ETU1576,GEST101,12.02
ETU1576,PROJ101,13.25
ETU1577,MAT101,6.16
ETU1577,PHY101,8.77
ETU1577,PROG101,11.5
ETU1577,STAT101,9.39
ETU1577,ANG101,12.97
ETU1577,DATA101,9.52
ETU1577,ALG101,8.29
ETU1577,ELEC101,8.25
ETU1577,GEST101,12.21
ETU1577,PROJ101,14.48
ETU1578,MAT101,16.83
ETU1578,PHY101,13.56
ETU1578,PROG101,15.16
ETU1578,STAT101,9.93
ETU1578,ANG101,11.6
ETU1578,DATA101,11.67
ETU1578,ALG101,15.57
ETU1578,ELEC101,15.14
ETU1578,GEST101,18.61
ETU1578,PROJ101,12.43
ETU1579,MAT101,8.88
ETU1579,PHY101,5.42
ETU1579,PROG101,6.99
ETU1579,STAT101,8.78
ETU1579,ANG101,8.89
ETU1579,DATA101,8.21
ETU1579,ALG101,8.07
ETU1579,ELEC101,11.92
ETU1579,GEST101,12.55
ETU1579,PROJ101,8.66
ETU1580,MAT101,11.81
ETU1580,PHY101,7.76
ETU1580,PROG101,7.31
ETU1580,STAT101,8.62
ETU1580,ANG101,11.68
ETU1580,DATA101,8.58
ETU1580,ALG101,11.02
ETU1580,ELEC101,8.25
ETU1580,GEST101,11.53
ETU1580,PROJ101,9.16
ETU1581,MAT101,14.11
ETU1581,PHY101,12.05
ETU1581,PROG101,14.27
ETU1581,STAT101,18.41
ETU1581,ANG101,14.71
ETU1581,DATA101,12.37
ETU1581,ALG101,14.43
ETU1581,ELEC101,14.07
ETU1581,GEST101,15.45
ETU1581,PROJ101,16.8
ETU1582,MAT101,12.72
ETU1582,PHY101,14.72
ETU1582,PROG101,14.33
ETU1582,STAT101,11.37
ETU1582,ANG101,16.82
ETU1582,DATA101,14.83
ETU1582,ALG101,15.1
ETU1582,ELEC101,11.07
ETU1582,GEST101,16.65
ETU1582,PROJ101,19.98
ETU1583,MAT101,6.77
ETU1583,PHY101,11.09
ETU1583,PROG101,10.37
ETU1583,STAT101,9.58
ETU1583,ANG101,12.61
ETU1583,DATA101,11.66
ETU1583,ALG101,12.14
ETU1583,ELEC101,6.77
ETU1583,GEST101,13.24
ETU1583,PROJ101,11.65
ETU1584,MAT101,5.96
ETU1584,PHY101,8.09
ETU1584,PROG101,10.35
ETU1584,STAT101,8.65
ETU1584,ANG101,10.45
ETU1584,DATA101,8.87
ETU1584,ALG101,13.27
ETU1584,ELEC101,15.07
ETU1584,GEST101,11.81
ETU1584,PROJ101,10.99
ETU1585,MAT101,7.42
ETU1585,PHY101,11.81
ETU1585,PROG101,11.25
ETU1585,STAT101,7.9
ETU1585,ANG101,9.12
ETU1585,DATA101,10.03
ETU1585,ALG101,9.83
ETU1585,ELEC101,10.59
ETU1585,GEST101,10.56
ETU1585,PROJ101,12.57
ETU1586,MAT101,12.16
ETU1586,PHY101,12.65
ETU1586,PROG101,16.48
ETU1586,STAT101,14.96
ETU1586,ANG101,14.57
ETU1586,DATA101,9.45
ETU1586,ALG101,13.92
ETU1586,ELEC101,12.76
ETU1586,GEST101,11.51
ETU1586,PROJ101,9.6
ETU1587,MAT101,12.06
ETU1587,PHY101,6.5
ETU1587,PROG101,8.51
ETU1587,STAT101,14.34
ETU1587,ANG101,7.93
ETU1587,DATA101,9.14
ETU1587,ALG101,11.63
ETU1587,ELEC101,12.4
ETU1587,GEST101,10.8
ETU1587,PROJ101,12.81
ETU1588,MAT101,11.66
ETU1588,PHY101,6.72
ETU1588,PROG101,15.22
ETU1588,STAT101,12.35
ETU1588,ANG101,12.92
ETU1588,DATA101,12.04
ETU1588,ALG101,13.73
ETU1588,ELEC101,13.31
ETU1588,GEST101,13.31
ETU1588,PROJ101,14.62
ETU1589,MAT101,10.93
ETU1589,PHY101,12.4
ETU1589,PROG101,11.71
ETU1589,STAT101,11.25
ETU1589,ANG101,15.32
ETU1589,DATA101,14.03
ETU1589,ALG101,12.41
ETU1589,ELEC101,12.4
ETU1589,GEST101,15.2
ETU1589,PROJ101,16.19
ETU1590,MAT101,12.06
ETU1590,PHY101,8.53
ETU1590,PROG101,8.26
ETU1590,STAT101,6.72
ETU1590,ANG101,10.85
ETU1590,DATA101,7.25
ETU1590,ALG101,14.32
ETU1590,ELEC101,10.16
ETU1590,GEST101,9.49
ETU1590,PROJ101,11.94
ETU1591,MAT101,10.0
ETU1591,PHY101,10.89
ETU1591,PROG101,13.74
ETU1591,STAT101,13.01
ETU1591,ANG101,14.53
ETU1591,DATA101,15.55
ETU1591,ALG101,16.01
ETU1591,ELEC101,13.84
ETU1591,GEST101,17.14
ETU1591,PROJ101,14.36
ETU1592,MAT101,12.83
ETU1592,PHY101,10.36
ETU1592,PROG101,12.89
ETU1592,STAT101,9.68
ETU1592,ANG101,12.06
ETU1592,DATA101,15.55
ETU1592,ALG101,10.75
ETU1592,ELEC101,12.17
ETU1592,GEST101,13.86
ETU1592,PROJ101,13.26
ETU1593,MAT101,12.28
ETU1593,PHY101,9.32
ETU1593,PROG101,9.66
ETU1593,STAT101,8.84
ETU1593,ANG101,12.97
ETU1593,DATA101,11.52
ETU1593,ALG101,11.52
ETU1593,ELEC101,8.03
ETU1593,GEST101,10.45
ETU1593,PROJ101,14.15
ETU1594,MAT101,9.05
ETU1594,PHY101,8.63
ETU1594,PROG101,8.9
ETU1594,STAT101,7.39
ETU1594,ANG101,12.66
ETU1594,DATA101,12.35
ETU1594,ALG101,9.03
ETU1594,ELEC101,4.76
ETU1594,GEST101,9.61
ETU1594,PROJ101,13.32
ETU1595,MAT101,12.5
ETU1595,PHY101,12.64
ETU1595,PROG101,16.34
ETU1595,STAT101,13.21
ETU1595,ANG101,11.51
ETU1595,DATA101,14.69
ETU1595,ALG101,9.87
ETU1595,ELEC101,16.59
ETU1595,GEST101,16.64
ETU1595,PROJ101,17.78
ETU1596,MAT101,7.35
ETU1596,PHY101,12.37
ETU1596,PROG101,9.76
ETU1596,STAT101,12.04
ETU1596,ANG101,11.47
ETU1596,DATA101,11.71
ETU1596,ALG101,10.34
ETU1596,ELEC101,8.06
ETU1596,GEST101,7.24
ETU1596,PROJ101,13.52
ETU1597,MAT101,7.14
ETU1597,PHY101,13.76
ETU1597,PROG101,15.52
ETU1597,STAT101,9.66
ETU1597,ANG101,12.77
ETU1597,DATA101,9.96
ETU1597,ALG101,11.06
ETU1597,ELEC101,14.2
ETU1597,GEST101,14.99
ETU1597,PROJ101,15.08
ETU1598,MAT101,10.19
ETU1598,PHY101,5.92
ETU1598,PROG101,9.22
ETU1598,STAT101,10.86
ETU1598,ANG101,10.4
ETU1598,DATA101,13.79
ETU1598,ALG101,14.76
ETU1598,ELEC101,11.56
ETU1598,GEST101,9.44
ETU1598,PROJ101,15.42
ETU1599,MAT101,
ETU1599,PHY101,8.14
ETU1599,PROG101,10.34
ETU1599,STAT101,6.34
ETU1599,ANG101,9.17
ETU1599,DATA101,9.1
ETU1599,ALG101,9.23
ETU1599,ELEC101,9.04
ETU1599,GEST101,10.84
ETU1599,PROJ101,8.87
ETU1600,MAT101,6.09
ETU1600,PHY101,8.84
ETU1600,PROG101,10.09
ETU1600,STAT101,6.32
ETU1600,ANG101,9.44
ETU1600,DATA101,9.12
ETU1600,ALG101,10.18
ETU1600,ELEC101,8.41
ETU1600,GEST101,11.1
ETU1600,PROJ101,10.13
ETU1601,MAT101,16.13
ETU1601,PHY101,12.53
ETU1601,PROG101,15.5
ETU1601,STAT101,15.2
ETU1601,ANG101,18.18
ETU1601,DATA101,14.91
ETU1601,ALG101,18.5
ETU1601,ELEC101,18.0
ETU1601,GEST101,14.15
ETU1601,PROJ101,16.34
ETU1602,MAT101,9.13
ETU1602,PHY101,12.42
ETU1602,PROG101,11.39
ETU1602,STAT101,12.26
ETU1602,ANG101,12.69
ETU1602,DATA101,18.39
ETU1602,ALG101,11.62
ETU1602,ELEC101,11.04
ETU1602,GEST101,14.96
ETU1602,PROJ101,15.69
ETU1603,MAT101,9.11
ETU1603,PHY101,10.7
ETU1603,PROG101,14.62
ETU1603,STAT101,8.24
ETU1603,ANG101,7.69
ETU1603,DATA101,14.24
ETU1603,ALG101,9.61
ETU1603,ELEC101,10.58
ETU1603,GEST101,13.07
ETU1603,PROJ101,11.39
ETU1604,MAT101,12.05
ETU1604,PHY101,10.12
ETU1604,PROG101,15.42
ETU1604,STAT101,12.94
ETU1604,ANG101,10.01
ETU1604,DATA101,17.13
ETU1604,ALG101,9.92
ETU1604,ELEC101,14.04
ETU1604,GEST101,13.66
ETU1604,PROJ101,10.25
ETU1605,MAT101,10.63
ETU1605,PHY101,9.89
ETU1605,PROG101,8.57
ETU1605,STAT101,12.11
ETU1605,ANG101,14.22
ETU1605,DATA101,11.57
ETU1605,ALG101,10.33
ETU1605,ELEC101,11.78
ETU1605,GEST101,6.64
ETU1605,PROJ101,11.51
ETU1606,MAT101,16.63
ETU1606,PHY101,17.12
ETU1606,PROG101,15.03
ETU1606,STAT101,13.73
ETU1606,ANG101,16.8
ETU1606,DATA101,19.16
ETU1606,ALG101,16.8
ETU1606,ELEC101,15.09
ETU1606,GEST101,20.0
ETU1606,PROJ101,18.31
ETU1607,MAT101,11.98
ETU1607,PHY101,14.33
ETU1607,PROG101,12.97
ETU1607,STAT101,13.38
ETU1607,ANG101,11.77
ETU1607,DATA101,12.89
ETU1607,ALG101,15.7
ETU1607,ELEC101,12.59
ETU1607,GEST101,13.68
ETU1607,PROJ101,13.05
ETU1608,MAT101,7.59
ETU1608,PHY101,12.33
ETU1608,PROG101,10.78
ETU1608,STAT101,9.11
ETU1608,ANG101,8.89
ETU1608,DATA101,11.65
ETU1608,ALG101,8.08
ETU1608,ELEC101,12.46
ETU1608,GEST101,10.12
ETU1608,PROJ101,12.0
ETU1609,MAT101,15.7
ETU1609,PHY101,15.15
ETU1609,PROG101,17.5
ETU1609,STAT101,14.08
ETU1609,ANG101,16.44
ETU1609,DATA101,16.95
ETU1609,ALG101,18.4
ETU1609,ELEC101,16.44
ETU1609,GEST101,18.26
ETU1609,PROJ101,15.86
ETU1610,MAT101,7.27
ETU1610,PHY101,9.04
ETU1610,PROG101,7.06
ETU1610,STAT101,7.58
ETU1610,ANG101,4.67
ETU1610,DATA101,8.68
ETU1610,ALG101,7.13
ETU1610,ELEC101,7.53
ETU1610,GEST101,7.03
ETU1610,PROJ101,4.33
ETU1611,MAT101,13.02
ETU1611,PHY101,9.72
ETU1611,PROG101,9.09
ETU1611,STAT101,12.11
ETU1611,ANG101,16.57
ETU1611,DATA101,10.53
ETU1611,ALG101,10.3
ETU1611,ELEC101,12.93
ETU1611,GEST101,12.24
ETU1611,PROJ101,14.61
ETU1612,MAT101,15.87
ETU1612,PHY101,
ETU1612,PROG101,15.46
ETU1612,STAT101,17.38
ETU1612,ANG101,16.25
ETU1612,DATA101,16.23
ETU1612,ALG101,18.99
ETU1612,ELEC101,20.0
ETU1612,GEST101,18.55
ETU1612,PROJ101,20.0
ETU1613,MAT101,10.17
ETU1613,PHY101,10.13
ETU1613,PROG101,12.06
ETU1613,STAT101,9.8
ETU1613,ANG101,11.53
ETU1613,DATA101,13.19
ETU1613,ALG101,11.19
ETU1613,ELEC101,10.44
ETU1613,GEST101,11.74
ETU1613,PROJ101,10.42
ETU1614,MAT101,7.08
ETU1614,PHY101,5.0
ETU1614,PROG101,4.13
ETU1614,STAT101,4.64
ETU1614,ANG101,7.88
ETU1614,DATA101,8.8
ETU1614,ALG101,8.76
ETU1614,ELEC101,3.7
ETU1614,GEST101,8.98
ETU1614,PROJ101,12.08
ETU1615,MAT101,12.15
ETU1615,PHY101,10.17
ETU1615,PROG101,11.34
ETU1615,STAT101,10.71
ETU1615,ANG101,10.66
ETU1615,DATA101,13.06
ETU1615,ALG101,8.45
ETU1615,ELEC101,10.38
ETU1615,GEST101,8.07
ETU1615,PROJ101,14.08
ETU1616,MAT101,15.31
ETU1616,PHY101,11.75
ETU1616,PROG101,18.74
ETU1616,STAT101,15.12
ETU1616,ANG101,13.94
ETU1616,DATA101,19.8
ETU1616,ALG101,14.68
ETU1616,ELEC101,13.19
ETU1616,GEST101,
ETU1616,PROJ101,14.25
ETU1617,MAT101,11.17
ETU1617,PHY101,14.64
ETU1617,PROG101,17.06
ETU1617,STAT101,12.02
ETU1617,ANG101,14.63
ETU1617,DATA101,15.85
ETU1617,ALG101,11.86
ETU1617,ELEC101,10.3
ETU1617,GEST101,14.72
ETU1617,PROJ101,11.16
ETU1618,MAT101,7.13
ETU1618,PHY101,5.74
ETU1618,PROG101,12.41
ETU1618,STAT101,9.48
ETU1618,ANG101,11.95
ETU1618,DATA101,8.05
ETU1618,ALG101,10.08
ETU1618,ELEC101,9.76
ETU1618,GEST101,14.22
ETU1618,PROJ101,11.86
ETU1619,MAT101,11.28
ETU1619,PHY101,9.45
ETU1619,PROG101,4.96
ETU1619,STAT101,
ETU1619,ANG101,10.59
ETU1619,DATA101,9.79
ETU1619,ALG101,8.69
ETU1619,ELEC101,8.79
ETU1619,GEST101,9.31
ETU1619,PROJ101,12.66
ETU1620,MAT101,7.69
ETU1620,PHY101,13.09
ETU1620,PROG101,11.89
ETU1620,STAT101,12.26
ETU1620,ANG101,9.32
ETU1620,DATA101,9.48
ETU1620,ALG101,10.19
ETU1620,ELEC101,9.59
ETU1620,GEST101,12.4
ETU1620,PROJ101,11.39
ETU1621,MAT101,15.92
ETU1621,PHY101,9.96
ETU1621,PROG101,10.56
ETU1621,STAT101,11.28
ETU1621,ANG101,13.21
ETU1621,DATA101,15.36
ETU1621,ALG101,13.15
ETU1621,ELEC101,7.09
ETU1621,GEST101,8.65
ETU1621,PROJ101,13.5
ETU1622,MAT101,13.83
ETU1622,PHY101,14.2
ETU1622,PROG101,14.96
ETU1622,STAT101,18.37
ETU1622,ANG101,18.23
ETU1622,DATA101,14.42
ETU1622,ALG101,14.89
ETU1622,ELEC101,13.89
ETU1622,GEST101,11.81
ETU1622,PROJ101,15.31
ETU1623,MAT101,13.0
ETU1623,PHY101,12.25
ETU1623,PROG101,13.61
ETU1623,STAT101,13.68
ETU1623,ANG101,16.42
ETU1623,DATA101,13.51
ETU1623,ALG101,16.91
ETU1623,ELEC101,11.83
ETU1623,GEST101,17.48
ETU1623,PROJ101,16.16
ETU1624,MAT101,9.95
ETU1624,PHY101,11.48
ETU1624,PROG101,16.57
ETU1624,STAT101,10.82
ETU1624,ANG101,17.44
ETU1624,DATA101,14.23
ETU1624,ALG101,13.25
ETU1624,ELEC101,13.1
ETU1624,GEST101,12.93
ETU1624,PROJ101,7.25
ETU1625,MAT101,5.95
ETU1625,PHY101,7.54
ETU1625,PROG101,9.18
ETU1625,STAT101,9.18
ETU1625,ANG101,10.29
ETU1625,DATA101,10.13
ETU1625,ALG101,12.42
ETU1625,ELEC101,8.09
ETU1625,GEST101,11.58
ETU1625,PROJ101,10.56
ETU1626,MAT101,12.52
ETU1626,PHY101,7.69
ETU1626,PROG101,8.46
ETU1626,STAT101,10.54
ETU1626,ANG101,11.74
ETU1626,DATA101,8.06
ETU1626,ALG101,9.09
ETU1626,ELEC101,9.16
ETU1626,GEST101,10.44
ETU1626,PROJ101,10.26
ETU1627,MAT101,9.16
ETU1627,PHY101,13.81
ETU1627,PROG101,14.91
ETU1627,STAT101,13.89
ETU1627,ANG101,13.37
ETU1627,DATA101,16.61
ETU1627,ALG101,10.96
ETU1627,ELEC101,14.92
ETU1627,GEST101,11.94
ETU1627,PROJ101,16.42
ETU1628,MAT101,5.94
ETU1628,PHY101,9.5
ETU1628,PROG101,12.17
ETU1628,STAT101,11.78
ETU1628,ANG101,12.38
ETU1628,DATA101,5.89
ETU1628,ALG101,8.13
ETU1628,ELEC101,6.45
ETU1628,GEST101,3.87
ETU1628,PROJ101,9.2
ETU1629,MAT101,12.96
ETU1629,PHY101,11.8
ETU1629,PROG101,16.34
ETU1629,STAT101,10.05
ETU1629,ANG101,16.05
ETU1629,DATA101,11.47
ETU1629,ALG101,8.96
ETU1629,ELEC101,11.26
ETU1629,GEST101,13.24
ETU1629,PROJ101,15.16
ETU1630,MAT101,11.12
ETU1630,PHY101,12.53
ETU1630,PROG101,12.96
ETU1630,STAT101,11.79
ETU1630,ANG101,17.16
ETU1630,DATA101,14.25
ETU1630,ALG101,7.95
ETU1630,ELEC101,12.67
ETU1630,GEST101,10.15
ETU1630,PROJ101,14.25
ETU1631,MAT101,5.5
ETU1631,PHY101,9.41
ETU1631,PROG101,5.87
ETU1631,STAT101,6.79
ETU1631,ANG101,11.71
ETU1631,DATA101,9.27
ETU1631,ALG101,5.86
ETU1631,ELEC101,11.54
ETU1631,GEST101,8.82
ETU1631,PROJ101,9.55
ETU1632,MAT101,8.43
ETU1632,PHY101,9.89
ETU1632,PROG101,8.77
ETU1632,STAT101,8.81
ETU1632,ANG101,12.74
ETU1632,DATA101,11.73
ETU1632,ALG101,8.58
ETU1632,ELEC101,8.25
ETU1632,GEST101,4.82
ETU1632,PROJ101,10.76
ETU1633,MAT101,13.01
ETU1633,PHY101,10.08
ETU1633,PROG101,14.76
ETU1633,STAT101,15.35
ETU1633,ANG101,9.18
ETU1633,DATA101,10.14
ETU1633,ALG101,14.06
ETU1633,ELEC101,12.71
ETU1633,GEST101,8.77
ETU1633,PROJ101,9.51
ETU1634,MAT101,
ETU1634,PHY101,13.24
ETU1634,PROG101,12.88
ETU1634,STAT101,15.83
ETU1634,ANG101,12.85
ETU1634,DATA101,9.16
ETU1634,ALG101,14.36
ETU1634,ELEC101,
ETU1634,GEST101,12.66
ETU1634,PROJ101,11.93
ETU1635,MAT101,9.9
ETU1635,PHY101,13.85
ETU1635,PROG101,
ETU1635,STAT101,16.57
ETU1635,ANG101,16.51
ETU1635,DATA101,13.87
ETU1635,ALG101,14.78
ETU1635,ELEC101,16.19
ETU1635,GEST101,16.05
ETU1635,PROJ101,17.64
ETU1636,MAT101,10.69
ETU1636,PHY101,14.04
ETU1636,PROG101,14.53
ETU1636,STAT101,12.59
ETU1636,ANG101,16.76
ETU1636,DATA101,18.03
ETU1636,ALG101,10.15
ETU1636,ELEC101,9.13
ETU1636,GEST101,13.59
ETU1636,PROJ101,14.42
ETU1637,MAT101,11.59
ETU1637,PHY101,9.98
ETU1637,PROG101,8.98
ETU1637,STAT101,11.41
ETU1637,ANG101,12.95
ETU1637,DATA101,11.73
ETU1637,ALG101,11.7
ETU1637,ELEC101,
ETU1637,GEST101,12.39
ETU1637,PROJ101,11.86
ETU1638,MAT101,9.38
ETU1638,PHY101,9.79
ETU1638,PROG101,10.26
ETU1638,STAT101,14.19
ETU1638,ANG101,11.75
ETU1638,DATA101,10.26
ETU1638,ALG101,8.04
ETU1638,ELEC101,7.68
ETU1638,GEST101,10.0
ETU1638,PROJ101,10.47
ETU1639,MAT101,7.95
ETU1639,PHY101,9.2
ETU1639,PROG101,11.52
ETU1639,STAT101,10.38
ETU1639,ANG101,11.31
ETU1639,DATA101,7.58
ETU1639,ALG101,11.36
ETU1639,ELEC101,6.75
ETU1639,GEST101,10.4
ETU1639,PROJ101,11.27
ETU1640,MAT101,12.69
ETU1640,PHY101,13.69
ETU1640,PROG101,10.03
ETU1640,STAT101,
ETU1640,ANG101,13.96
ETU1640,DATA101,15.02
ETU1640,ALG101,9.74
ETU1640,ELEC101,8.13
ETU1640,GEST101,8.49
ETU1640,PROJ101,8.11
ETU1641,MAT101,11.03
ETU1641,PHY101,
ETU1641,PROG101,15.21
ETU1641,STAT101,13.55
ETU1641,ANG101,13.35
ETU1641,DATA101,14.15
ETU1641,ALG101,12.8
ETU1641,ELEC101,11.74
ETU1641,GEST101,14.35
ETU1641,PROJ101,13.36
ETU1642,MAT101,12.95
ETU1642,PHY101,12.98
ETU1642,PROG101,14.5
ETU1642,STAT101,9.33
ETU1642,ANG101,16.35
ETU1642,DATA101,12.93
ETU1642,ALG101,16.42
ETU1642,ELEC101,14.0
ETU1642,GEST101,11.79
ETU1642,PROJ101,15.11
ETU1643,MAT101,8.34
ETU1643,PHY101,5.22
ETU1643,PROG101,4.81
ETU1643,STAT101,4.09
ETU1643,ANG101,4.61
ETU1643,DATA101,2.57
ETU1643,ALG101,6.04
ETU1643,ELEC101,3.68
ETU1643,GEST101,5.9
ETU1643,PROJ101,11.55
ETU1644,MAT101,10.38
ETU1644,PHY101,7.31
ETU1644,PROG101,15.22
ETU1644,STAT101,10.32
ETU1644,ANG101,4.97
ETU1644,DATA101,15.06
ETU1644,ALG101,12.9
ETU1644,ELEC101,4.11
ETU1644,GEST101,11.29
ETU1644,PROJ101,10.84
ETU1645,MAT101,16.41
ETU1645,PHY101,14.78
ETU1645,PROG101,14.36
ETU1645,STAT101,13.83
ETU1645,ANG101,18.27
ETU1645,DATA101,13.58
ETU1645,ALG101,16.93
ETU1645,ELEC101,14.52
ETU1645,GEST101,12.56
ETU1645,PROJ101,18.52
ETU1646,MAT101,9.9
ETU1646,PHY101,9.86
ETU1646,PROG101,11.98
ETU1646,STAT101,11.9
ETU1646,ANG101,13.85
ETU1646,DATA101,14.67
ETU1646,ALG101,13.99
ETU1646,ELEC101,10.35
ETU1646,GEST101,11.81
ETU1646,PROJ101,15.21
ETU1647,MAT101,5.67
ETU1647,PHY101,7.6
ETU1647,PROG101,11.57
ETU1647,STAT101,7.25
ETU1647,ANG101,6.35
ETU1647,DATA101,6.81
ETU1647,ALG101,6.34
ETU1647,ELEC101,5.65
ETU1647,GEST101,8.49
ETU1647,PROJ101,14.16
ETU1648,MAT101,18.7
ETU1648,PHY101,16.99
ETU1648,PROG101,18.17
ETU1648,STAT101,16.49
ETU1648,ANG101,18.96
ETU1648,DATA101,20.0
ETU1648,ALG101,17.98
ETU1648,ELEC101,19.5
ETU1648,GEST101,20.0
ETU1648,PROJ101,20.0
ETU1649,MAT101,
ETU1649,PHY101,15.54
ETU1649,PROG101,14.37
ETU1649,STAT101,12.37
ETU1649,ANG101,11.32
ETU1649,DATA101,14.28
ETU1649,ALG101,13.88
ETU1649,ELEC101,13.55
ETU1649,GEST101,7.25
ETU1649,PROJ101,12.1
ETU1650,MAT101,13.54
ETU1650,PHY101,11.43
ETU1650,PROG101,12.09
ETU1650,STAT101,11.36
ETU1650,ANG101,10.78
ETU1650,DATA101,14.22
ETU1650,ALG101,11.45
ETU1650,ELEC101,11.43
ETU1650,GEST101,13.37
ETU1650,PROJ101,15.37
ETU1651,MAT101,13.13
ETU1651,PHY101,12.73
ETU1651,PROG101,8.7
ETU1651,STAT101,14.96
ETU1651,ANG101,17.72
ETU1651,DATA101,13.77
ETU1651,ALG101,10.53
ETU1651,ELEC101,11.28
ETU1651,GEST101,11.61
ETU1651,PROJ101,17.5
ETU1652,MAT101,9.67
ETU1652,PHY101,10.77
ETU1652,PROG101,10.83
ETU1652,STAT101,12.01
ETU1652,ANG101,10.31
ETU1652,DATA101,11.79
ETU1652,ALG101,9.89
ETU1652,ELEC101,12.77
ETU1652,GEST101,7.37
ETU1652,PROJ101,11.51
ETU1653,MAT101,11.8
ETU1653,PHY101,11.21
ETU1653,PROG101,7.22
ETU1653,STAT101,11.55
ETU1653,ANG101,9.2
ETU1653,DATA101,9.04
ETU1653,ALG101,11.87
ETU1653,ELEC101,8.73
ETU1653,GEST101,7.6
ETU1653,PROJ101,8.81
ETU1654,MAT101,17.13
ETU1654,PHY101,15.97
ETU1654,PROG101,16.93
ETU1654,STAT101,18.44
ETU1654,ANG101,
ETU1654,DATA101,17.21
ETU1654,ALG101,19.16
ETU1654,ELEC101,17.96
ETU1654,GEST101,18.8
ETU1654,PROJ101,17.54
ETU1655,MAT101,16.42
ETU1655,PHY101,13.0
ETU1655,PROG101,14.18
ETU1655,STAT101,17.83
ETU1655,ANG101,13.8
ETU1655,DATA101,13.07
ETU1655,ALG101,13.76
ETU1655,ELEC101,11.68
ETU1655,GEST101,13.13
ETU1655,PROJ101,19.05
ETU1656,MAT101,13.05
ETU1656,PHY101,13.99
ETU1656,PROG101,11.41
ETU1656,STAT101,11.96
ETU1656,ANG101,18.83
ETU1656,DATA101,12.23
ETU1656,ALG101,14.56
ETU1656,ELEC101,7.93
ETU1656,GEST101,11.78
ETU1656,PROJ101,14.62
ETU1657,MAT101,14.87
ETU1657,PHY101,12.69
ETU1657,PROG101,13.26
ETU1657,STAT101,14.62
ETU1657,ANG101,14.91
ETU1657,DATA101,10.24
ETU1657,ALG101,13.05
ETU1657,ELEC101,11.77
ETU1657,GEST101,13.69
ETU1657,PROJ101,13.51
ETU1658,MAT101,8.77
ETU1658,PHY101,9.39
ETU1658,PROG101,6.89
ETU1658,STAT101,7.68
ETU1658,ANG101,11.64
ETU1658,DATA101,11.22
ETU1658,ALG101,12.06
ETU1658,ELEC101,8.73
ETU1658,GEST101,8.47
ETU1658,PROJ101,9.02
ETU1659,MAT101,14.79
ETU1659,PHY101,12.54
ETU1659,PROG101,18.31
ETU1659,STAT101,14.02
ETU1659,ANG101,18.76
ETU1659,DATA101,13.39
ETU1659,ALG101,14.52
ETU1659,ELEC101,13.8
ETU1659,GEST101,13.05
ETU1659,PROJ101,15.76
ETU1660,MAT101,9.71
ETU1660,PHY101,4.51
ETU1660,PROG101,11.0
ETU1660,STAT101,10.19
ETU1660,ANG101,10.64
ETU1660,DATA101,11.53
ETU1660,ALG101,11.09
ETU1660,ELEC101,14.78
ETU1660,GEST101,7.44
ETU1660,PROJ101,14.06
ETU1661,MAT101,14.23
ETU1661,PHY101,12.52
ETU1661,PROG101,10.74
ETU1661,STAT101,11.57
ETU1661,ANG101,12.49
ETU1661,DATA101,12.66
ETU1661,ALG101,13.77
ETU1661,ELEC101,14.69
ETU1661,GEST101,17.29
ETU1661,PROJ101,12.89
ETU1662,MAT101,7.47
ETU1662,PHY101,5.08
ETU1662,PROG101,10.04
ETU1662,STAT101,8.26
ETU1662,ANG101,8.17
ETU1662,DATA101,4.86
ETU1662,ALG101,7.7
ETU1662,ELEC101,7.52
ETU1662,GEST101,4.7
ETU1662,PROJ101,
ETU1663,MAT101,6.41
ETU1663,PHY101,9.5
ETU1663,PROG101,9.24
ETU1663,STAT101,5.98
ETU1663,ANG101,6.87
ETU1663,DATA101,5.43
ETU1663,ALG101,4.63
ETU1663,ELEC101,5.31
ETU1663,GEST101,11.76
ETU1663,PROJ101,6.95
ETU1664,MAT101,12.21
ETU1664,PHY101,9.48
ETU1664,PROG101,14.11
ETU1664,STAT101,12.48
ETU1664,ANG101,12.87
ETU1664,DATA101,11.0
ETU1664,ALG101,10.85
ETU1664,ELEC101,11.04
ETU1664,GEST101,12.56
ETU1664,PROJ101,11.78
ETU1665,MAT101,9.05
ETU1665,PHY101,9.41
ETU1665,PROG101,11.56
ETU1665,STAT101,13.16
ETU1665,ANG101,7.12
ETU1665,DATA101,10.82
ETU1665,ALG101,8.85
ETU1665,ELEC101,4.91
ETU1665,GEST101,9.17
ETU1665,PROJ101,7.43
ETU1666,MAT101,7.55
ETU1666,PHY101,6.96
ETU1666,PROG101,7.14
ETU1666,STAT101,5.0
ETU1666,ANG101,10.57
ETU1666,DATA101,4.75
ETU1666,ALG101,5.6
ETU1666,ELEC101,5.55
ETU1666,GEST101,
ETU1666,PROJ101,12.8
ETU1667,MAT101,16.15
ETU1667,PHY101,13.46
ETU1667,PROG101,13.47
ETU1667,STAT101,13.05
ETU1667,ANG101,15.79
ETU1667,DATA101,15.96
ETU1667,ALG101,10.68
ETU1667,ELEC101,16.19
ETU1667,GEST101,14.86
ETU1667,PROJ101,13.25
ETU1668,MAT101,16.59
ETU1668,PHY101,17.58
ETU1668,PROG101,18.68
ETU1668,STAT101,15.19
ETU1668,ANG101,18.27
ETU1668,DATA101,18.12
ETU1668,ALG101,19.51
ETU1668,ELEC101,19.36
ETU1668,GEST101,15.57
ETU1668,PROJ101,18.58
ETU1669,MAT101,13.75
ETU1669,PHY101,15.63
ETU1669,PROG101,
ETU1669,STAT101,17.42
ETU1669,ANG101,17.62
ETU1669,DATA101,17.51
ETU1669,ALG101,18.37
ETU1669,ELEC101,16.71
ETU1669,GEST101,13.97
ETU1669,PROJ101,20.0
ETU1670,MAT101,11.0
ETU1670,PHY101,11.26
ETU1670,PROG101,14.08
ETU1670,STAT101,15.71
ETU1670,ANG101,11.39
ETU1670,DATA101,14.04
ETU1670,ALG101,9.97
ETU1670,ELEC101,11.18
ETU1670,GEST101,9.07
ETU1670,PROJ101,11.38
ETU1671,MAT101,11.96
ETU1671,PHY101,12.35
ETU1671,PROG101,13.22
ETU1671,STAT101,13.92
ETU1671,ANG101,12.26
ETU1671,DATA101,12.11
ETU1671,ALG101,11.61
ETU1671,ELEC101,10.7
ETU1671,GEST101,10.92
ETU1671,PROJ101,13.31
ETU1672,MAT101,15.51
ETU1672,PHY101,14.19
ETU1672,PROG101,13.64
ETU1672,STAT101,14.33
ETU1672,ANG101,14.31
ETU1672,DATA101,15.79
ETU1672,ALG101,15.79
ETU1672,ELEC101,15.44
ETU1672,GEST101,14.58
ETU1672,PROJ101,14.46
ETU1673,MAT101,16.51
ETU1673,PHY101,13.54
ETU1673,PROG101,15.31
ETU1673,STAT101,15.38
ETU1673,ANG101,15.94
ETU1673,DATA101,16.71
ETU1673,ALG101,11.85
ETU1673,ELEC101,15.19
ETU1673,GEST101,20.0
ETU1673,PROJ101,14.46
ETU1674,MAT101,9.81
ETU1674,PHY101,10.7
ETU1674,PROG101,8.08
ETU1674,STAT101,10.59
ETU1674,ANG101,11.44
ETU1674,DATA101,11.2
ETU1674,ALG101,10.03
ETU1674,ELEC101,10.61
ETU1674,GEST101,10.74
ETU1674,PROJ101,12.15
ETU1675,MAT101,11.97
ETU1675,PHY101,13.47
ETU1675,PROG101,14.96
ETU1675,STAT101,9.27
ETU1675,ANG101,15.45
ETU1675,DATA101,10.57
ETU1675,ALG101,11.75
ETU1675,ELEC101,8.28
ETU1675,GEST101,8.79
ETU1675,PROJ101,17.74
ETU1676,MAT101,12.29
ETU1676,PHY101,11.54
ETU1676,PROG101,13.61
ETU1676,STAT101,12.18
ETU1676,ANG101,15.53
ETU1676,DATA101,13.59
ETU1676,ALG101,13.86
ETU1676,ELEC101,10.55
ETU1676,GEST101,10.6
ETU1676,PROJ101,15.88
ETU1677,MAT101,13.65
ETU1677,PHY101,10.31
ETU1677,PROG101,11.34
ETU1677,STAT101,13.49
ETU1677,ANG101,15.64
ETU1677,DATA101,11.91
ETU1677,ALG101,16.32
ETU1677,ELEC101,14.22
ETU1677,GEST101,16.3
ETU1677,PROJ101,14.74
ETU1678,MAT101,11.18
ETU1678,PHY101,8.36
ETU1678,PROG101,10.34
ETU1678,STAT101,11.22
ETU1678,ANG101,13.42
ETU1678,DATA101,12.34
ETU1678,ALG101,7.62
ETU1678,ELEC101,9.02
ETU1678,GEST101,12.87
ETU1678,PROJ101,13.58
ETU1679,MAT101,10.38
ETU1679,PHY101,12.17
ETU1679,PROG101,13.14
ETU1679,STAT101,15.85
ETU1679,ANG101,12.73
ETU1679,DATA101,11.11
ETU1679,ALG101,9.57
ETU1679,ELEC101,8.26
ETU1679,GEST101,13.55
ETU1679,PROJ101,
ETU1680,MAT101,12.58
ETU1680,PHY101,15.96
ETU1680,PROG101,16.1
ETU1680,STAT101,14.79
ETU1680,ANG101,12.72
ETU1680,DATA101,16.78
ETU1680,ALG101,18.8
ETU1680,ELEC101,13.3
ETU1680,GEST101,16.6
ETU1680,PROJ101,17.75
ETU1681,MAT101,
ETU1681,PHY101,12.45
ETU1681,PROG101,12.33
ETU1681,STAT101,18.44
ETU1681,ANG101,11.41
ETU1681,DATA101,14.84
ETU1681,ALG101,15.39
ETU1681,ELEC101,12.84
ETU1681,GEST101,11.42
ETU1681,PROJ101,15.72
ETU1682,MAT101,11.11
ETU1682,PHY101,13.21
ETU1682,PROG101,14.96
ETU1682,STAT101,10.54
ETU1682,ANG101,12.8
ETU1682,DATA101,12.2
ETU1682,ALG101,14.42
ETU1682,ELEC101,12.62
ETU1682,GEST101,11.51
ETU1682,PROJ101,16.5
ETU1683,MAT101,14.36
ETU1683,PHY101,14.55
ETU1683,PROG101,14.65
ETU1683,STAT101,16.5
ETU1683,ANG101,16.66
ETU1683,DATA101,19.59
ETU1683,ALG101,16.27
ETU1683,ELEC101,13.86
ETU1683,GEST101,17.05
ETU1683,PROJ101,20.0
ETU1684,MAT101,7.86
ETU1684,PHY101,11.09
ETU1684,PROG101,7.35
ETU1684,STAT101,13.44
ETU1684,ANG101,10.92
ETU1684,DATA101,9.34
ETU1684,ALG101,13.71
ETU1684,ELEC101,10.03
ETU1684,GEST101,11.51
ETU1684,PROJ101,11.05
ETU1685,MAT101,14.76
ETU1685,PHY101,11.4
ETU1685,PROG101,17.28
ETU1685,STAT101,13.02
ETU1685,ANG101,19.05
ETU1685,DATA101,14.21
ETU1685,ALG101,15.92
ETU1685,ELEC101,14.14
ETU1685,GEST101,15.88
ETU1685,PROJ101,16.65
ETU1686,MAT101,13.43
ETU1686,PHY101,15.55
ETU1686,PROG101,12.52
ETU1686,STAT101,8.88
ETU1686,ANG101,16.79
ETU1686,DATA101,14.9
ETU1686,ALG101,10.72
ETU1686,ELEC101,9.99
ETU1686,GEST101,14.73
ETU1686,PROJ101,14.74
ETU1687,MAT101,20.0
ETU1687,PHY101,18.28
ETU1687,PROG101,16.9
ETU1687,STAT101,16.05
ETU1687,ANG101,19.14
ETU1687,DATA101,14.56
ETU1687,ALG101,14.55
ETU1687,ELEC101,14.89
ETU1687,GEST101,17.35
ETU1687,PROJ101,19.01
ETU1688,MAT101,9.43
ETU1688,PHY101,10.62
ETU1688,PROG101,11.14
ETU1688,STAT101,10.37
ETU1688,ANG101,8.78
ETU1688,DATA101,7.3
ETU1688,ALG101,9.17
ETU1688,ELEC101,8.91
ETU1688,GEST101,7.17
ETU1688,PROJ101,9.32
ETU1689,MAT101,7.66
ETU1689,PHY101,5.99
ETU1689,PROG101,10.81
ETU1689,STAT101,11.63
ETU1689,ANG101,14.5
ETU1689,DATA101,9.98
ETU1689,ALG101,6.15
ETU1689,ELEC101,13.24
ETU1689,GEST101,14.87
ETU1689,PROJ101,17.4
ETU1690,MAT101,17.34
ETU1690,PHY101,12.57
ETU1690,PROG101,13.09
ETU1690,STAT101,14.27
ETU1690,ANG101,11.0
ETU1690,DATA101,11.73
ETU1690,ALG101,12.29
ETU1690,ELEC101,14.52
ETU1690,GEST101,16.03
ETU1690,PROJ101,13.8
ETU1691,MAT101,9.62
ETU1691,PHY101,13.82
ETU1691,PROG101,10.19
ETU1691,STAT101,11.51
ETU1691,ANG101,14.3
ETU1691,DATA101,10.08
ETU1691,ALG101,10.95
ETU1691,ELEC101,14.26
ETU1691,GEST101,15.11
ETU1691,PROJ101,11.46
ETU1692,MAT101,17.09
ETU1692,PHY101,12.48
ETU1692,PROG101,18.41
ETU1692,STAT101,15.27
ETU1692,ANG101,17.43
ETU1692,DATA101,17.37
ETU1692,ALG101,14.21
ETU1692,ELEC101,14.61
ETU1692,GEST101,20.0
ETU1692,PROJ101,17.38
ETU1693,MAT101,9.88
ETU1693,PHY101,9.62
ETU1693,PROG101,13.05
ETU1693,STAT101,11.58
ETU1693,ANG101,5.02
ETU1693,DATA101,8.1
ETU1693,ALG101,12.86
ETU1693,ELEC101,13.34
ETU1693,GEST101,8.49
ETU1693,PROJ101,10.45
ETU1694,MAT101,
ETU1694,PHY101,12.71
ETU1694,PROG101,15.7
ETU1694,STAT101,13.53
ETU1694,ANG101,14.06
ETU1694,DATA101,15.9
ETU1694,ALG101,9.77
ETU1694,ELEC101,13.94
ETU1694,GEST101,15.93
ETU1694,PROJ101,18.19
ETU1695,MAT101,14.49
ETU1695,PHY101,10.56
ETU1695,PROG101,15.31
ETU1695,STAT101,11.02
ETU1695,ANG101,16.66
ETU1695,DATA101,17.61
ETU1695,ALG101,14.39
ETU1695,ELEC101,13.7
ETU1695,GEST101,17.19
ETU1695,PROJ101,16.68
ETU1696,MAT101,14.63
ETU1696,PHY101,17.72
ETU1696,PROG101,12.86
ETU1696,STAT101,14.42
ETU1696,ANG101,17.77
ETU1696,DATA101,17.11
ETU1696,ALG101,14.53
ETU1696,ELEC101,12.42
ETU1696,GEST101,15.8
ETU1696,PROJ101,16.25
ETU1697,MAT101,10.69
ETU1697,PHY101,6.35
ETU1697,PROG101,13.4
ETU1697,STAT101,12.25
ETU1697,ANG101,10.24
ETU1697,DATA101,12.5
ETU1697,ALG101,8.79
ETU1697,ELEC101,12.07
ETU1697,GEST101,10.27
ETU1697,PROJ101,8.63
ETU1698,MAT101,19.46
ETU1698,PHY101,16.45
ETU1698,PROG101,15.32
ETU1698,STAT101,18.94
ETU1698,ANG101,17.95
ETU1698,DATA101,15.15
ETU1698,ALG101,18.87
ETU1698,ELEC101,16.64
ETU1698,GEST101,16.98
ETU1698,PROJ101,16.69
ETU1699,MAT101,12.65
ETU1699,PHY101,9.38
ETU1699,PROG101,16.84
ETU1699,STAT101,12.54
ETU1699,ANG101,14.15
ETU1699,DATA101,15.05
ETU1699,ALG101,14.51
ETU1699,ELEC101,12.7
ETU1699,GEST101,17.34
ETU1699,PROJ101,12.75
ETU1700,MAT101,14.45
ETU1700,PHY101,12.07
ETU1700,PROG101,
ETU1700,STAT101,9.98
ETU1700,ANG101,14.84
ETU1700,DATA101,11.25
ETU1700,ALG101,10.37
ETU1700,ELEC101,15.77
ETU1700,GEST101,11.19
ETU1700,PROJ101,11.08
ETU1701,MAT101,13.24
ETU1701,PHY101,12.19
ETU1701,PROG101,11.42
ETU1701,STAT101,10.16
ETU1701,ANG101,11.86
ETU1701,DATA101,11.57
ETU1701,ALG101,13.17
ETU1701,ELEC101,12.17
ETU1701,GEST101,12.31
ETU1701,PROJ101,12.69
ETU1702,MAT101,13.4
ETU1702,PHY101,9.89
ETU1702,PROG101,9.35
ETU1702,STAT101,15.02
ETU1702,ANG101,12.67
ETU1702,DATA101,16.9
ETU1702,ALG101,11.08
ETU1702,ELEC101,11.71
ETU1702,GEST101,11.23
ETU1702,PROJ101,14.06
ETU1703,MAT101,10.41
ETU1703,PHY101,10.35
ETU1703,PROG101,12.04
ETU1703,STAT101,10.43
ETU1703,ANG101,13.09
ETU1703,DATA101,10.46
ETU1703,ALG101,11.68
ETU1703,ELEC101,7.31
ETU1703,GEST101,9.43
ETU1703,PROJ101,10.8
ETU1704,MAT101,10.46
ETU1704,PHY101,10.31
ETU1704,PROG101,14.67
ETU1704,STAT101,12.63
ETU1704,ANG101,13.5
ETU1704,DATA101,14.29
ETU1704,ALG101,13.85
ETU1704,ELEC101,11.57
ETU1704,GEST101,16.35
ETU1704,PROJ101,14.05
ETU1705,MAT101,12.59
ETU1705,PHY101,9.64
ETU1705,PROG101,12.52
ETU1705,STAT101,13.1
ETU1705,ANG101,14.04
ETU1705,DATA101,13.13
ETU1705,ALG101,10.04
ETU1705,ELEC101,8.59
ETU1705,GEST101,9.77
ETU1705,PROJ101,11.92
ETU1706,MAT101,7.89
ETU1706,PHY101,9.51
ETU1706,PROG101,9.73
ETU1706,STAT101,6.64
ETU1706,ANG101,12.4
ETU1706,DATA101,10.21
ETU1706,ALG101,7.63
ETU1706,ELEC101,7.54
ETU1706,GEST101,13.11
ETU1706,PROJ101,8.19
ETU1707,MAT101,11.52
ETU1707,PHY101,7.59
ETU1707,PROG101,8.72
ETU1707,STAT101,9.4
ETU1707,ANG101,6.79
ETU1707,DATA101,9.68
ETU1707,ALG101,10.15
ETU1707,ELEC101,7.26
ETU1707,GEST101,9.54
ETU1707,PROJ101,14.45
ETU1708,MAT101,10.96
ETU1708,PHY101,7.01
ETU1708,PROG101,8.81
ETU1708,STAT101,
ETU1708,ANG101,12.6
ETU1708,DATA101,8.1
ETU1708,ALG101,10.71
ETU1708,ELEC101,10.32
ETU1708,GEST101,10.44
ETU1708,PROJ101,12.78
ETU1709,MAT101,10.02
ETU1709,PHY101,13.87
ETU1709,PROG101,8.91
ETU1709,STAT101,10.12
ETU1709,ANG101,9.75
ETU1709,DATA101,10.92
ETU1709,ALG101,13.29
ETU1709,ELEC101,12.3
ETU1709,GEST101,13.37
ETU1709,PROJ101,11.69
ETU1710,MAT101,10.96
ETU1710,PHY101,13.24
ETU1710,PROG101,10.23
ETU1710,STAT101,9.92
ETU1710,ANG101,11.2
ETU1710,DATA101,12.21
ETU1710,ALG101,12.44
ETU1710,ELEC101,12.53
ETU1710,GEST101,11.68
ETU1710,PROJ101,11.89
ETU1711,MAT101,10.54
ETU1711,PHY101,12.44
ETU1711,PROG101,9.34
ETU1711,STAT101,11.67
ETU1711,ANG101,12.88
ETU1711,DATA101,13.87
ETU1711,ALG101,9.32
ETU1711,ELEC101,13.04
ETU1711,GEST101,13.8
ETU1711,PROJ101,17.09
ETU1712,MAT101,15.72
ETU1712,PHY101,14.44
ETU1712,PROG101,9.15
ETU1712,STAT101,10.34
ETU1712,ANG101,15.95
ETU1712,DATA101,12.86
ETU1712,ALG101,15.92
ETU1712,ELEC101,12.35
ETU1712,GEST101,14.93
ETU1712,PROJ101,15.17
ETU1713,MAT101,9.56
ETU1713,PHY101,11.25
ETU1713,PROG101,11.67
ETU1713,STAT101,7.57
ETU1713,ANG101,15.62
ETU1713,DATA101,7.91
ETU1713,ALG101,8.25
ETU1713,ELEC101,10.56
ETU1713,GEST101,11.54
ETU1713,PROJ101,12.75
ETU1714,MAT101,9.67
ETU1714,PHY101,14.2
ETU1714,PROG101,16.64
ETU1714,STAT101,13.92
ETU1714,ANG101,16.56
ETU1714,DATA101,18.72
ETU1714,ALG101,12.74
ETU1714,ELEC101,16.94
ETU1714,GEST101,15.85
ETU1714,PROJ101,14.79
ETU1715,MAT101,8.81
ETU1715,PHY101,9.78
ETU1715,PROG101,13.44
ETU1715,STAT101,11.72
ETU1715,ANG101,9.38
ETU1715,DATA101,13.31
ETU1715,ALG101,12.32
ETU1715,ELEC101,6.76
ETU1715,GEST101,9.8
ETU1715,PROJ101,14.58
ETU1716,MAT101,10.08
ETU1716,PHY101,11.76
ETU1716,PROG101,6.23
ETU1716,STAT101,5.16
ETU1716,ANG101,12.92
ETU1716,DATA101,9.67
ETU1716,ALG101,11.74
ETU1716,ELEC101,11.9
ETU1716,GEST101,10.1
ETU1716,PROJ101,11.48
ETU1717,MAT101,11.8
ETU1717,PHY101,10.95
ETU1717,PROG101,13.61
ETU1717,STAT101,14.54
ETU1717,ANG101,12.45
ETU1717,DATA101,11.74
ETU1717,ALG101,11.5
ETU1717,ELEC101,13.45
ETU1717,GEST101,15.66
ETU1717,PROJ101,13.36
ETU1718,MAT101,2.47
ETU1718,PHY101,3.97
ETU1718,PROG101,6.31
ETU1718,STAT101,4.96
ETU1718,ANG101,5.28
ETU1718,DATA101,7.32
ETU1718,ALG101,11.83
ETU1718,ELEC101,4.2
ETU1718,GEST101,8.11
ETU1718,PROJ101,9.11
ETU1719,MAT101,10.41
ETU1719,PHY101,8.71
ETU1719,PROG101,7.3
ETU1719,STAT101,
ETU1719,ANG101,7.35
ETU1719,DATA101,9.6
ETU1719,ALG101,8.79
ETU1719,ELEC101,6.55
ETU1719,GEST101,9.19
ETU1719,PROJ101,11.93
ETU1720,MAT101,13.41
ETU1720,PHY101,10.46
ETU1720,PROG101,15.94
ETU1720,STAT101,17.71
ETU1720,ANG101,12.51
ETU1720,DATA101,14.37
ETU1720,ALG101,13.85
ETU1720,ELEC101,
ETU1720,GEST101,17.5
ETU1720,PROJ101,15.29
ETU1721,MAT101,8.53
ETU1721,PHY101,6.99
ETU1721,PROG101,9.85
ETU1721,STAT101,7.56
ETU1721,ANG101,7.24
ETU1721,DATA101,8.5
ETU1721,ALG101,5.17
ETU1721,ELEC101,7.71
ETU1721,GEST101,5.85
ETU1721,PROJ101,8.03
ETU1722,MAT101,
ETU1722,PHY101,14.23
ETU1722,PROG101,17.65
ETU1722,STAT101,13.19
ETU1722,ANG101,17.3
ETU1722,DATA101,17.45
ETU1722,ALG101,15.93
ETU1722,ELEC101,14.32
ETU1722,GEST101,15.61
ETU1722,PROJ101,14.36
ETU1723,MAT101,11.87
ETU1723,PHY101,14.84
ETU1723,PROG101,18.58
ETU1723,STAT101,18.51
ETU1723,ANG101,13.72
ETU1723,DATA101,18.93
ETU1723,ALG101,16.45
ETU1723,ELEC101,15.8
ETU1723,GEST101,19.06
ETU1723,PROJ101,18.74
ETU1724,MAT101,8.18
ETU1724,PHY101,8.38
ETU1724,PROG101,7.46
ETU1724,STAT101,11.31
ETU1724,ANG101,9.9
ETU1724,DATA101,10.02
ETU1724,ALG101,12.87
ETU1724,ELEC101,11.09
ETU1724,GEST101,12.55
ETU1724,PROJ101,16.34
ETU1725,MAT101,6.19
ETU1725,PHY101,9.92
ETU1725,PROG101,11.99
ETU1725,STAT101,10.64
ETU1725,ANG101,15.28
ETU1725,DATA101,12.32
ETU1725,ALG101,9.89
ETU1725,ELEC101,12.34
ETU1725,GEST101,14.09
ETU1725,PROJ101,11.45
ETU1726,MAT101,13.77
ETU1726,PHY101,14.79
ETU1726,PROG101,17.38
ETU1726,STAT101,12.99
ETU1726,ANG101,16.83
ETU1726,DATA101,13.77
ETU1726,ALG101,14.49
ETU1726,ELEC101,11.96
ETU1726,GEST101,16.46
ETU1726,PROJ101,17.86
ETU1727,MAT101,9.74
ETU1727,PHY101,9.18
ETU1727,PROG101,9.99
ETU1727,STAT101,7.81
ETU1727,ANG101,13.06
ETU1727,DATA101,13.29
ETU1727,ALG101,8.66
ETU1727,ELEC101,10.24
ETU1727,GEST101,12.28
ETU1727,PROJ101,10.42
ETU1728,MAT101,16.52
ETU1728,PHY101,13.65
ETU1728,PROG101,11.25
ETU1728,STAT101,16.03
ETU1728,ANG101,10.28
ETU1728,DATA101,14.09
ETU1728,ALG101,12.81
ETU1728,ELEC101,14.66
ETU1728,GEST101,13.55
ETU1728,PROJ101,17.97
ETU1729,MAT101,11.81
ETU1729,PHY101,12.39
ETU1729,PROG101,14.5
ETU1729,STAT101,10.81
ETU1729,ANG101,10.98
ETU1729,DATA101,
ETU1729,ALG101,10.92
ETU1729,ELEC101,13.53
ETU1729,GEST101,7.63
ETU1729,PROJ101,8.59
ETU1730,MAT101,10.63
ETU1730,PHY101,6.72
ETU1730,PROG101,7.65
ETU1730,STAT101,12.84
ETU1730,ANG101,13.65
ETU1730,DATA101,9.47
ETU1730,ALG101,8.01
ETU1730,ELEC101,13.1
ETU1730,GEST101,9.14
ETU1730,PROJ101,8.94
ETU1731,MAT101,7.17
ETU1731,PHY101,9.71
ETU1731,PROG101,14.54
ETU1731,STAT101,8.27
ETU1731,ANG101,13.18
ETU1731,DATA101,10.21
ETU1731,ALG101,5.38
ETU1731,ELEC101,7.83
ETU1731,GEST101,12.54
ETU1731,PROJ101,
ETU1732,MAT101,10.71
ETU1732,PHY101,13.35
ETU1732,PROG101,12.58
ETU1732,STAT101,13.2
ETU1732,ANG101,16.28
ETU1732,DATA101,11.59
ETU1732,ALG101,11.54
ETU1732,ELEC101,14.62
ETU1732,GEST101,17.71
ETU1732,PROJ101,
ETU1733,MAT101,14.88
ETU1733,PHY101,15.81
ETU1733,PROG101,13.81
ETU1733,STAT101,14.67
ETU1733,ANG101,12.68
ETU1733,DATA101,13.95
ETU1733,ALG101,15.35
ETU1733,ELEC101,14.47
ETU1733,GEST101,10.91
ETU1733,PROJ101,15.35
ETU1734,MAT101,11.13
ETU1734,PHY101,10.92
ETU1734,PROG101,8.76
ETU1734,STAT101,12.63
ETU1734,ANG101,16.24
ETU1734,DATA101,13.39
ETU1734,ALG101,11.08
ETU1734,ELEC101,13.92
ETU1734,GEST101,10.82
ETU1734,PROJ101,13.63
ETU1735,MAT101,7.83
ETU1735,PHY101,11.02
ETU1735,PROG101,6.72
ETU1735,STAT101,6.31
ETU1735,ANG101,
ETU1735,DATA101,
ETU1735,ALG101,5.69
ETU1735,ELEC101,10.68
ETU1735,GEST101,7.4
ETU1735,PROJ101,8.14
ETU1736,MAT101,9.14
ETU1736,PHY101,5.13
ETU1736,PROG101,9.68
ETU1736,STAT101,7.9
ETU1736,ANG101,9.81
ETU1736,DATA101,10.77
ETU1736,ALG101,10.29
ETU1736,ELEC101,12.07
ETU1736,GEST101,11.99
ETU1736,PROJ101,
ETU1737,MAT101,10.5
ETU1737,PHY101,10.36
ETU1737,PROG101,15.09
ETU1737,STAT101,16.03
ETU1737,ANG101,11.31
ETU1737,DATA101,15.25
ETU1737,ALG101,12.59
ETU1737,ELEC101,8.07
ETU1737,GEST101,13.29
ETU1737,PROJ101,12.7
ETU1738,MAT101,15.57
ETU1738,PHY101,16.3
ETU1738,PROG101,15.79
ETU1738,STAT101,17.33
ETU1738,ANG101,17.37
ETU1738,DATA101,16.44
ETU1738,ALG101,17.63
ETU1738,ELEC101,16.61
ETU1738,GEST101,12.78
ETU1738,PROJ101,18.72
ETU1739,MAT101,12.91
ETU1739,PHY101,14.48
ETU1739,PROG101,13.7
ETU1739,STAT101,11.98
ETU1739,ANG101,12.52
ETU1739,DATA101,9.74
ETU1739,ALG101,12.56
ETU1739,ELEC101,10.48
ETU1739,GEST101,16.34
ETU1739,PROJ101,14.05
ETU1740,MAT101,8.09
ETU1740,PHY101,6.12
ETU1740,PROG101,7.71
ETU1740,STAT101,11.43
ETU1740,ANG101,14.89
ETU1740,DATA101,12.37
ETU1740,ALG101,10.31
ETU1740,ELEC101,14.47
ETU1740,GEST101,13.24
ETU1740,PROJ101,12.59
ETU1741,MAT101,12.59
ETU1741,PHY101,16.22
ETU1741,PROG101,13.48
ETU1741,STAT101,11.95
ETU1741,ANG101,14.7
ETU1741,DATA101,14.41
ETU1741,ALG101,15.44
ETU1741,ELEC101,11.4
ETU1741,GEST101,13.15
ETU1741,PROJ101,13.65
ETU1742,MAT101,10.47
ETU1742,PHY101,8.22
ETU1742,PROG101,14.16
ETU1742,STAT101,7.71
ETU1742,ANG101,15.47
ETU1742,DATA101,13.19
ETU1742,ALG101,9.07
ETU1742,ELEC101,10.1
ETU1742,GEST101,10.37
ETU1742,PROJ101,14.03
ETU1743,MAT101,13.34
ETU1743,PHY101,16.54
ETU1743,PROG101,12.15
ETU1743,STAT101,7.4
ETU1743,ANG101,9.86
ETU1743,DATA101,12.14
ETU1743,ALG101,10.23
ETU1743,ELEC101,11.8
ETU1743,GEST101,12.25
ETU1743,PROJ101,10.13
ETU1744,MAT101,8.19
ETU1744,PHY101,10.3
ETU1744,PROG101,10.37
ETU1744,STAT101,10.81
ETU1744,ANG101,7.66
ETU1744,DATA101,7.96
ETU1744,ALG101,11.61
ETU1744,ELEC101,6.03
ETU1744,GEST101,11.58
ETU1744,PROJ101,7.61
ETU1745,MAT101,15.24
ETU1745,PHY101,13.74
ETU1745,PROG101,13.85
ETU1745,STAT101,15.71
ETU1745,ANG101,18.94
ETU1745,DATA101,14.37
ETU1745,ALG101,10.92
ETU1745,ELEC101,14.54
ETU1745,GEST101,14.33
ETU1745,PROJ101,18.4
ETU1746,MAT101,3.77
ETU1746,PHY101,3.08
ETU1746,PROG101,4.69
ETU1746,STAT101,7.48
ETU1746,ANG101,7.17
ETU1746,DATA101,3.38
ETU1746,ALG101,2.24
ETU1746,ELEC101,7.76
ETU1746,GEST101,4.53
ETU1746,PROJ101,8.85
ETU1747,MAT101,13.06
ETU1747,PHY101,11.46
ETU1747,PROG101,12.6
ETU1747,STAT101,13.46
ETU1747,ANG101,10.56
ETU1747,DATA101,12.62
ETU1747,ALG101,17.72
ETU1747,ELEC101,18.09
ETU1747,GEST101,13.22
ETU1747,PROJ101,16.42
ETU1748,MAT101,11.0
ETU1748,PHY101,7.39
ETU1748,PROG101,12.28
ETU1748,STAT101,9.64
ETU1748,ANG101,11.79
ETU1748,DATA101,12.82
ETU1748,ALG101,9.67
ETU1748,ELEC101,9.25
ETU1748,GEST101,12.52
ETU1748,PROJ101,14.32
ETU1749,MAT101,11.33
ETU1749,PHY101,9.39
ETU1749,PROG101,13.29
ETU1749,STAT101,11.35
ETU1749,ANG101,14.87
ETU1749,DATA101,14.82
ETU1749,ALG101,11.5
ETU1749,ELEC101,12.99
ETU1749,GEST101,14.46
ETU1749,PROJ101,11.73
ETU1750,MAT101,18.73
ETU1750,PHY101,15.69
ETU1750,PROG101,18.1
ETU1750,STAT101,16.07
ETU1750,ANG101,14.22
ETU1750,DATA101,20.0
ETU1750,ALG101,17.51
ETU1750,ELEC101,17.31
ETU1750,GEST101,17.4
ETU1750,PROJ101,20.0
ETU1751,MAT101,3.63
ETU1751,PHY101,9.0
ETU1751,PROG101,2.37
ETU1751,STAT101,9.74
ETU1751,ANG101,
ETU1751,DATA101,10.96
ETU1751,ALG101,12.52
ETU1751,ELEC101,9.12
ETU1751,GEST101,8.28
ETU1751,PROJ101,13.38
ETU1752,MAT101,10.78
ETU1752,PHY101,13.42
ETU1752,PROG101,8.77
ETU1752,STAT101,11.45
ETU1752,ANG101,8.59
ETU1752,DATA101,10.47
ETU1752,ALG101,10.27
ETU1752,ELEC101,6.15
ETU1752,GEST101,13.43
ETU1752,PROJ101,13.12
ETU1753,MAT101,12.21
ETU1753,PHY101,8.34
ETU1753,PROG101,10.39
ETU1753,STAT101,13.52
ETU1753,ANG101,12.57
ETU1753,DATA101,11.44
ETU1753,ALG101,14.11
ETU1753,ELEC101,11.21
ETU1753,GEST101,
ETU1753,PROJ101,14.79
ETU1754,MAT101,9.97
ETU1754,PHY101,12.21
ETU1754,PROG101,13.83
ETU1754,STAT101,14.38
ETU1754,ANG101,11.02
ETU1754,DATA101,
ETU1754,ALG101,8.03
ETU1754,ELEC101,15.44
ETU1754,GEST101,10.4
ETU1754,PROJ101,17.88
ETU1755,MAT101,12.64
ETU1755,PHY101,8.02
ETU1755,PROG101,6.81
ETU1755,STAT101,10.74
ETU1755,ANG101,10.68
ETU1755,DATA101,13.95
ETU1755,ALG101,11.08
ETU1755,ELEC101,10.11
ETU1755,GEST101,11.04
ETU1755,PROJ101,13.45
ETU1756,MAT101,7.16
ETU1756,PHY101,11.33
ETU1756,PROG101,4.66
ETU1756,STAT101,6.97
ETU1756,ANG101,10.06
ETU1756,DATA101,9.06
ETU1756,ALG101,11.83
ETU1756,ELEC101,5.58
ETU1756,GEST101,2.91
ETU1756,PROJ101,11.1
ETU1757,MAT101,9.68
ETU1757,PHY101,11.07
ETU1757,PROG101,10.69
ETU1757,STAT101,4.49
ETU1757,ANG101,
ETU1757,DATA101,8.4
ETU1757,ALG101,8.71
ETU1757,ELEC101,8.73
ETU1757,GEST101,7.84
ETU1757,PROJ101,9.14
ETU1758,MAT101,16.49
ETU1758,PHY101,16.19
ETU1758,PROG101,11.87
ETU1758,STAT101,15.58
ETU1758,ANG101,18.25
ETU1758,DATA101,15.85
ETU1758,ALG101,15.61
ETU1758,ELEC101,11.11
ETU1758,GEST101,18.73
ETU1758,PROJ101,13.99
ETU1759,MAT101,10.84
ETU1759,PHY101,13.33
ETU1759,PROG101,15.93
ETU1759,STAT101,11.32
ETU1759,ANG101,18.08
ETU1759,DATA101,12.79
ETU1759,ALG101,11.94
ETU1759,ELEC101,9.33
ETU1759,GEST101,12.09
ETU1759,PROJ101,13.79
ETU1760,MAT101,13.86
ETU1760,PHY101,13.45
ETU1760,PROG101,12.34
ETU1760,STAT101,16.01
ETU1760,ANG101,14.29
ETU1760,DATA101,13.45
ETU1760,ALG101,10.57
ETU1760,ELEC101,13.89
ETU1760,GEST101,13.72
ETU1760,PROJ101,13.62
ETU1761,MAT101,7.88
ETU1761,PHY101,7.66
ETU1761,PROG101,12.24
ETU1761,STAT101,14.54
ETU1761,ANG101,11.83
ETU1761,DATA101,11.12
ETU1761,ALG101,12.47
ETU1761,ELEC101,13.22
ETU1761,GEST101,10.8
ETU1761,PROJ101,10.15
ETU1762,MAT101,9.58
ETU1762,PHY101,10.53
ETU1762,PROG101,5.75
ETU1762,STAT101,9.14
ETU1762,ANG101,10.86
ETU1762,DATA101,9.87
ETU1762,ALG101,6.86
ETU1762,ELEC101,8.65
ETU1762,GEST101,10.59
ETU1762,PROJ101,9.42
ETU1763,MAT101,16.37
ETU1763,PHY101,17.35
ETU1763,PROG101,18.44
ETU1763,STAT101,14.65
ETU1763,ANG101,18.36
ETU1763,DATA101,17.47
ETU1763,ALG101,20.0
ETU1763,ELEC101,16.68
ETU1763,GEST101,18.21
ETU1763,PROJ101,19.72
ETU1764,MAT101,8.32
ETU1764,PHY101,10.77
ETU1764,PROG101,15.29
ETU1764,STAT101,14.95
ETU1764,ANG101,11.57
ETU1764,DATA101,5.99
ETU1764,ALG101,14.72
ETU1764,ELEC101,10.17
ETU1764,GEST101,12.8
ETU1764,PROJ101,9.18
ETU1765,MAT101,13.27
ETU1765,PHY101,9.3
ETU1765,PROG101,7.98
ETU1765,STAT101,10.3
ETU1765,ANG101,6.63
ETU1765,DATA101,12.49
ETU1765,ALG101,12.98
ETU1765,ELEC101,7.93
ETU1765,GEST101,9.26
ETU1765,PROJ101,13.13
ETU1766,MAT101,15.8
ETU1766,PHY101,12.63
ETU1766,PROG101,13.09
ETU1766,STAT101,16.64
ETU1766,ANG101,12.6
ETU1766,DATA101,14.1
ETU1766,ALG101,9.08
ETU1766,ELEC101,12.14
ETU1766,GEST101,16.69
ETU1766,PROJ101,14.1
ETU1767,MAT101,13.74
ETU1767,PHY101,11.62
ETU1767,PROG101,
ETU1767,STAT101,10.65
ETU1767,ANG101,9.31
ETU1767,DATA101,10.72
ETU1767,ALG101,8.25
ETU1767,ELEC101,7.03
ETU1767,GEST101,12.26
ETU1767,PROJ101,9.35
ETU1768,MAT101,8.12
ETU1768,PHY101,9.76
ETU1768,PROG101,11.12
ETU1768,STAT101,7.79
ETU1768,ANG101,12.41
ETU1768,DATA101,9.04
ETU1768,ALG101,7.19
ETU1768,ELEC101,8.98
ETU1768,GEST101,10.34
ETU1768,PROJ101,7.52
ETU1769,MAT101,12.3
ETU1769,PHY101,15.31
ETU1769,PROG101,12.29
ETU1769,STAT101,12.9
ETU1769,ANG101,9.54
ETU1769,DATA101,14.74
ETU1769,ALG101,11.28
ETU1769,ELEC101,8.51
ETU1769,GEST101,15.05
ETU1769,PROJ101,12.77
ETU1770,MAT101,13.41
ETU1770,PHY101,15.58
ETU1770,PROG101,8.91
ETU1770,STAT101,10.01
ETU1770,ANG101,14.48
ETU1770,DATA101,12.08
ETU1770,ALG101,6.64
ETU1770,ELEC101,10.29
ETU1770,GEST101,12.01
ETU1770,PROJ101,12.74
ETU1771,MAT101,10.31
ETU1771,PHY101,14.89
ETU1771,PROG101,9.39
ETU1771,STAT101,13.08
ETU1771,ANG101,12.28
ETU1771,DATA101,11.43
ETU1771,ALG101,15.04
ETU1771,ELEC101,11.18
ETU1771,GEST101,13.99
ETU1771,PROJ101,15.41
ETU1772,MAT101,16.82
ETU1772,PHY101,19.34
ETU1772,PROG101,14.63
ETU1772,STAT101,17.99
ETU1772,ANG101,13.84
ETU1772,DATA101,20.0
ETU1772,ALG101,17.7
ETU1772,ELEC101,12.83
ETU1772,GEST101,18.97
ETU1772,PROJ101,20.0
ETU1773,MAT101,11.39
ETU1773,PHY101,11.07
ETU1773,PROG101,14.45
ETU1773,STAT101,13.62
ETU1773,ANG101,13.83
ETU1773,DATA101,11.45
ETU1773,ALG101,11.36
ETU1773,ELEC101,9.84
ETU1773,GEST101,9.47
ETU1773,PROJ101,16.39
ETU1774,MAT101,6.82
ETU1774,PHY101,6.29
ETU1774,PROG101,7.24
ETU1774,STAT101,
ETU1774,ANG101,5.91
ETU1774,DATA101,3.32
ETU1774,ALG101,7.22
ETU1774,ELEC101,10.72
ETU1774,GEST101,7.25
ETU1774,PROJ101,8.95
ETU1775,MAT101,14.4
ETU1775,PHY101,15.34
ETU1775,PROG101,11.06
ETU1775,STAT101,9.2
ETU1775,ANG101,14.12
ETU1775,DATA101,12.72
ETU1775,ALG101,
ETU1775,ELEC101,9.85
ETU1775,GEST101,17.62
ETU1775,PROJ101,13.54
ETU1776,MAT101,9.07
ETU1776,PHY101,14.84
ETU1776,PROG101,10.34
ETU1776,STAT101,13.95
ETU1776,ANG101,13.43
ETU1776,DATA101,16.46
ETU1776,ALG101,14.36
ETU1776,ELEC101,10.93
ETU1776,GEST101,16.35
ETU1776,PROJ101,14.21
ETU1777,MAT101,11.63
ETU1777,PHY101,11.6
ETU1777,PROG101,14.46
ETU1777,STAT101,11.34
ETU1777,ANG101,11.92
ETU1777,DATA101,10.73
ETU1777,ALG101,12.52
ETU1777,ELEC101,9.87
ETU1777,GEST101,15.0
ETU1777,PROJ101,12.59
ETU1778,MAT101,13.33
ETU1778,PHY101,14.55
ETU1778,PROG101,16.21
ETU1778,STAT101,12.91
ETU1778,ANG101,9.29
ETU1778,DATA101,8.7
ETU1778,ALG101,14.46
ETU1778,ELEC101,9.84
ETU1778,GEST101,12.62
ETU1778,PROJ101,16.22
ETU1779,MAT101,10.26
ETU1779,PHY101,8.34
ETU1779,PROG101,11.47
ETU1779,STAT101,13.36
ETU1779,ANG101,11.72
ETU1779,DATA101,13.52
ETU1779,ALG101,8.9
ETU1779,ELEC101,9.48
ETU1779,GEST101,12.0
ETU1779,PROJ101,15.83
ETU1780,MAT101,10.41
ETU1780,PHY101,9.81
ETU1780,PROG101,10.81
ETU1780,STAT101,12.96
ETU1780,ANG101,14.72
ETU1780,DATA101,14.85
ETU1780,ALG101,16.06
ETU1780,ELEC101,11.88
ETU1780,GEST101,11.05
ETU1780,PROJ101,12.63
ETU1781,MAT101,11.1
ETU1781,PHY101,13.09
ETU1781,PROG101,12.12
ETU1781,STAT101,16.07
ETU1781,ANG101,
ETU1781,DATA101,17.34
ETU1781,ALG101,15.07
ETU1781,ELEC101,14.45
ETU1781,GEST101,11.49
ETU1781,PROJ101,15.98
ETU1782,MAT101,14.53
ETU1782,PHY101,8.9
ETU1782,PROG101,13.07
ETU1782,STAT101,
ETU1782,ANG101,9.3
ETU1782,DATA101,10.7
ETU1782,ALG101,9.07
ETU1782,ELEC101,8.18
ETU1782,GEST101,10.08
ETU1782,PROJ101,12.72
ETU1783,MAT101,11.34
ETU1783,PHY101,9.96
ETU1783,PROG101,11.09
ETU1783,STAT101,9.24
ETU1783,ANG101,8.19
ETU1783,DATA101,9.57
ETU1783,ALG101,10.96
ETU1783,ELEC101,9.19
ETU1783,GEST101,12.65
ETU1783,PROJ101,14.49
ETU1784,MAT101,18.54
ETU1784,PHY101,19.56
ETU1784,PROG101,13.69
ETU1784,STAT101,17.34
ETU1784,ANG101,19.1
ETU1784,DATA101,19.66
ETU1784,ALG101,20.0
ETU1784,ELEC101,18.2
ETU1784,GEST101,15.29
ETU1784,PROJ101,20.0
ETU1785,MAT101,8.82
ETU1785,PHY101,10.49
ETU1785,PROG101,11.91
ETU1785,STAT101,6.2
ETU1785,ANG101,10.92
ETU1785,DATA101,10.3
ETU1785,ALG101,10.52
ETU1785,ELEC101,7.88
ETU1785,GEST101,8.71
ETU1785,PROJ101,15.11
ETU1786,MAT101,12.21
ETU1786,PHY101,9.53
ETU1786,PROG101,11.29
ETU1786,STAT101,16.06
ETU1786,ANG101,16.14
ETU1786,DATA101,11.17
ETU1786,ALG101,9.64
ETU1786,ELEC101,9.38
ETU1786,GEST101,15.56
ETU1786,PROJ101,12.4
ETU1787,MAT101,4.46
ETU1787,PHY101,6.21
ETU1787,PROG101,8.96
ETU1787,STAT101,7.65
ETU1787,ANG101,12.04
ETU1787,DATA101,9.09
ETU1787,ALG101,8.79
ETU1787,ELEC101,9.42
ETU1787,GEST101,10.69
ETU1787,PROJ101,8.1
ETU1788,MAT101,9.52
ETU1788,PHY101,12.0
ETU1788,PROG101,12.69
ETU1788,STAT101,12.8
ETU1788,ANG101,18.73
ETU1788,DATA101,13.49
ETU1788,ALG101,15.67
ETU1788,ELEC101,11.02
ETU1788,GEST101,13.98
ETU1788,PROJ101,11.11
ETU1789,MAT101,7.36
ETU1789,PHY101,8.82
ETU1789,PROG101,7.77
ETU1789,STAT101,10.8
ETU1789,ANG101,11.64
ETU1789,DATA101,8.51
ETU1789,ALG101,8.84
ETU1789,ELEC101,11.5
ETU1789,GEST101,10.75
ETU1789,PROJ101,15.76
ETU1790,MAT101,9.92
ETU1790,PHY101,9.86
ETU1790,PROG101,11.1
ETU1790,STAT101,7.26
ETU1790,ANG101,11.56
ETU1790,DATA101,10.79
ETU1790,ALG101,12.19
ETU1790,ELEC101,12.88
ETU1790,GEST101,10.93
ETU1790,PROJ101,7.59
ETU1791,MAT101,14.59
ETU1791,PHY101,11.89
ETU1791,PROG101,15.49
ETU1791,STAT101,15.03
ETU1791,ANG101,14.2
ETU1791,DATA101,15.41
ETU1791,ALG101,11.33
ETU1791,ELEC101,14.72
ETU1791,GEST101,17.27
ETU1791,PROJ101,16.99
ETU1792,MAT101,17.79
ETU1792,PHY101,11.36
ETU1792,PROG101,15.1
ETU1792,STAT101,14.43
ETU1792,ANG101,15.74
ETU1792,DATA101,16.56
ETU1792,ALG101,13.84
ETU1792,ELEC101,10.3
ETU1792,GEST101,12.02
ETU1792,PROJ101,15.24
ETU1793,MAT101,9.3
ETU1793,PHY101,12.36
ETU1793,PROG101,12.95
ETU1793,STAT101,14.61
ETU1793,ANG101,11.89
ETU1793,DATA101,15.16
ETU1793,ALG101,12.73
ETU1793,ELEC101,13.54
ETU1793,GEST101,11.75
ETU1793,PROJ101,
ETU1794,MAT101,9.16
ETU1794,PHY101,13.86
ETU1794,PROG101,8.21
ETU1794,STAT101,9.37
ETU1794,ANG101,6.39
ETU1794,DATA101,10.59
ETU1794,ALG101,4.13
ETU1794,ELEC101,
ETU1794,GEST101,8.49
ETU1794,PROJ101,5.71
ETU1795,MAT101,15.61
ETU1795,PHY101,18.13
ETU1795,PROG101,16.69
ETU1795,STAT101,16.27
ETU1795,ANG101,19.7
ETU1795,DATA101,16.97
ETU1795,ALG101,19.21
ETU1795,ELEC101,14.94
ETU1795,GEST101,20.0
ETU1795,PROJ101,14.33
ETU1796,MAT101,8.42
ETU1796,PHY101,8.37
ETU1796,PROG101,7.89
ETU1796,STAT101,9.4
ETU1796,ANG101,6.64
ETU1796,DATA101,9.97
ETU1796,ALG101,6.28
ETU1796,ELEC101,5.41
ETU1796,GEST101,9.81
ETU1796,PROJ101,7.06
ETU1797,MAT101,11.31
ETU1797,PHY101,16.23
ETU1797,PROG101,14.06
ETU1797,STAT101,17.06
ETU1797,ANG101,16.44
ETU1797,DATA101,16.48
ETU1797,ALG101,17.86
ETU1797,ELEC101,16.21
ETU1797,GEST101,18.01
ETU1797,PROJ101,18.32
ETU1798,MAT101,12.76
ETU1798,PHY101,14.69
ETU1798,PROG101,12.99
ETU1798,STAT101,15.29
ETU1798,ANG101,15.03
ETU1798,DATA101,14.74
ETU1798,ALG101,17.88
ETU1798,ELEC101,15.11
ETU1798,GEST101,14.11
ETU1798,PROJ101,12.49
ETU1799,MAT101,13.27
ETU1799,PHY101,9.66
ETU1799,PROG101,17.56
ETU1799,STAT101,13.14
ETU1799,ANG101,16.45
ETU1799,DATA101,11.12
ETU1799,ALG101,14.3
ETU1799,ELEC101,15.23
ETU1799,GEST101,15.48
ETU1799,PROJ101,16.37
