date_inscription,age,genre,region,type_abonnement,depense_mensuelle,nb_commandes_mois_dernier,nb_retours,jours_depuis_derniere_commande,score_satisfaction,churn
2023-01-01,67,Femme,Maritime,Premium,35.89,2,0,163,6.1,1
2023-01-02,35,Homme,Maritime,Premium,40.84,3,0,134,5.9,0
2023-01-02,52,Femme,Kara,Premium,40.56,3,0,80,5.2,1
2023-01-02,68,Femme,Centrale,Premium,19.1,3,0,166,4.5,0
2023-01-02,30,Homme,Centrale,Standard,22.39,0,2,157,5.6,0
2023-01-03,29,Homme,Savanes,Standard,10.08,2,1,26,5.3,0
2023-01-03,27,Femme,Maritime,Premium,53.3,3,0,57,5.4,0
2023-01-03,52,Homme,Maritime,Premium,31.57,2,1,77,5.7,0
2023-01-04,41,Femme,Savanes,Standard,48.51,2,0,141,5.3,0
2023-01-04,28,Homme,Centrale,Standard,43.88,2,1,106,5.5,0
2023-01-04,36,Femme,Maritime,Standard,38.16,4,0,125,4.8,0
2023-01-04,41,Femme,Plateaux,Premium,60.54,5,0,77,4.2,0
2023-01-04,27,Femme,Maritime,Standard,41.47,5,0,135,7.7,0
2023-01-04,33,Femme,Plateaux,VIP,73.79,5,0,158,3.9,0
2023-01-04,44,Homme,Maritime,Premium,67.34,7,0,178,4.3,0
2023-01-04,51,Femme,Maritime,Standard,3.12,1,0,22,7.0,0
2023-01-05,42,Homme,Kara,Standard,17.24,2,0,51,6.8,0
2023-01-06,69,Homme,Maritime,Premium,19.1,0,0,165,6.5,0
2023-01-06,54,Homme,Maritime,VIP,93.29,6,0,56,6.4,0
2023-01-06,58,Femme,Maritime,Standard,53.21,5,0,66,6.2,0
2023-01-06,24,Homme,Kara,Premium,23.98,3,0,59,4.1,1
2023-01-06,61,Homme,Plateaux,Premium,53.82,5,0,76,4.7,0
2023-01-07,23,Homme,Plateaux,Standard,45.72,7,0,115,7.3,1
2023-01-07,21,Femme,Maritime,VIP,101.25,9,0,75,4.0,0
2023-01-07,69,Homme,Kara,Standard,48.55,5,0,166,5.5,0
2023-01-08,47,Homme,Savanes,VIP,36.34,3,1,81,4.9,0
2023-01-08,21,Femme,Maritime,Standard,10.17,1,1,89,6.5,0
2023-01-08,47,Homme,Maritime,Premium,36.93,4,0,103,5.7,0
2023-01-09,59,Femme,Maritime,Standard,4.7,1,1,50,5.9,0
2023-01-09,61,Femme,Centrale,Standard,49.9,5,0,126,7.0,1
2023-01-10,19,Femme,Maritime,Premium,44.44,5,0,23,7.1,0
2023-01-11,26,Femme,Kara,Standard,11.57,2,0,102,5.5,1
2023-01-11,29,Femme,Kara,Standard,46.12,4,0,62,7.2,0
2023-01-11,19,Homme,Maritime,Premium,70.0,7,0,41,6.9,0
2023-01-11,50,Femme,Savanes,Standard,30.63,2,0,45,6.3,0
2023-01-12,25,Homme,Savanes,Premium,27.64,3,0,83,5.5,0
2023-01-13,40,Femme,Kara,Standard,45.98,4,0,125,5.8,0
2023-01-13,56,Homme,Maritime,Standard,38.42,3,0,76,5.3,0
2023-01-14,37,Homme,Maritime,Premium,30.87,3,0,145,3.9,0
2023-01-14,47,Femme,Maritime,Premium,49.32,5,0,72,7.5,0
2023-01-14,27,Homme,Savanes,Standard,29.33,2,2,28,5.1,0
2023-01-14,21,Femme,Kara,VIP,50.69,4,0,164,5.6,0
2023-01-15,66,Femme,Plateaux,Standard,30.4,3,1,91,5.5,0
2023-01-16,43,Femme,Maritime,Standard,23.39,3,0,135,4.9,0
2023-01-16,27,Homme,Maritime,Standard,2.0,0,0,118,4.5,1
2023-01-16,64,Homme,Maritime,Standard,24.13,1,0,66,8.4,0
2023-01-17,26,Femme,Maritime,Premium,63.83,5,0,75,4.9,0
2023-01-17,56,Femme,Maritime,Premium,23.86,3,0,172,3.4,1
2023-01-17,68,Femme,Centrale,Standard,25.35,0,1,36,5.2,0
2023-01-17,34,Femme,Plateaux,Premium,42.44,3,0,93,6.2,0
2023-01-17,40,Homme,Maritime,Standard,14.02,2,0,43,7.7,0
2023-01-18,23,Femme,Savanes,Premium,30.75,2,0,68,5.8,0
2023-01-18,46,Femme,Kara,Premium,65.62,6,0,120,5.6,0
2023-01-19,26,Homme,Kara,Standard,31.49,4,0,57,7.4,0
2023-01-19,42,Femme,Maritime,Standard,15.78,0,0,48,8.2,0
2023-01-19,18,Femme,Maritime,Standard,23.69,2,0,132,4.3,0
2023-01-19,57,Femme,Savanes,VIP,65.41,4,0,156,5.0,0
2023-01-22,24,Homme,Centrale,Premium,28.38,2,0,99,4.0,1
2023-01-22,65,Femme,Kara,Standard,44.05,2,0,166,7.1,0
2023-01-22,37,Homme,Savanes,Premium,52.93,5,1,150,2.8,0
2023-01-22,68,Femme,Savanes,Standard,23.36,3,0,49,6.4,0
2023-01-22,59,Femme,Centrale,VIP,88.77,7,0,129,7.8,0
2023-01-23,21,Femme,Maritime,Standard,43.1,3,0,160,5.7,1
2023-01-23,19,Homme,Maritime,Standard,51.87,6,0,34,6.8,0
2023-01-23,29,Femme,Plateaux,Premium,54.62,6,0,92,8.3,0
2023-01-24,27,Homme,Maritime,Standard,13.08,0,0,157,5.8,1
2023-01-24,32,Femme,Savanes,Premium,37.13,5,0,46,5.4,0
2023-01-26,29,Homme,Kara,Standard,25.22,3,1,115,6.0,0
2023-01-26,27,Homme,Centrale,Premium,40.67,2,0,17,7.0,0
2023-01-26,25,Homme,Kara,Standard,27.52,1,1,40,5.0,0
2023-01-27,51,Femme,Plateaux,Premium,55.37,5,0,74,4.1,0
2023-01-27,51,Femme,Maritime,Premium,36.34,4,0,174,2.6,0
2023-01-27,28,Femme,Centrale,VIP,56.98,4,1,154,4.6,0
2023-01-27,43,Homme,Centrale,Standard,33.15,2,1,168,2.9,0
2023-01-27,55,Homme,Plateaux,Standard,71.3,5,0,175,5.7,0
2023-01-28,67,Homme,Maritime,Premium,50.4,6,1,28,4.8,0
2023-01-28,26,Homme,Kara,VIP,97.02,9,0,113,5.7,0
2023-01-30,20,Femme,Centrale,Standard,36.38,2,1,109,3.3,0
2023-01-30,20,Femme,Savanes,Standard,40.68,0,1,135,4.5,1
2023-01-30,28,Femme,Plateaux,Standard,20.87,1,0,27,6.7,0
2023-01-31,40,Homme,Plateaux,Premium,53.84,3,1,111,4.7,1
2023-01-31,27,Femme,Centrale,Premium,21.03,3,0,53,8.3,0
2023-01-31,49,Femme,Maritime,Premium,59.93,6,0,116,5.1,0
2023-01-31,59,Femme,Kara,Standard,39.74,2,0,48,6.2,0
2023-02-01,36,Homme,Plateaux,Standard,8.97,1,0,74,5.7,0
2023-02-01,53,Femme,Plateaux,Standard,17.64,2,0,133,4.7,1
2023-02-01,20,Femme,Plateaux,Premium,40.03,3,1,125,2.9,0
2023-02-01,37,Homme,Plateaux,Standard,41.93,2,0,68,7.1,0
2023-02-02,62,Homme,Centrale,Premium,33.77,3,0,39,8.3,0
2023-02-02,57,Femme,Maritime,Premium,54.29,4,0,138,8.0,0
2023-02-02,67,Homme,Maritime,Standard,27.26,1,0,21,5.7,0
2023-02-02,44,Homme,Plateaux,Standard,39.93,3,0,62,7.0,0
2023-02-02,30,Homme,Plateaux,Premium,36.89,3,0,87,7.5,0
2023-02-04,63,Femme,Maritime,Premium,52.03,4,0,94,5.1,0
2023-02-04,29,Homme,Plateaux,VIP,82.57,5,0,60,4.1,0
2023-02-04,20,Homme,Maritime,Standard,9.91,2,0,52,3.9,0
2023-02-05,64,Femme,Maritime,Premium,17.68,1,0,8,7.5,0
2023-02-05,69,Femme,Kara,Standard,26.79,3,0,97,4.8,1
2023-02-05,38,Femme,Plateaux,Premium,47.76,3,1,157,4.8,1
2023-02-05,42,Femme,Maritime,Standard,22.26,2,0,113,4.1,0
2023-02-06,24,Homme,Maritime,Premium,67.35,7,0,154,3.7,0
2023-02-06,66,Homme,Maritime,Premium,45.24,4,1,126,5.4,0
2023-02-06,54,Femme,Plateaux,Standard,27.14,2,0,51,5.8,0
2023-02-07,38,Homme,Centrale,Standard,30.4,4,1,8,8.1,0
2023-02-07,39,Homme,Maritime,Premium,45.45,5,0,78,5.6,0
2023-02-07,41,Femme,Centrale,Standard,36.1,4,0,106,5.5,0
2023-02-07,52,Femme,Centrale,Premium,57.15,4,0,101,5.7,0
2023-02-07,20,Homme,Savanes,Standard,27.12,3,0,173,4.4,1
2023-02-08,66,Femme,Savanes,Standard,19.49,1,0,100,7.5,0
2023-02-08,38,Femme,Plateaux,Standard,9.3,1,0,70,4.6,0
2023-02-09,52,Femme,Maritime,Standard,37.3,3,0,110,6.4,0
2023-02-09,50,Femme,Plateaux,Premium,40.18,3,0,83,6.0,0
2023-02-10,56,Femme,Plateaux,Standard,31.5,2,0,129,6.6,0
2023-02-10,68,Femme,Plateaux,Standard,50.24,4,1,69,7.2,0
2023-02-10,50,Homme,Savanes,Premium,76.77,6,0,45,7.3,0
2023-02-10,36,Femme,Maritime,VIP,75.93,6,0,82,4.9,0
2023-02-11,46,Homme,Kara,Premium,69.96,5,1,66,7.0,0
2023-02-11,66,Homme,Plateaux,Standard,12.23,1,0,111,5.2,1
2023-02-11,58,Femme,Plateaux,Standard,18.81,1,0,71,4.9,0
2023-02-12,62,Homme,Maritime,Standard,38.41,3,0,156,2.7,0
2023-02-12,18,Homme,Maritime,Standard,60.78,6,1,161,5.7,0
2023-02-13,57,Femme,Maritime,VIP,90.05,9,0,23,7.3,0
2023-02-14,21,Homme,Maritime,Standard,33.48,4,1,11,6.1,0
2023-02-14,52,Femme,Maritime,Premium,61.34,6,0,79,4.4,0
2023-02-14,26,Homme,Maritime,Premium,42.6,3,1,135,5.3,0
2023-02-14,63,Homme,Maritime,Premium,43.91,3,1,28,7.6,0
2023-02-14,25,Femme,Maritime,Premium,63.54,5,0,14,7.5,0
2023-02-16,61,Homme,Centrale,Standard,53.2,4,0,26,5.2,0
2023-02-17,62,Homme,Maritime,Premium,39.39,3,0,16,7.0,0
2023-02-17,37,Femme,Maritime,Standard,27.94,3,0,67,8.9,0
2023-02-18,23,Homme,Maritime,VIP,54.38,3,0,6,8.6,0
2023-02-18,45,Homme,Maritime,Standard,38.34,3,1,90,5.4,0
2023-02-19,67,Homme,Plateaux,Standard,23.77,3,0,1,6.5,0
2023-02-19,32,Homme,Centrale,Standard,47.38,5,0,157,4.8,1
2023-02-19,60,Homme,Maritime,Premium,42.38,3,0,60,6.3,0
2023-02-19,56,Femme,Plateaux,Premium,54.91,4,1,48,5.4,0
2023-02-21,59,Femme,Maritime,Standard,54.27,3,0,16,7.8,0
2023-02-22,52,Homme,Centrale,VIP,64.48,6,0,108,7.2,0
2023-02-22,24,Homme,Maritime,Premium,22.54,1,1,107,4.9,0
2023-02-22,55,Homme,Maritime,Standard,32.05,2,1,64,5.4,0
2023-02-22,52,Homme,Kara,Standard,35.07,3,2,64,4.4,0
2023-02-24,47,Femme,Plateaux,Standard,31.91,4,1,107,4.7,1
2023-02-24,30,Homme,Maritime,Premium,67.35,4,0,58,4.2,0
2023-02-24,26,Femme,Maritime,Standard,67.2,6,0,177,5.3,0
2023-02-25,35,Femme,Centrale,Standard,17.25,3,2,168,3.6,1
2023-02-25,58,Homme,Kara,Standard,42.78,4,0,165,6.6,0
2023-02-26,23,Homme,Centrale,Standard,4.61,1,0,153,5.9,0
2023-02-27,34,Homme,Plateaux,Standard,40.6,4,1,23,4.8,0
2023-02-27,59,Femme,Maritime,Premium,52.48,5,0,25,5.2,0
2023-02-27,53,Femme,Savanes,VIP,79.83,7,0,37,7.1,0
2023-02-27,41,Homme,Maritime,Standard,60.27,5,0,69,6.6,0
2023-02-28,57,Homme,Maritime,Standard,17.55,1,0,100,6.8,0
2023-03-01,61,Homme,Maritime,VIP,76.32,5,0,67,7.9,0
2023-03-01,56,Homme,Maritime,VIP,65.1,6,0,133,5.2,0
2023-03-02,69,Femme,Maritime,Standard,13.95,0,0,143,3.8,1
2023-03-02,52,Femme,Maritime,Premium,51.28,5,0,111,5.8,0
2023-03-03,69,Femme,Kara,Standard,23.8,3,0,58,6.1,0
2023-03-03,28,Homme,Centrale,Standard,35.25,3,0,67,7.7,0
2023-03-03,24,Femme,Plateaux,Standard,19.21,2,1,162,5.5,1
2023-03-03,27,Homme,Maritime,VIP,88.36,9,1,2,6.9,0
2023-03-03,61,Homme,Plateaux,Premium,39.51,4,0,30,5.4,0
2023-03-03,63,Femme,Plateaux,Standard,33.46,3,0,151,4.7,0
2023-03-04,40,Homme,Plateaux,Premium,27.93,4,0,95,5.0,0
2023-03-04,20,Homme,Centrale,Standard,12.56,1,0,65,6.6,0
2023-03-04,48,Femme,Plateaux,Premium,44.71,5,0,56,5.9,0
2023-03-05,60,Homme,Maritime,VIP,60.99,7,2,134,6.2,0
2023-03-06,51,Femme,Plateaux,Standard,62.72,6,0,73,7.9,0
2023-03-06,22,Homme,Savanes,VIP,55.35,5,0,125,5.6,0
2023-03-06,20,Femme,Maritime,Standard,41.3,3,0,39,7.1,0
2023-03-07,63,Homme,Kara,Standard,2.0,1,0,158,5.4,0
2023-03-07,54,Femme,Kara,Standard,48.22,5,0,78,6.1,0
2023-03-07,66,Femme,Kara,Premium,50.66,4,0,46,6.2,0
2023-03-07,37,Femme,Kara,Standard,56.97,5,1,121,5.1,0
2023-03-07,44,Homme,Plateaux,Standard,33.38,2,2,20,6.8,0
2023-03-07,56,Homme,Centrale,Premium,46.14,5,0,108,8.1,0
2023-03-08,50,Femme,Centrale,Standard,39.04,2,0,72,6.9,0
2023-03-08,61,Homme,Plateaux,Standard,29.7,3,0,152,7.7,0
2023-03-08,36,Femme,Kara,Standard,46.18,7,2,89,4.2,0
2023-03-08,19,Femme,Maritime,Premium,50.79,6,0,21,8.1,0
2023-03-08,45,Femme,Maritime,Standard,27.13,1,1,25,6.3,0
2023-03-09,22,Homme,Maritime,Standard,37.17,2,0,8,8.9,0
2023-03-10,26,Homme,Centrale,Standard,2.0,0,0,58,6.2,0
2023-03-10,37,Homme,Kara,Premium,36.26,1,0,135,5.2,0
2023-03-10,69,Femme,Plateaux,Premium,53.06,4,0,120,4.7,0
2023-03-10,50,Homme,Kara,Standard,35.21,3,1,29,5.8,0
2023-03-10,19,Homme,Plateaux,Standard,13.82,2,1,86,4.5,1
2023-03-11,66,Homme,Maritime,Premium,57.48,5,0,14,8.1,0
2023-03-11,24,Homme,Plateaux,Standard,23.1,2,0,147,4.9,0
2023-03-11,41,Femme,Savanes,Standard,36.16,2,0,123,4.2,0
2023-03-11,27,Femme,Maritime,Standard,44.04,2,1,157,4.0,0
2023-03-11,43,Femme,Maritime,Premium,24.35,0,0,20,6.9,0
2023-03-12,43,Femme,Plateaux,VIP,63.84,7,0,90,5.4,0
2023-03-12,56,Homme,Maritime,Premium,77.07,7,0,7,7.5,0
2023-03-12,69,Homme,Maritime,Standard,23.62,2,0,150,2.8,0
2023-03-14,34,Homme,Plateaux,Standard,3.75,2,0,171,5.0,1
2023-03-14,25,Femme,Maritime,VIP,86.82,7,1,10,5.2,0
2023-03-14,45,Femme,Maritime,Standard,11.87,0,1,50,6.4,0
2023-03-14,19,Femme,Centrale,Premium,46.43,4,0,111,5.9,0
2023-03-15,20,Homme,Maritime,Standard,26.76,0,0,94,4.0,0
2023-03-16,27,Homme,Savanes,Standard,22.98,1,0,122,3.9,0
2023-03-16,47,Homme,Maritime,Premium,16.64,1,0,113,6.0,0
2023-03-16,49,Femme,Plateaux,Standard,29.31,2,1,69,7.2,0
2023-03-17,27,Homme,Plateaux,Standard,11.8,0,1,96,5.0,0
2023-03-17,43,Homme,Maritime,Premium,30.11,4,0,1,5.6,0
2023-03-17,51,Homme,Maritime,Standard,43.02,3,0,51,9.2,0
2023-03-18,51,Homme,Plateaux,Standard,24.71,3,0,137,3.9,0
2023-03-18,60,Femme,Kara,VIP,67.05,5,0,63,6.9,0
2023-03-18,38,Homme,Maritime,Premium,84.85,7,0,8,5.7,0
2023-03-18,35,Homme,Maritime,Standard,11.46,1,0,147,5.6,1
2023-03-19,21,Femme,Kara,Standard,24.05,2,2,102,3.9,1
2023-03-19,19,Homme,Savanes,Premium,29.34,1,1,150,3.8,0
2023-03-19,33,Homme,Plateaux,Standard,33.61,1,2,53,5.8,0
2023-03-19,43,Homme,Maritime,Standard,40.44,5,0,141,5.3,0
2023-03-19,63,Homme,Maritime,Standard,36.84,4,0,104,4.4,0
2023-03-20,19,Homme,Plateaux,Premium,59.59,5,0,100,4.0,1
2023-03-20,48,Homme,Centrale,Standard,38.33,3,0,171,5.6,0
2023-03-21,45,Femme,Maritime,Standard,18.44,1,0,71,5.2,0
2023-03-21,25,Femme,Plateaux,VIP,74.86,6,0,22,5.2,0
2023-03-21,39,Homme,Plateaux,Standard,29.76,6,0,110,7.2,0
2023-03-22,21,Homme,Maritime,Standard,21.24,1,0,50,4.2,0
2023-03-22,24,Femme,Kara,Standard,33.56,2,0,132,3.8,0
2023-03-22,34,Femme,Centrale,Premium,59.4,5,0,135,4.8,1
2023-03-23,56,Femme,Maritime,Premium,38.73,4,1,22,5.9,0
2023-03-23,41,Femme,Maritime,Standard,36.82,2,0,154,4.2,0
2023-03-23,45,Femme,Maritime,Standard,23.28,3,0,119,5.5,0
2023-03-23,29,Femme,Maritime,Premium,25.59,2,1,165,5.3,0
2023-03-24,63,Homme,Plateaux,VIP,81.16,6,0,179,6.0,0
2023-03-25,54,Homme,Maritime,Standard,59.33,3,0,30,5.4,0
2023-03-25,54,Femme,Plateaux,Standard,23.21,2,0,105,6.1,0
2023-03-25,22,Homme,Kara,Standard,26.34,5,0,72,6.7,0
2023-03-25,60,Homme,Maritime,Standard,39.8,5,0,70,7.1,0
2023-03-25,31,Homme,Maritime,Standard,41.35,4,0,36,6.2,0
2023-03-26,56,Femme,Centrale,VIP,78.65,8,0,86,6.7,0
2023-03-26,43,Femme,Plateaux,Premium,44.39,2,0,30,7.8,0
2023-03-26,57,Femme,Maritime,Premium,28.92,0,1,12,8.5,0
2023-03-27,50,Homme,Kara,Premium,47.01,7,1,150,6.0,0
2023-03-28,64,Femme,Maritime,Standard,21.87,3,0,143,5.6,1
2023-03-28,62,Homme,Maritime,Standard,30.63,4,0,152,5.7,0
2023-03-28,44,Homme,Plateaux,Standard,36.32,1,1,92,5.3,0
2023-03-28,59,Homme,Centrale,VIP,82.46,6,0,63,5.6,0
2023-03-28,56,Homme,Kara,Premium,41.95,5,0,94,5.4,0
2023-03-29,23,Femme,Plateaux,Premium,38.83,3,0,30,8.3,0
2023-03-29,61,Femme,Centrale,Premium,33.19,4,0,63,5.4,0
2023-03-29,37,Homme,Plateaux,Premium,49.14,5,0,179,4.2,0
2023-03-29,54,Femme,Centrale,Standard,23.83,1,1,49,7.6,0
2023-03-29,23,Femme,Kara,Standard,26.38,2,0,166,5.6,1
2023-03-29,58,Femme,Savanes,Standard,17.2,1,0,33,8.5,0
2023-03-30,40,Femme,Plateaux,Standard,41.51,4,1,178,3.4,1
2023-03-30,31,Homme,Kara,VIP,53.18,4,0,132,7.8,0
2023-03-30,49,Homme,Plateaux,Standard,30.14,1,0,140,4.3,1
2023-03-31,63,Femme,Centrale,Premium,47.66,5,0,47,6.3,0
2023-03-31,57,Homme,Savanes,Standard,29.74,2,1,111,4.0,0
2023-03-31,61,Femme,Maritime,Premium,43.78,2,1,52,6.0,1
2023-04-01,69,Femme,Kara,Premium,49.93,3,0,59,7.8,0
2023-04-01,66,Femme,Centrale,Premium,48.22,4,0,146,8.7,0
2023-04-01,47,Femme,Plateaux,Standard,46.97,5,0,109,5.1,0
2023-04-02,25,Femme,Plateaux,VIP,82.96,9,0,81,7.6,0
2023-04-02,29,Femme,Maritime,Standard,22.34,1,0,135,5.9,0
2023-04-02,53,Homme,Savanes,Standard,41.24,3,0,61,6.6,0
2023-04-03,41,Femme,Maritime,Standard,11.67,1,0,142,7.1,0
2023-04-03,61,Homme,Maritime,Premium,56.15,6,1,38,5.5,0
2023-04-04,67,Homme,Maritime,Standard,40.89,7,1,121,4.6,1
2023-04-04,36,Homme,Savanes,Standard,23.13,2,0,151,6.8,0
2023-04-04,19,Homme,Kara,Premium,67.45,4,0,51,6.3,0
2023-04-04,54,Femme,Plateaux,Standard,61.83,6,0,60,5.6,0
2023-04-04,55,Homme,Maritime,Standard,25.08,3,1,135,6.5,0
2023-04-05,21,Femme,Maritime,Standard,20.2,0,0,141,6.5,1
2023-04-05,60,Homme,Maritime,Standard,21.89,3,0,139,3.5,0
2023-04-05,35,Femme,Centrale,Standard,14.0,3,0,167,4.8,0
2023-04-06,27,Femme,Maritime,Standard,21.66,2,0,113,6.2,0
2023-04-06,34,Homme,Maritime,Standard,31.09,3,0,129,5.2,0
2023-04-07,67,Femme,Maritime,Premium,37.32,4,0,40,7.4,0
2023-04-07,47,Homme,Maritime,Standard,59.56,5,0,116,7.2,0
2023-04-07,18,Femme,Maritime,Premium,52.08,4,0,171,6.3,1
2023-04-07,49,Femme,Maritime,Standard,46.48,3,0,76,7.9,0
2023-04-07,68,Homme,Plateaux,Premium,40.94,3,1,167,3.2,0
2023-04-08,49,Femme,Centrale,Standard,64.34,7,0,32,6.5,0
2023-04-08,43,Femme,Maritime,Premium,43.62,3,0,95,4.2,0
2023-04-09,47,Femme,Maritime,VIP,59.21,4,0,58,5.2,0
2023-04-09,63,Femme,Maritime,VIP,68.12,4,0,167,7.4,0
2023-04-09,50,Homme,Plateaux,Standard,25.03,3,2,22,5.8,0
2023-04-10,24,Femme,Plateaux,Premium,16.74,2,0,141,4.9,1
2023-04-10,33,Femme,Maritime,VIP,49.57,4,0,24,5.9,0
2023-04-11,22,Homme,Centrale,Standard,18.64,1,0,9,8.7,0
2023-04-11,55,Femme,Kara,Standard,32.82,4,1,158,5.1,0
2023-04-11,23,Homme,Maritime,Standard,18.77,2,0,75,4.8,0
2023-04-12,50,Femme,Centrale,Premium,41.62,2,0,85,6.0,0
2023-04-12,65,Homme,Maritime,Standard,36.89,3,0,160,5.8,0
2023-04-13,29,Homme,Kara,Standard,20.91,3,0,164,5.1,0
2023-04-13,67,Femme,Savanes,Standard,33.17,2,0,74,7.9,0
2023-04-13,46,Homme,Centrale,Premium,47.04,3,1,58,6.5,0
2023-04-13,29,Homme,Kara,Standard,2.0,2,0,38,7.5,0
2023-04-13,22,Femme,Maritime,Premium,42.14,3,0,28,7.5,0
2023-04-13,42,Homme,Centrale,Standard,10.48,1,0,30,7.1,0
2023-04-13,30,Homme,Maritime,Premium,24.77,2,1,179,7.1,0
2023-04-14,42,Femme,Maritime,Premium,34.92,1,0,150,6.1,1
2023-04-14,57,Femme,Maritime,Premium,26.6,3,0,176,6.6,0
2023-04-14,19,Homme,Plateaux,Standard,42.76,4,1,167,5.6,0
2023-04-15,46,Homme,Plateaux,Premium,33.16,3,1,130,6.5,0
2023-04-15,53,Homme,Maritime,Standard,44.65,3,0,124,4.7,0
2023-04-15,52,Femme,Plateaux,Standard,24.75,2,1,47,7.3,0
2023-04-16,54,Homme,Maritime,Standard,35.71,3,0,1,7.6,0
2023-04-16,46,Femme,Savanes,Standard,19.67,1,0,15,6.0,0
2023-04-16,37,Femme,Maritime,Standard,39.32,3,1,122,2.2,1
2023-04-16,67,Homme,Maritime,Standard,33.01,2,0,27,7.3,0
2023-04-16,53,Homme,Kara,Premium,42.97,3,0,16,8.7,0
2023-04-17,20,Femme,Kara,Standard,37.99,3,0,178,5.1,1
2023-04-18,35,Homme,Kara,Premium,42.41,3,1,47,6.7,0
2023-04-18,22,Homme,Plateaux,Standard,50.17,4,0,128,4.3,0
2023-04-18,18,Femme,Maritime,VIP,84.55,6,0,81,6.4,0
2023-04-18,27,Femme,Centrale,Premium,45.68,4,1,43,5.6,0
2023-04-19,55,Femme,Centrale,Standard,51.26,5,1,5,6.4,0
2023-04-19,61,Femme,Savanes,Standard,30.64,1,0,94,8.8,0
2023-04-19,67,Femme,Kara,Standard,47.39,3,1,169,4.7,1
2023-04-20,37,Femme,Maritime,Standard,8.28,0,0,8,6.5,0
2023-04-20,39,Femme,Plateaux,Standard,53.27,5,0,72,5.9,0
2023-04-20,26,Femme,Kara,Standard,33.58,2,1,73,4.7,0
2023-04-20,40,Homme,Maritime,Premium,36.94,2,1,147,5.0,0
2023-04-21,39,Femme,Plateaux,Standard,33.78,4,0,124,6.0,0
2023-04-21,59,Femme,Plateaux,Premium,54.42,4,0,2,5.9,0
2023-04-21,33,Femme,Centrale,Premium,50.7,4,1,169,4.8,0
2023-04-22,30,Homme,Maritime,Standard,24.99,0,0,115,4.5,0
2023-04-22,63,Femme,Maritime,VIP,46.54,2,0,179,5.1,0
2023-04-22,50,Homme,Centrale,Standard,48.17,4,1,2,5.9,0
2023-04-23,68,Femme,Kara,Premium,38.06,6,0,86,5.3,0
2023-04-23,63,Homme,Maritime,Standard,29.64,3,0,116,6.4,0
2023-04-23,19,Homme,Centrale,Standard,22.28,2,0,121,7.9,0
2023-04-23,56,Homme,Plateaux,Standard,31.74,3,0,62,7.4,0
2023-04-23,65,Homme,Maritime,Standard,38.95,3,0,49,8.5,0
2023-04-23,56,Femme,Maritime,Standard,26.63,3,0,60,7.1,0
2023-04-24,66,Femme,Plateaux,Standard,40.07,3,0,75,6.4,0
2023-04-24,20,Homme,Plateaux,VIP,61.54,3,1,136,5.4,0
2023-04-24,36,Homme,Plateaux,Premium,48.72,5,1,173,4.2,0
2023-04-25,19,Homme,Plateaux,Premium,22.55,2,1,106,5.8,0
2023-04-25,52,Homme,Plateaux,Standard,31.44,3,0,96,9.0,0
2023-04-25,62,Femme,Centrale,VIP,60.92,8,0,26,7.5,0
2023-04-26,68,Homme,Maritime,VIP,68.47,6,1,103,5.3,0
2023-04-26,57,Femme,Maritime,Standard,37.19,4,0,99,5.2,0
2023-04-27,38,Femme,Maritime,Standard,16.23,3,0,77,4.8,0
2023-04-28,36,Femme,Maritime,Standard,32.29,2,0,76,4.5,0
2023-04-28,68,Femme,Maritime,Premium,41.24,5,0,49,8.2,0
2023-04-28,42,Femme,Maritime,Standard,18.58,3,0,116,4.9,1
2023-04-28,34,Femme,Centrale,Standard,64.92,4,0,94,6.9,0
2023-04-28,65,Femme,Centrale,Premium,47.79,4,0,125,3.5,0
2023-04-29,41,Femme,Centrale,Standard,51.85,6,0,132,5.8,0
2023-04-29,35,Homme,Kara,Standard,17.9,3,0,117,8.4,0
2023-04-29,62,Homme,Maritime,Standard,47.43,4,1,99,5.4,0
2023-04-30,56,Homme,Plateaux,Standard,46.23,5,0,126,5.4,0
2023-04-30,62,Homme,Maritime,Premium,61.37,5,0,164,3.4,0
2023-05-01,44,Homme,Maritime,Standard,36.67,3,1,57,7.0,0
2023-05-01,33,Homme,Savanes,Standard,33.49,2,0,169,3.6,0
2023-05-01,23,Femme,Plateaux,Premium,45.12,3,0,87,4.8,1
2023-05-01,59,Homme,Maritime,Premium,24.86,2,0,160,6.1,1
2023-05-01,46,Homme,Kara,Premium,46.97,5,0,113,4.6,1
2023-05-01,46,Homme,Maritime,Standard,26.22,3,0,39,6.6,0
2023-05-01,29,Homme,Kara,VIP,27.25,2,2,52,6.5,1
2023-05-01,33,Homme,Maritime,Standard,32.2,4,2,165,4.0,1
2023-05-02,33,Femme,Centrale,Premium,50.83,3,0,36,7.1,0
2023-05-02,33,Homme,Centrale,Standard,24.1,3,0,25,4.8,0
2023-05-02,60,Homme,Plateaux,Standard,18.86,1,0,18,6.1,0
2023-05-02,61,Homme,Maritime,Premium,55.44,5,0,28,8.3,0
2023-05-03,29,Femme,Plateaux,Standard,55.78,3,0,82,6.5,0
2023-05-04,44,Femme,Maritime,Standard,11.8,0,0,12,5.4,0
2023-05-05,69,Homme,Centrale,Standard,42.57,2,0,169,6.0,0
2023-05-05,28,Homme,Kara,Standard,34.12,2,0,106,7.3,0
2023-05-05,52,Homme,Plateaux,Standard,18.41,1,1,45,4.5,0
2023-05-06,61,Femme,Centrale,Premium,40.24,4,0,169,3.3,0
2023-05-07,67,Femme,Kara,Premium,67.6,5,1,104,5.9,0
2023-05-07,41,Femme,Maritime,Standard,51.95,3,0,157,4.8,1
2023-05-07,32,Femme,Maritime,Standard,26.49,1,0,31,5.3,0
2023-05-08,37,Femme,Maritime,Standard,40.3,4,1,62,5.1,0
2023-05-08,18,Femme,Plateaux,Standard,28.69,3,0,29,8.1,0
2023-05-08,45,Homme,Centrale,Standard,30.62,3,1,166,4.1,0
2023-05-09,24,Femme,Savanes,Standard,15.41,1,0,74,7.0,0
2023-05-10,69,Homme,Plateaux,Standard,69.17,8,0,97,7.1,0
2023-05-10,47,Femme,Centrale,Standard,22.0,2,0,38,8.1,0
2023-05-10,38,Homme,Plateaux,Standard,28.54,2,0,140,5.9,1
2023-05-10,40,Femme,Maritime,Standard,44.44,3,2,147,4.1,0
2023-05-10,35,Homme,Maritime,Standard,35.0,3,0,15,5.3,0
2023-05-11,27,Femme,Centrale,Standard,28.72,3,0,163,5.6,1
2023-05-11,29,Homme,Plateaux,Premium,42.08,4,0,81,7.2,0
2023-05-12,28,Femme,Kara,Premium,65.79,6,1,22,6.4,0
2023-05-12,39,Femme,Kara,VIP,87.66,8,0,48,6.7,0
2023-05-12,44,Homme,Savanes,Standard,24.99,2,1,94,6.8,1
2023-05-13,39,Homme,Maritime,Standard,11.47,1,0,80,5.0,0
2023-05-13,33,Femme,Maritime,VIP,83.47,7,0,82,6.2,0
2023-05-13,19,Femme,Maritime,Standard,34.05,3,0,18,9.0,0
2023-05-14,52,Homme,Centrale,Standard,22.8,1,0,121,5.6,0
2023-05-14,22,Femme,Plateaux,Standard,29.62,2,2,19,7.7,0
2023-05-14,22,Homme,Plateaux,Standard,27.69,3,0,93,6.2,0
2023-05-14,52,Femme,Plateaux,Premium,64.09,7,0,32,6.5,0
2023-05-14,22,Homme,Maritime,Premium,54.09,5,1,155,4.5,1
2023-05-16,47,Femme,Maritime,Premium,66.3,6,1,105,3.9,0
2023-05-16,58,Homme,Savanes,Standard,32.91,4,0,54,6.1,0
2023-05-16,68,Femme,Plateaux,Standard,2.74,0,0,21,9.0,0
2023-05-16,21,Femme,Plateaux,Standard,13.48,0,0,173,6.7,0
2023-05-17,29,Femme,Centrale,VIP,94.6,7,0,152,5.4,0
2023-05-17,58,Homme,Plateaux,Standard,18.96,2,1,61,5.1,0
2023-05-17,45,Homme,Centrale,Standard,19.21,2,0,140,6.7,0
2023-05-18,69,Homme,Plateaux,Standard,17.64,0,0,80,5.0,1
2023-05-18,30,Femme,Maritime,Standard,35.05,2,2,99,5.9,0
2023-05-19,51,Femme,Savanes,Standard,14.5,1,0,99,6.3,0
2023-05-19,24,Femme,Kara,Premium,75.66,8,0,5,5.9,0
2023-05-20,33,Homme,Savanes,Standard,32.91,4,1,58,5.8,0
2023-05-20,61,Femme,Kara,Standard,8.6,1,0,72,6.8,0
2023-05-21,28,Femme,Maritime,Standard,39.31,3,0,91,5.1,1
2023-05-21,21,Femme,Kara,Standard,41.53,2,1,73,5.7,0
2023-05-21,21,Femme,Kara,Standard,19.15,2,0,133,5.6,0
2023-05-22,36,Homme,Kara,Standard,37.93,2,0,146,6.6,0
2023-05-23,67,Femme,Kara,Standard,39.72,5,0,84,7.4,1
2023-05-23,33,Homme,Maritime,Standard,30.02,2,0,47,5.6,0
2023-05-24,33,Homme,Maritime,Standard,18.19,1,2,17,7.6,0
2023-05-24,35,Femme,Centrale,Standard,30.34,3,0,172,4.4,1
2023-05-24,28,Femme,Maritime,VIP,90.89,7,0,47,8.2,0
2023-05-25,27,Femme,Maritime,Standard,24.44,2,0,59,6.7,0
2023-05-25,64,Homme,Maritime,Standard,21.86,1,0,146,3.5,0
2023-05-26,52,Femme,Maritime,Standard,18.64,1,1,88,2.2,1
2023-05-26,65,Homme,Maritime,Standard,39.69,4,0,151,5.2,0
2023-05-26,47,Femme,Plateaux,Premium,30.51,3,0,91,6.6,0
2023-05-27,35,Femme,Plateaux,Standard,26.07,1,1,43,7.1,0
2023-05-28,68,Femme,Maritime,Standard,22.6,2,0,37,5.8,0
2023-05-28,43,Homme,Centrale,Standard,10.02,2,1,70,2.6,1
2023-05-28,20,Femme,Maritime,Premium,56.61,5,0,106,6.5,0
2023-05-28,69,Homme,Maritime,Standard,21.39,3,0,173,5.7,0
2023-05-28,60,Femme,Savanes,Standard,39.01,3,0,177,5.1,0
2023-05-28,32,Homme,Maritime,Standard,27.18,3,0,144,6.8,0
2023-05-28,58,Homme,Maritime,Premium,45.22,2,0,176,4.4,1
2023-05-28,39,Femme,Centrale,Standard,37.79,2,1,66,8.7,0
2023-05-30,61,Homme,Centrale,Standard,31.86,2,2,115,5.8,0
2023-05-31,23,Homme,Maritime,Standard,48.04,5,0,167,5.6,0
2023-06-01,44,Homme,Maritime,Standard,36.52,3,1,117,4.7,0
2023-06-01,64,Homme,Maritime,Standard,46.68,5,0,174,4.5,0
2023-06-02,41,Femme,Maritime,Standard,20.86,2,2,151,3.1,0
2023-06-02,43,Femme,Centrale,Standard,26.76,4,0,112,6.1,0
2023-06-03,30,Homme,Maritime,Standard,36.83,2,0,90,6.3,0
2023-06-03,39,Femme,Savanes,Standard,23.26,1,0,32,8.1,0
2023-06-04,62,Femme,Maritime,Standard,34.88,2,2,141,4.0,0
2023-06-04,21,Femme,Maritime,Standard,56.38,7,1,25,7.6,0
2023-06-06,63,Femme,Maritime,Standard,65.96,6,1,28,5.5,0
2023-06-07,35,Femme,Maritime,Premium,35.71,3,0,69,6.2,0
2023-06-07,57,Femme,Kara,Premium,60.13,6,0,154,5.1,0
2023-06-08,21,Homme,Maritime,Standard,23.17,2,0,40,7.9,0
2023-06-09,62,Femme,Centrale,Standard,13.74,3,0,95,3.1,0
2023-06-10,68,Femme,Kara,Standard,5.8,0,0,105,7.6,0
2023-06-12,67,Homme,Maritime,VIP,30.91,3,0,179,2.4,1
2023-06-12,26,Homme,Maritime,Premium,27.06,2,0,7,8.5,0
2023-06-13,68,Homme,Plateaux,Standard,21.41,3,1,83,6.4,0
2023-06-14,42,Femme,Maritime,Standard,27.81,3,1,39,6.4,0
2023-06-15,27,Femme,Maritime,Premium,78.59,6,0,133,6.6,0
2023-06-15,40,Femme,Centrale,Standard,17.46,3,0,140,4.8,0
2023-06-16,59,Femme,Kara,Premium,50.73,5,0,136,3.6,0
2023-06-16,48,Femme,Plateaux,Standard,6.7,0,1,76,5.1,0
2023-06-17,20,Femme,Maritime,Premium,72.57,6,0,7,6.7,0
2023-06-17,34,Homme,Centrale,Standard,42.97,3,0,29,5.9,0
2023-06-18,43,Homme,Kara,Standard,32.91,3,1,102,5.3,0
2023-06-18,19,Homme,Maritime,Standard,22.93,1,0,136,5.5,0
2023-06-18,39,Homme,Kara,Standard,37.79,4,1,91,4.0,0
2023-06-18,60,Homme,Kara,Standard,48.14,3,0,26,7.5,0
2023-06-19,57,Femme,Kara,Standard,38.9,3,1,150,6.5,0
2023-06-19,48,Homme,Plateaux,Premium,56.45,7,0,124,4.2,0
2023-06-19,36,Homme,Centrale,VIP,70.28,5,0,24,5.0,0
2023-06-20,66,Femme,Centrale,Standard,51.66,3,0,11,6.8,0
2023-06-20,38,Femme,Maritime,Premium,28.33,2,0,169,4.1,1
2023-06-20,41,Homme,Maritime,Premium,17.47,2,0,167,6.7,0
2023-06-20,54,Femme,Maritime,Standard,48.04,5,0,75,7.2,0
2023-06-21,35,Femme,Kara,Standard,18.01,3,1,2,7.6,0
2023-06-21,28,Femme,Maritime,VIP,80.91,6,0,96,6.2,0
2023-06-21,30,Femme,Savanes,Premium,53.88,4,0,111,4.9,0
2023-06-22,50,Femme,Maritime,Standard,42.76,3,0,171,5.1,0
2023-06-22,35,Femme,Plateaux,Premium,47.02,4,0,53,7.6,0
2023-06-22,40,Homme,Kara,Standard,18.82,0,0,82,6.1,0
2023-06-22,24,Femme,Maritime,Standard,55.45,5,0,125,6.8,0
2023-06-22,48,Homme,Savanes,Standard,53.89,5,0,139,4.8,1
2023-06-23,25,Femme,Maritime,Premium,54.67,3,1,77,4.8,0
2023-06-24,45,Femme,Centrale,Standard,90.39,7,0,124,4.7,0
2023-06-24,42,Homme,Maritime,Premium,35.08,3,0,114,4.5,0
2023-06-24,66,Femme,Maritime,Premium,60.69,5,0,54,6.8,0
2023-06-24,55,Femme,Maritime,Standard,21.56,1,0,10,6.5,0
2023-06-24,22,Homme,Maritime,Standard,25.69,2,0,171,4.6,1
2023-06-25,59,Homme,Centrale,Standard,30.5,2,0,149,6.4,0
2023-06-25,45,Homme,Kara,Standard,11.04,1,0,80,5.4,1
2023-06-25,38,Femme,Plateaux,Standard,25.5,2,0,150,7.0,0
2023-06-26,35,Homme,Maritime,Premium,66.2,7,0,10,8.7,0
2023-06-26,65,Femme,Centrale,Standard,19.91,0,0,56,7.5,0
2023-06-26,48,Homme,Maritime,Standard,34.4,4,0,118,5.8,0
2023-06-27,49,Femme,Maritime,Standard,8.58,1,1,78,3.2,0
2023-06-27,64,Femme,Maritime,Standard,63.57,5,0,162,5.8,0
2023-06-27,43,Femme,Maritime,Premium,36.36,4,0,140,6.0,0
2023-06-27,46,Femme,Kara,Standard,22.49,3,1,15,7.4,0
2023-06-28,62,Femme,Centrale,VIP,59.07,5,0,82,6.5,0
2023-06-28,47,Femme,Kara,Standard,2.03,1,1,22,7.6,0
2023-06-28,29,Femme,Maritime,Standard,42.64,5,0,93,8.3,0
2023-06-28,29,Femme,Plateaux,Standard,39.92,5,1,48,6.8,0
2023-06-28,57,Homme,Plateaux,Premium,49.22,4,0,18,6.7,0
2023-06-29,65,Homme,Plateaux,Premium,38.8,4,1,92,5.5,0
2023-06-29,66,Homme,Maritime,Standard,51.05,3,0,58,7.0,0
2023-06-29,36,Femme,Centrale,Standard,36.05,3,1,103,5.5,1
2023-06-29,20,Femme,Savanes,Standard,26.6,3,3,42,2.9,0
2023-06-29,46,Homme,Maritime,Standard,47.99,6,1,175,5.3,0
2023-06-29,64,Femme,Savanes,VIP,28.75,3,0,161,5.8,0
2023-06-30,31,Femme,Maritime,Standard,29.53,2,0,92,4.2,0
2023-06-30,50,Femme,Kara,Standard,27.65,3,0,58,5.5,0
2023-07-01,39,Femme,Maritime,Standard,49.92,5,0,148,6.0,0
2023-07-01,39,Homme,Maritime,Standard,32.79,4,1,62,4.5,0
2023-07-01,18,Femme,Kara,Standard,40.0,1,0,13,7.7,0
2023-07-02,69,Homme,Maritime,Standard,13.3,0,0,101,5.3,0
2023-07-02,29,Femme,Centrale,Standard,32.98,3,0,154,2.7,0
2023-07-02,50,Femme,Plateaux,Standard,9.86,0,0,65,9.0,0
2023-07-02,27,Femme,Kara,Standard,25.8,1,0,68,7.6,0
2023-07-04,20,Femme,Centrale,Standard,9.7,2,0,9,8.4,0
2023-07-04,37,Femme,Plateaux,Standard,36.47,4,0,77,4.2,0
2023-07-04,59,Femme,Plateaux,Standard,37.49,3,1,164,4.6,1
2023-07-04,34,Homme,Maritime,Standard,22.42,3,0,35,8.2,0
2023-07-05,62,Femme,Centrale,Premium,41.6,4,0,72,6.5,0
2023-07-05,43,Femme,Maritime,Standard,28.24,2,0,39,6.4,0
2023-07-05,26,Homme,Maritime,Standard,36.73,3,0,56,8.2,0
2023-07-05,32,Homme,Plateaux,Premium,30.57,1,0,120,5.3,0
2023-07-06,31,Femme,Centrale,Standard,24.86,2,0,31,6.3,0
2023-07-06,49,Homme,Plateaux,Standard,27.5,2,2,179,4.0,0
2023-07-07,26,Femme,Plateaux,Standard,2.0,1,0,68,4.7,0
2023-07-09,19,Femme,Plateaux,Standard,32.72,3,0,159,5.0,0
2023-07-09,29,Homme,Centrale,Standard,2.04,0,0,52,8.0,0
2023-07-10,54,Homme,Maritime,Standard,17.7,3,0,56,7.4,0
2023-07-10,51,Homme,Plateaux,Standard,18.38,1,0,51,6.2,0
2023-07-11,51,Femme,Savanes,Premium,64.35,4,0,174,4.9,0
2023-07-11,29,Homme,Plateaux,Premium,33.07,4,0,36,7.6,0
2023-07-12,30,Homme,Maritime,Standard,11.8,3,0,140,6.4,0
2023-07-12,61,Femme,Maritime,Standard,42.61,4,0,109,6.8,0
2023-07-13,29,Femme,Plateaux,Premium,37.84,4,0,119,4.0,0
2023-07-13,69,Homme,Maritime,Premium,55.92,4,0,146,5.2,1
2023-07-13,25,Femme,Savanes,Standard,67.13,4,1,104,4.8,0
2023-07-14,59,Femme,Plateaux,Standard,31.18,4,0,3,6.3,0
2023-07-14,20,Femme,Maritime,Premium,43.36,5,0,137,5.2,1
2023-07-14,58,Homme,Maritime,Standard,32.33,3,0,21,6.0,0
2023-07-14,40,Femme,Savanes,Premium,54.21,4,0,145,5.4,0
2023-07-14,34,Femme,Centrale,Standard,24.6,2,2,71,5.9,0
2023-07-15,48,Femme,Maritime,Standard,42.08,2,0,178,6.3,0
2023-07-16,37,Femme,Maritime,Premium,63.85,5,0,20,8.2,0
2023-07-16,42,Femme,Kara,Premium,64.17,5,0,36,6.2,0
2023-07-16,39,Homme,Centrale,Premium,65.04,3,0,35,7.8,0
2023-07-17,28,Homme,Maritime,Standard,49.59,2,0,129,4.9,0
2023-07-17,38,Homme,Kara,Premium,56.2,5,0,103,5.3,0
2023-07-17,67,Homme,Plateaux,Premium,6.01,1,0,81,6.4,0
2023-07-18,38,Femme,Centrale,Standard,2.0,0,0,136,7.5,0
2023-07-19,50,Femme,Maritime,Standard,18.17,2,0,60,3.7,1
2023-07-20,26,Femme,Plateaux,Standard,36.66,3,2,100,5.5,0
2023-07-20,23,Homme,Plateaux,Standard,2.0,0,0,160,5.0,0
2023-07-20,20,Homme,Centrale,Premium,82.41,6,0,29,4.7,0
2023-07-21,57,Homme,Centrale,VIP,75.17,5,0,3,6.3,0
2023-07-21,68,Homme,Savanes,Standard,46.31,3,0,119,5.4,0
2023-07-22,32,Homme,Maritime,Standard,21.78,3,0,37,8.0,0
2023-07-22,53,Femme,Centrale,Standard,53.4,3,0,57,6.2,0
2023-07-22,45,Homme,Maritime,Premium,83.27,6,0,16,7.2,0
2023-07-22,69,Homme,Maritime,Premium,52.22,4,0,27,6.4,0
2023-07-23,66,Homme,Plateaux,Standard,25.66,2,1,178,5.9,0
2023-07-23,52,Femme,Savanes,Standard,45.58,3,0,34,5.7,0
2023-07-24,40,Femme,Maritime,Premium,37.94,2,2,121,4.0,1
2023-07-24,56,Homme,Centrale,Standard,24.17,3,0,142,6.1,0
2023-07-24,31,Homme,Centrale,Premium,46.71,3,0,142,5.3,0
2023-07-24,56,Femme,Maritime,Premium,27.96,2,2,20,7.0,0
2023-07-25,45,Homme,Centrale,Premium,48.06,5,0,33,3.6,0
2023-07-25,34,Femme,Plateaux,Standard,59.54,3,1,55,5.0,0
2023-07-25,20,Homme,Centrale,Premium,24.3,3,1,129,7.2,0
2023-07-26,21,Homme,Centrale,Standard,10.48,2,0,83,6.2,1
2023-07-26,42,Femme,Maritime,Standard,23.61,2,0,41,5.4,0
2023-07-26,55,Homme,Maritime,Standard,30.27,3,0,31,6.2,0
2023-07-27,29,Homme,Plateaux,Standard,37.75,4,0,135,6.8,0
2023-07-27,68,Femme,Maritime,Premium,39.69,3,0,42,6.6,0
2023-07-27,39,Homme,Plateaux,Standard,5.59,0,0,147,5.2,0
2023-07-27,26,Femme,Maritime,Standard,21.54,1,0,159,5.5,0
2023-07-27,58,Femme,Maritime,Premium,31.26,2,0,110,4.4,0
2023-07-29,25,Femme,Centrale,VIP,47.67,4,1,10,4.3,0
2023-07-29,26,Femme,Kara,Standard,62.43,5,0,88,5.5,0
2023-07-30,58,Femme,Maritime,Standard,27.0,3,0,35,9.1,0
2023-07-30,61,Homme,Maritime,Standard,20.51,1,0,10,10.0,0
2023-07-30,40,Femme,Centrale,Standard,19.58,3,1,0,7.0,0
2023-07-30,55,Homme,Centrale,Standard,37.98,3,0,98,6.7,0
2023-07-30,26,Homme,Maritime,Premium,51.98,3,0,113,5.5,0
2023-07-30,51,Homme,Plateaux,Standard,2.78,0,0,63,5.8,0
2023-07-31,59,Homme,Kara,Premium,45.13,4,0,33,8.1,0
2023-07-31,39,Homme,Maritime,Premium,28.08,0,0,117,5.7,0
2023-08-01,21,Homme,Savanes,Standard,53.49,5,0,141,5.5,1
2023-08-01,38,Homme,Kara,Standard,9.49,2,0,8,8.5,0
2023-08-02,66,Homme,Plateaux,VIP,68.65,6,0,102,6.7,0
2023-08-03,46,Femme,Maritime,Standard,54.14,5,0,17,7.2,0
2023-08-03,42,Homme,Kara,Standard,25.29,1,0,16,4.8,0
2023-08-04,64,Femme,Plateaux,VIP,68.03,6,1,110,2.8,0
2023-08-04,34,Femme,Savanes,VIP,69.32,7,0,38,7.5,0
2023-08-04,65,Homme,Centrale,Premium,42.51,4,0,68,4.6,0
2023-08-04,45,Homme,Savanes,Standard,34.47,4,0,111,4.1,0
2023-08-05,55,Homme,Kara,Premium,42.8,6,0,178,4.7,0
2023-08-05,20,Femme,Maritime,Standard,62.8,6,0,76,8.7,0
2023-08-05,56,Homme,Maritime,Premium,46.8,2,1,10,7.6,0
2023-08-05,63,Femme,Centrale,Premium,20.05,2,0,142,6.2,0
2023-08-05,51,Femme,Kara,VIP,64.41,4,1,5,7.7,0
2023-08-05,32,Femme,Maritime,Standard,37.0,3,0,60,8.5,0
2023-08-06,63,Femme,Plateaux,Premium,35.5,4,0,56,4.7,0
2023-08-07,19,Homme,Maritime,Standard,29.37,1,0,70,8.5,0
2023-08-07,49,Femme,Savanes,Standard,16.52,1,0,42,7.2,0
2023-08-07,55,Femme,Kara,Premium,53.64,4,0,114,6.6,0
2023-08-07,55,Femme,Maritime,Premium,46.11,5,1,63,3.5,0
2023-08-07,26,Femme,Maritime,Standard,31.57,3,1,58,5.2,0
2023-08-07,62,Femme,Centrale,Standard,37.16,3,1,125,5.1,1
2023-08-08,18,Homme,Maritime,Premium,72.94,5,2,137,1.5,0
2023-08-08,34,Femme,Kara,Premium,49.67,3,1,33,8.1,0
2023-08-09,48,Femme,Maritime,Standard,52.17,4,0,94,6.0,0
2023-08-09,50,Homme,Plateaux,Standard,21.62,2,3,170,2.0,1
2023-08-09,41,Homme,Centrale,Standard,31.87,3,1,127,4.3,0
2023-08-09,29,Femme,Centrale,Standard,38.5,2,0,102,5.1,0
2023-08-09,34,Femme,Maritime,VIP,63.65,6,0,56,6.7,0
2023-08-09,41,Femme,Maritime,Premium,42.16,5,0,93,7.8,0
2023-08-09,46,Femme,Centrale,Standard,25.97,0,0,107,5.3,0
2023-08-10,53,Femme,Kara,Standard,26.69,2,0,39,8.0,0
2023-08-11,21,Femme,Plateaux,Standard,33.21,4,0,82,5.4,0
2023-08-11,44,Homme,Savanes,Standard,29.03,1,0,43,6.8,0
2023-08-11,49,Homme,Maritime,Premium,54.07,4,0,11,7.8,0
2023-08-12,31,Homme,Maritime,Standard,13.5,0,0,167,5.8,1
2023-08-12,50,Homme,Kara,Standard,37.83,2,1,170,3.1,1
2023-08-12,54,Homme,Savanes,Standard,5.44,1,0,160,5.0,0
2023-08-13,67,Femme,Kara,Premium,47.22,4,0,132,7.3,1
2023-08-13,69,Femme,Maritime,Standard,13.46,2,0,23,6.5,1
2023-08-14,42,Femme,Maritime,Standard,36.58,4,0,139,4.6,1
2023-08-15,56,Femme,Centrale,Standard,11.06,0,0,121,3.6,0
2023-08-15,34,Homme,Plateaux,VIP,38.15,3,1,125,3.4,0
2023-08-15,31,Femme,Maritime,Standard,11.23,2,0,121,6.1,0
2023-08-16,32,Femme,Kara,Premium,35.76,2,0,140,4.5,0
2023-08-17,39,Femme,Maritime,VIP,67.11,6,0,48,7.3,0
2023-08-17,24,Femme,Centrale,Premium,53.34,4,0,58,5.9,0
2023-08-17,67,Homme,Plateaux,Premium,35.24,3,1,26,6.0,0
2023-08-17,52,Femme,Plateaux,Standard,5.56,2,0,128,4.9,0
2023-08-18,23,Homme,Plateaux,Standard,13.48,1,0,115,4.9,0
2023-08-18,56,Femme,Maritime,Premium,45.17,4,0,152,6.8,0
2023-08-18,60,Homme,Kara,VIP,69.79,7,1,83,5.3,0
2023-08-18,58,Homme,Centrale,Premium,51.9,5,0,56,7.4,0
2023-08-19,54,Homme,Plateaux,Premium,45.07,5,0,177,6.8,0
2023-08-19,34,Femme,Plateaux,Standard,67.62,5,0,41,7.0,0
2023-08-19,58,Femme,Plateaux,Standard,20.56,2,0,49,6.5,0
2023-08-19,27,Homme,Centrale,Premium,34.52,1,0,173,7.2,1
2023-08-20,60,Homme,Kara,Premium,45.32,5,1,44,4.9,0
2023-08-20,50,Homme,Centrale,Standard,31.19,4,0,22,4.2,0
2023-08-20,49,Homme,Centrale,Premium,38.24,3,0,112,5.6,0
2023-08-20,29,Homme,Maritime,Standard,47.57,4,0,125,6.4,0
2023-08-20,29,Femme,Kara,Standard,18.4,2,0,74,7.8,0
2023-08-21,53,Femme,Maritime,Premium,39.11,3,1,138,3.5,0
2023-08-21,21,Femme,Plateaux,Standard,28.43,3,0,62,6.8,0
2023-08-21,66,Homme,Maritime,Premium,48.89,4,2,164,4.2,0
2023-08-21,34,Homme,Plateaux,Standard,15.17,1,0,160,5.3,0
2023-08-21,28,Femme,Plateaux,Standard,28.96,3,0,116,4.2,0
2023-08-21,24,Femme,Centrale,Standard,10.99,0,0,153,5.6,0
2023-08-22,56,Homme,Plateaux,Standard,43.77,3,0,119,5.1,0
2023-08-22,30,Femme,Plateaux,Standard,33.79,3,0,26,5.9,0
2023-08-23,23,Femme,Maritime,Standard,38.5,2,0,137,7.4,0
2023-08-23,33,Femme,Maritime,Standard,27.76,2,0,120,3.4,1
2023-08-23,27,Femme,Centrale,Premium,54.27,4,2,129,4.1,0
2023-08-23,34,Homme,Maritime,Standard,30.51,4,0,97,3.4,0
2023-08-24,28,Femme,Plateaux,Premium,27.17,3,1,110,5.7,0
2023-08-24,69,Femme,Maritime,Standard,36.78,4,0,32,5.7,1
2023-08-24,45,Homme,Maritime,Standard,41.29,2,0,56,7.4,0
2023-08-26,25,Femme,Maritime,Premium,31.97,0,0,18,6.8,0
2023-08-26,56,Femme,Maritime,Standard,10.66,1,0,95,7.9,0
2023-08-26,44,Homme,Plateaux,Standard,9.28,0,1,109,4.7,0
2023-08-28,65,Homme,Maritime,VIP,86.73,9,0,97,6.9,0
2023-08-28,53,Homme,Savanes,Standard,20.35,1,0,61,4.7,0
2023-08-28,18,Homme,Kara,Standard,20.51,2,0,170,4.8,0
2023-08-28,59,Femme,Maritime,Premium,45.12,4,1,79,4.8,0
2023-08-29,44,Homme,Plateaux,Premium,63.41,5,0,160,5.9,0
2023-08-30,57,Femme,Plateaux,Premium,51.91,5,0,27,9.1,0
2023-08-30,25,Femme,Maritime,Premium,61.93,6,0,127,6.2,0
2023-08-30,42,Femme,Maritime,Standard,36.99,4,1,177,5.5,1
2023-08-31,56,Homme,Plateaux,Premium,54.11,5,1,109,6.4,0
2023-08-31,45,Homme,Plateaux,Standard,29.11,2,0,178,7.0,1
2023-09-01,63,Homme,Centrale,Standard,29.66,0,0,113,3.7,1
2023-09-01,25,Homme,Savanes,Standard,18.97,4,0,26,5.6,0
2023-09-01,64,Homme,Savanes,Standard,32.59,1,1,91,6.0,0
2023-09-01,56,Homme,Maritime,Standard,40.45,3,0,166,5.6,0
2023-09-01,68,Homme,Plateaux,Premium,43.56,4,1,145,6.1,0
2023-09-01,30,Femme,Centrale,Premium,47.65,4,1,147,4.3,1
2023-09-01,27,Homme,Centrale,Premium,37.62,2,0,68,3.6,0
2023-09-02,20,Femme,Kara,Standard,27.18,4,0,126,5.3,0
2023-09-02,66,Femme,Maritime,Standard,46.24,5,0,134,6.1,0
2023-09-04,40,Homme,Centrale,Standard,38.1,3,0,1,6.5,0
2023-09-04,68,Homme,Kara,Premium,21.75,3,0,164,6.5,1
2023-09-05,66,Femme,Kara,VIP,89.66,8,1,40,6.5,0
2023-09-05,46,Homme,Plateaux,VIP,88.24,6,1,48,8.0,0
2023-09-05,39,Homme,Plateaux,Standard,17.7,1,0,34,5.3,0
2023-09-05,47,Femme,Maritime,Premium,67.37,5,0,37,8.1,0
2023-09-05,29,Homme,Savanes,Standard,24.82,2,0,110,4.3,0
2023-09-06,63,Femme,Maritime,VIP,68.91,7,0,20,7.6,0
2023-09-07,69,Homme,Maritime,Standard,47.0,3,0,147,5.6,0
2023-09-07,65,Homme,Savanes,Standard,27.09,4,0,159,4.4,1
2023-09-07,31,Homme,Kara,VIP,81.51,7,0,61,7.5,0
2023-09-08,51,Femme,Savanes,Standard,52.54,5,0,0,5.6,0
2023-09-08,33,Femme,Plateaux,Standard,41.51,4,1,17,6.1,0
2023-09-08,36,Homme,Kara,Standard,60.43,5,1,127,3.8,0
2023-09-08,30,Femme,Maritime,Standard,14.5,1,0,32,7.6,0
2023-09-08,31,Homme,Maritime,Premium,45.27,4,0,103,6.4,0
2023-09-08,41,Femme,Savanes,Standard,14.46,1,0,25,6.7,0
2023-09-09,20,Femme,Savanes,Standard,38.18,4,0,66,8.1,0
2023-09-10,33,Femme,Plateaux,Premium,60.35,3,0,101,7.4,0
2023-09-10,47,Femme,Maritime,Standard,49.15,2,0,42,7.1,0
2023-09-11,46,Femme,Kara,Standard,34.5,4,0,23,5.5,0
2023-09-11,55,Femme,Kara,Premium,49.96,4,0,75,5.9,0
2023-09-11,36,Femme,Savanes,VIP,71.18,7,0,173,3.6,0
2023-09-11,67,Homme,Maritime,Premium,64.03,5,1,60,6.2,0
2023-09-12,38,Femme,Kara,Premium,51.81,4,1,32,7.5,0
2023-09-12,51,Homme,Plateaux,Premium,27.1,4,0,30,7.1,0
2023-09-14,32,Femme,Plateaux,Standard,42.9,2,0,16,6.9,0
2023-09-14,20,Femme,Centrale,Standard,33.0,3,0,39,9.0,0
2023-09-16,56,Homme,Plateaux,Standard,28.43,4,0,136,8.7,1
2023-09-17,64,Homme,Plateaux,Standard,6.57,2,0,45,7.1,0
2023-09-19,68,Femme,Savanes,Standard,24.45,3,0,111,5.7,0
2023-09-19,41,Femme,Plateaux,Standard,24.76,2,0,102,3.0,0
2023-09-20,33,Femme,Plateaux,Premium,40.14,4,0,10,6.9,0
2023-09-20,44,Femme,Maritime,Standard,19.52,0,0,23,5.6,0
2023-09-21,28,Homme,Maritime,Standard,47.19,3,0,166,6.2,0
2023-09-21,61,Femme,Kara,Standard,12.84,1,0,0,3.6,0
2023-09-21,51,Femme,Plateaux,Standard,29.96,1,1,56,6.6,0
2023-09-21,36,Femme,Plateaux,Premium,29.07,2,1,115,3.8,0
2023-09-22,45,Homme,Maritime,Standard,25.73,3,0,24,7.7,0
2023-09-22,29,Homme,Centrale,Premium,46.86,4,0,122,8.0,0
2023-09-23,39,Homme,Centrale,Standard,21.63,2,0,44,6.4,0
2023-09-23,36,Femme,Centrale,Standard,31.82,2,0,3,7.0,0
2023-09-23,31,Homme,Savanes,Standard,17.98,1,0,44,6.9,0
2023-09-24,27,Homme,Centrale,Standard,17.81,1,0,80,7.4,0
2023-09-24,45,Homme,Centrale,Standard,56.37,6,0,84,4.1,0
2023-09-25,20,Homme,Maritime,Standard,52.04,4,0,138,4.9,0
2023-09-25,42,Femme,Kara,Standard,51.41,4,0,162,4.0,0
2023-09-25,25,Femme,Maritime,Standard,44.91,3,0,56,6.6,0
2023-09-25,37,Femme,Kara,Standard,32.95,2,0,156,5.9,0
2023-09-26,18,Homme,Centrale,Premium,40.1,5,0,160,5.1,0
2023-09-26,50,Homme,Savanes,VIP,56.87,4,0,122,7.1,0
2023-09-27,26,Homme,Savanes,Standard,21.98,1,0,50,6.3,0
2023-09-28,58,Femme,Maritime,Standard,35.26,3,0,132,6.9,0
2023-09-28,24,Femme,Plateaux,Standard,15.34,0,0,102,3.2,0
2023-09-28,52,Homme,Centrale,Premium,2.0,1,0,1,5.0,0
2023-09-28,62,Homme,Maritime,Premium,47.06,3,0,155,6.5,0
2023-09-28,55,Homme,Maritime,Premium,35.83,2,0,112,6.0,0
2023-09-28,65,Homme,Maritime,Standard,28.61,3,0,21,7.3,0
2023-09-29,45,Homme,Maritime,VIP,59.72,4,1,46,7.9,0
2023-09-29,45,Femme,Savanes,VIP,85.94,6,0,164,2.6,0
2023-09-29,49,Homme,Kara,Standard,15.79,3,0,151,6.2,0
2023-09-30,35,Femme,Maritime,Standard,7.78,0,0,18,7.8,0
2023-09-30,53,Femme,Kara,Premium,25.53,3,0,151,5.9,0
2023-09-30,38,Femme,Maritime,Standard,42.7,4,0,124,5.9,0
2023-10-01,36,Homme,Plateaux,Standard,29.61,3,0,98,4.2,1
2023-10-01,64,Homme,Kara,Standard,49.79,6,0,94,4.7,0
2023-10-02,67,Homme,Centrale,Premium,44.79,5,0,160,6.5,0
2023-10-02,42,Homme,Kara,Standard,38.43,4,0,124,7.3,0
2023-10-03,35,Homme,Maritime,Standard,32.24,3,0,174,4.0,0
2023-10-03,69,Homme,Centrale,Standard,2.06,0,0,163,6.5,1
2023-10-04,31,Femme,Plateaux,Premium,67.31,5,0,90,7.4,0
2023-10-05,24,Homme,Plateaux,Standard,44.39,4,0,109,4.3,0
2023-10-05,69,Homme,Plateaux,Standard,17.78,1,1,143,4.7,1
2023-10-05,47,Homme,Plateaux,Standard,35.26,3,0,127,6.7,0
2023-10-06,39,Femme,Kara,Premium,56.02,4,0,60,5.1,0
2023-10-06,31,Homme,Kara,Standard,32.28,4,0,15,7.7,0
2023-10-07,69,Femme,Centrale,Standard,36.35,5,1,124,4.6,0
2023-10-07,50,Homme,Maritime,Standard,46.75,4,0,7,6.2,0
2023-10-08,31,Homme,Centrale,Premium,54.1,5,0,81,6.6,0
2023-10-08,52,Homme,Plateaux,Standard,32.19,4,0,35,6.3,0
2023-10-08,62,Homme,Maritime,Standard,38.59,3,0,5,5.3,0
2023-10-08,27,Homme,Plateaux,Standard,19.27,1,0,118,4.6,0
2023-10-08,45,Homme,Maritime,Standard,18.7,2,0,36,6.5,0
2023-10-09,49,Femme,Kara,Premium,32.08,3,0,104,6.3,0
2023-10-10,28,Homme,Savanes,Standard,51.06,5,0,37,5.3,0
2023-10-10,59,Homme,Kara,Standard,27.72,1,0,178,6.1,1
2023-10-11,61,Homme,Maritime,Standard,34.95,2,0,45,6.4,0
2023-10-11,46,Femme,Kara,Premium,39.2,3,0,133,5.1,0
2023-10-13,40,Femme,Savanes,Standard,33.73,3,0,177,3.8,0
2023-10-13,59,Homme,Savanes,Standard,29.35,2,0,17,7.9,0
2023-10-14,30,Femme,Maritime,Premium,44.7,6,0,110,5.5,0
2023-10-14,66,Femme,Maritime,VIP,67.07,6,0,118,5.8,0
2023-10-15,34,Homme,Plateaux,Standard,9.8,3,0,124,5.0,0
2023-10-15,24,Homme,Plateaux,VIP,76.03,7,0,116,4.5,0
2023-10-15,66,Homme,Maritime,Premium,50.52,3,0,58,6.5,0
2023-10-15,45,Femme,Maritime,Standard,9.05,0,0,46,8.3,0
2023-10-15,68,Femme,Centrale,Standard,17.63,2,0,42,6.5,0
2023-10-16,34,Homme,Kara,Premium,36.92,3,0,25,7.1,0
2023-10-16,31,Homme,Plateaux,VIP,42.91,4,0,87,5.4,0
2023-10-17,41,Homme,Plateaux,Premium,51.87,3,0,103,7.1,0
2023-10-17,19,Homme,Maritime,Premium,44.42,4,0,28,8.0,0
2023-10-18,31,Homme,Plateaux,Standard,21.23,1,0,40,6.5,0
2023-10-18,21,Homme,Plateaux,Standard,21.9,0,0,21,6.8,0
2023-10-20,31,Femme,Centrale,Standard,42.9,5,0,123,7.2,0
2023-10-20,67,Femme,Maritime,Standard,32.37,4,0,166,4.6,0
2023-10-20,23,Homme,Savanes,Standard,26.48,2,0,90,5.7,0
2023-10-21,49,Homme,Maritime,Standard,10.61,0,0,91,6.9,0
2023-10-21,58,Homme,Maritime,Standard,46.9,5,0,77,6.7,0
2023-10-22,66,Homme,Maritime,Standard,33.68,3,0,142,5.0,0
2023-10-22,36,Femme,Savanes,Premium,31.33,3,0,98,5.7,0
2023-10-23,58,Femme,Maritime,Standard,27.58,3,0,26,7.4,0
2023-10-24,36,Homme,Centrale,Standard,35.02,5,0,27,5.3,0
2023-10-24,65,Homme,Centrale,Standard,22.08,3,2,83,3.1,0
2023-10-24,30,Femme,Maritime,Standard,32.37,2,1,42,8.1,0
2023-10-25,63,Homme,Kara,Premium,44.53,3,0,159,5.1,0
2023-10-25,66,Homme,Plateaux,Premium,58.9,3,0,168,5.3,0
2023-10-26,44,Homme,Plateaux,Standard,40.58,3,0,139,6.5,0
2023-10-26,49,Homme,Maritime,VIP,73.14,6,0,62,5.2,0
2023-10-26,50,Femme,Plateaux,Standard,11.79,0,0,3,5.7,0
2023-10-26,39,Femme,Maritime,Standard,24.98,3,0,138,5.5,0
2023-10-26,38,Femme,Maritime,Standard,11.8,0,1,100,5.5,0
2023-10-27,66,Femme,Maritime,Premium,42.85,3,0,114,4.1,0
2023-10-27,21,Homme,Kara,Standard,42.49,2,0,167,6.1,1
2023-10-27,25,Homme,Maritime,Standard,34.4,2,0,128,6.6,0
2023-10-27,48,Femme,Maritime,VIP,64.38,6,0,173,6.1,0
2023-10-28,56,Homme,Maritime,Standard,39.26,4,0,42,6.7,0
2023-10-28,50,Homme,Kara,Premium,30.45,3,0,69,7.9,0
2023-10-28,42,Femme,Maritime,Standard,26.7,2,0,57,6.7,0
2023-10-29,53,Homme,Plateaux,Premium,33.44,2,0,61,3.7,0
2023-10-29,28,Femme,Kara,Standard,51.96,3,0,161,4.6,0
2023-10-29,27,Homme,Centrale,Standard,18.9,2,0,177,3.7,1
2023-10-30,19,Homme,Savanes,Standard,39.74,4,1,171,4.1,1
2023-10-30,39,Femme,Kara,VIP,71.84,5,0,173,6.6,0
2023-10-30,33,Homme,Savanes,Standard,41.84,3,0,133,6.3,0
2023-10-30,67,Femme,Centrale,Premium,47.19,3,0,148,6.9,0
2023-10-31,66,Homme,Maritime,Standard,18.54,1,0,2,6.7,0
2023-10-31,35,Homme,Maritime,Premium,44.11,2,1,49,4.3,0
2023-10-31,27,Homme,Kara,Standard,47.72,3,0,103,6.0,0
2023-10-31,18,Femme,Maritime,Premium,62.24,6,0,96,5.1,0
2023-11-01,58,Femme,Savanes,Standard,8.8,0,0,139,6.0,1
2023-11-01,66,Homme,Kara,Premium,9.95,1,0,58,6.4,0
2023-11-01,28,Femme,Maritime,Standard,41.12,2,1,115,4.3,0
2023-11-01,36,Homme,Maritime,VIP,62.89,5,0,19,5.3,0
2023-11-01,49,Femme,Maritime,Standard,43.23,3,0,65,7.5,0
2023-11-02,27,Homme,Maritime,Premium,40.75,5,0,56,4.1,0
2023-11-02,27,Homme,Centrale,Standard,10.06,1,1,72,5.2,0
2023-11-02,67,Femme,Centrale,Premium,50.05,1,0,171,4.0,0
2023-11-02,45,Femme,Savanes,Premium,37.83,3,1,0,7.1,0
2023-11-02,20,Homme,Maritime,Standard,51.64,5,0,79,7.2,0
2023-11-02,48,Femme,Maritime,Premium,71.64,5,0,56,3.8,0
2023-11-03,50,Femme,Savanes,Standard,4.55,0,0,154,4.5,0
2023-11-03,44,Homme,Maritime,Premium,50.52,3,2,145,3.1,0
2023-11-03,58,Homme,Maritime,Premium,28.1,3,1,138,4.1,1
2023-11-06,38,Homme,Maritime,Premium,22.86,0,0,143,7.7,0
2023-11-06,45,Homme,Centrale,Premium,44.89,4,0,128,5.9,0
2023-11-07,66,Homme,Kara,Standard,40.09,4,0,49,7.8,0
2023-11-07,30,Homme,Maritime,Standard,27.02,3,0,70,5.7,0
2023-11-07,63,Femme,Kara,Premium,52.77,4,1,129,4.9,0
2023-11-08,33,Homme,Kara,Standard,31.95,1,0,76,8.4,0
2023-11-09,40,Homme,Centrale,Standard,34.01,3,0,163,5.4,1
2023-11-09,23,Femme,Maritime,VIP,60.75,4,0,155,5.7,0
2023-11-10,59,Femme,Plateaux,VIP,56.86,5,0,84,5.7,0
2023-11-11,45,Homme,Maritime,Standard,2.17,1,0,22,3.7,0
2023-11-11,21,Homme,Plateaux,Premium,41.0,4,0,160,5.0,0
2023-11-11,29,Femme,Maritime,Standard,30.47,4,2,43,5.3,0
2023-11-11,28,Homme,Plateaux,Standard,37.34,2,0,174,3.5,1
2023-11-11,62,Femme,Maritime,VIP,70.25,5,0,72,5.7,0
2023-11-12,32,Homme,Maritime,Standard,53.69,4,0,99,5.2,0
2023-11-12,39,Homme,Plateaux,VIP,71.07,6,0,25,8.6,0
2023-11-13,41,Femme,Maritime,Premium,62.75,5,0,0,7.2,0
2023-11-13,59,Femme,Maritime,Standard,33.08,3,0,17,8.9,0
2023-11-13,65,Homme,Plateaux,Standard,29.21,4,1,101,4.5,0
2023-11-13,32,Homme,Savanes,Standard,30.22,2,0,88,6.7,0
2023-11-13,29,Femme,Savanes,Premium,52.21,4,0,159,6.3,0
2023-11-13,62,Femme,Centrale,Standard,48.71,3,3,86,4.9,0
2023-11-13,37,Homme,Plateaux,Standard,19.83,0,0,14,7.1,0
2023-11-14,42,Homme,Maritime,Premium,42.15,2,0,20,4.9,0
2023-11-14,54,Homme,Maritime,Standard,21.61,2,0,108,6.8,0
2023-11-14,64,Femme,Kara,Standard,23.74,3,0,59,6.0,0
2023-11-14,39,Femme,Kara,Standard,2.64,0,0,51,7.7,0
2023-11-15,32,Femme,Maritime,Standard,29.27,3,0,154,5.4,0
2023-11-15,38,Femme,Maritime,Premium,66.67,5,0,59,7.7,0
2023-11-16,57,Homme,Kara,Standard,27.41,3,0,94,7.4,0
2023-11-16,22,Homme,Maritime,Standard,30.79,2,0,104,7.1,0
2023-11-16,63,Femme,Maritime,Premium,55.01,5,0,43,5.6,0
2023-11-17,43,Femme,Plateaux,Standard,29.15,1,0,157,3.7,0
2023-11-17,41,Homme,Centrale,Standard,26.45,1,1,55,4.9,0
2023-11-17,57,Femme,Maritime,Premium,56.39,4,0,177,3.9,0
2023-11-17,63,Homme,Maritime,Standard,32.29,4,0,11,9.3,0
2023-11-18,40,Homme,Centrale,Standard,2.0,1,0,80,6.7,0
2023-11-19,38,Femme,Maritime,Standard,34.63,0,0,66,6.6,0
2023-11-19,53,Homme,Maritime,Standard,44.85,5,0,157,4.4,1
2023-11-20,60,Homme,Plateaux,Standard,15.7,0,0,178,5.1,1
2023-11-20,30,Homme,Maritime,VIP,81.33,7,0,100,5.1,0
2023-11-20,35,Homme,Maritime,Standard,14.89,0,0,23,5.6,0
2023-11-21,35,Homme,Centrale,Premium,29.47,2,1,177,4.9,0
2023-11-21,51,Homme,Centrale,Premium,43.0,1,2,148,4.2,0
2023-11-21,56,Femme,Maritime,Standard,23.96,1,0,145,3.8,0
2023-11-22,41,Homme,Plateaux,Standard,27.96,3,0,179,6.1,1
2023-11-22,24,Femme,Maritime,Premium,27.46,3,1,10,7.1,0
2023-11-22,62,Femme,Centrale,Standard,44.23,4,0,69,5.7,0
2023-11-22,33,Femme,Maritime,Premium,38.98,3,0,110,6.1,0
2023-11-23,53,Homme,Maritime,Standard,21.8,0,2,9,6.5,0
2023-11-23,66,Femme,Plateaux,Standard,38.42,3,0,108,6.8,0
2023-11-23,32,Femme,Maritime,Standard,32.12,2,0,16,8.7,0
2023-11-24,21,Femme,Plateaux,Premium,51.07,5,0,119,4.0,1
2023-11-24,47,Homme,Centrale,Premium,31.43,2,1,83,5.9,0
2023-11-24,31,Femme,Kara,Standard,28.17,2,1,174,4.4,0
2023-11-24,38,Homme,Kara,Standard,38.75,3,0,47,7.2,0
2023-11-24,56,Femme,Centrale,VIP,63.4,5,0,36,7.3,0
2023-11-25,41,Femme,Maritime,Standard,25.51,2,0,38,5.6,0
2023-11-25,24,Femme,Plateaux,VIP,71.91,7,1,78,7.5,0
2023-11-25,59,Femme,Maritime,Standard,52.81,4,0,168,5.8,0
2023-11-25,49,Femme,Maritime,Standard,3.85,1,0,88,5.4,1
2023-11-25,34,Homme,Plateaux,VIP,70.77,5,0,43,6.2,0
2023-11-25,60,Homme,Savanes,Premium,36.22,4,0,176,4.8,0
2023-11-25,46,Femme,Kara,Standard,54.73,6,1,56,7.8,0
2023-11-26,21,Femme,Savanes,Standard,2.0,0,0,83,5.4,0
2023-11-27,33,Homme,Plateaux,Standard,33.46,4,0,134,6.4,0
2023-11-27,32,Femme,Plateaux,Standard,46.59,3,0,66,7.3,0
2023-11-28,31,Femme,Centrale,Premium,41.61,4,0,68,8.0,0
2023-11-28,59,Homme,Maritime,Standard,51.01,5,0,119,4.1,0
2023-11-28,23,Homme,Plateaux,Standard,24.52,2,0,140,4.3,0
2023-11-28,26,Femme,Maritime,Premium,41.17,2,0,44,6.2,0
2023-11-28,23,Homme,Kara,Premium,48.32,4,1,5,7.7,0
2023-11-29,19,Homme,Plateaux,Premium,55.87,6,0,167,4.0,0
2023-11-29,26,Femme,Kara,Standard,34.11,3,0,91,4.8,0
2023-11-29,66,Femme,Kara,Standard,19.26,2,0,34,6.0,0
2023-11-29,34,Homme,Maritime,Standard,48.53,3,0,38,4.8,0
2023-11-30,32,Homme,Maritime,Premium,62.69,6,0,167,5.0,0
2023-11-30,41,Homme,Savanes,Standard,55.2,7,0,139,7.1,0
2023-12-01,40,Homme,Maritime,Standard,2.0,0,0,67,6.2,0
2023-12-01,39,Femme,Maritime,Standard,28.56,2,1,62,5.7,0
2023-12-01,47,Homme,Kara,VIP,57.52,5,0,100,6.1,0
2023-12-02,46,Femme,Maritime,Standard,33.32,4,1,50,5.6,0
2023-12-02,65,Femme,Centrale,VIP,57.54,2,0,5,6.8,0
2023-12-02,51,Homme,Maritime,Standard,28.07,2,0,128,6.7,0
2023-12-03,65,Femme,Maritime,Standard,5.95,0,0,115,7.0,0
2023-12-03,47,Femme,Maritime,Standard,20.54,3,0,152,5.7,0
2023-12-03,35,Homme,Plateaux,Standard,54.63,5,0,70,8.0,0
2023-12-04,64,Homme,Plateaux,Premium,44.43,2,0,112,5.1,0
2023-12-04,66,Homme,Maritime,Premium,33.82,4,0,99,6.2,0
2023-12-04,38,Femme,Kara,Standard,8.1,0,1,174,5.4,1
2023-12-04,35,Homme,Centrale,Premium,69.44,5,0,123,7.0,0
2023-12-04,57,Homme,Maritime,Standard,19.21,2,0,69,5.5,0
2023-12-05,50,Homme,Plateaux,Premium,36.38,2,1,115,5.8,0
2023-12-06,42,Femme,Savanes,Premium,44.03,2,0,100,5.1,0
2023-12-06,22,Femme,Maritime,VIP,102.1,7,0,80,5.5,0
2023-12-07,67,Femme,Kara,Standard,4.41,0,0,30,6.5,0
2023-12-07,48,Homme,Maritime,Premium,57.69,5,0,95,6.5,0
2023-12-07,28,Homme,Plateaux,Standard,45.47,4,0,52,6.5,0
2023-12-07,63,Homme,Centrale,Premium,91.75,8,0,107,5.1,0
2023-12-08,56,Homme,Plateaux,Standard,27.88,2,1,166,5.5,0
2023-12-08,24,Femme,Kara,Standard,38.16,2,1,95,4.4,0
2023-12-08,28,Homme,Plateaux,Standard,32.46,3,1,80,3.4,1
2023-12-08,48,Homme,Maritime,Premium,42.22,2,0,170,2.9,1
2023-12-09,39,Homme,Plateaux,Standard,31.38,4,0,109,7.6,0
2023-12-09,30,Femme,Maritime,Standard,32.49,5,0,175,3.7,0
2023-12-09,34,Homme,Plateaux,Standard,23.38,1,0,25,7.1,0
2023-12-09,69,Femme,Maritime,Premium,63.16,5,1,121,3.4,0
2023-12-09,24,Femme,Centrale,Standard,2.0,0,1,98,4.6,0
2023-12-09,35,Homme,Centrale,Standard,15.46,1,0,66,4.8,0
2023-12-10,30,Femme,Maritime,Standard,18.89,4,0,130,5.6,0
2023-12-10,49,Homme,Plateaux,Standard,55.65,6,1,58,6.1,0
2023-12-11,32,Femme,Maritime,Standard,23.43,3,0,19,4.3,0
2023-12-12,68,Femme,Maritime,Premium,40.07,4,1,158,3.9,1
2023-12-12,39,Homme,Plateaux,Premium,47.92,3,0,171,6.5,0
2023-12-13,27,Femme,Centrale,Premium,63.44,6,0,46,8.6,0
2023-12-13,69,Femme,Maritime,VIP,78.43,7,1,89,4.6,0
2023-12-14,39,Homme,Savanes,Standard,19.0,0,0,74,6.1,0
2023-12-14,56,Homme,Maritime,Premium,37.11,3,0,105,4.3,1
2023-12-14,32,Femme,Plateaux,Premium,48.37,4,0,22,5.9,0
2023-12-14,25,Femme,Plateaux,Standard,2.14,0,2,2,5.8,0
2023-12-14,55,Femme,Plateaux,Standard,36.8,5,0,172,4.7,1
2023-12-15,65,Homme,Kara,Standard,33.22,2,2,2,6.1,0
2023-12-15,64,Homme,Maritime,Premium,64.64,5,0,94,6.1,1
2023-12-15,38,Femme,Maritime,Standard,47.0,3,0,153,4.0,0
2023-12-15,49,Femme,Plateaux,Standard,16.96,0,0,90,7.7,0
2023-12-16,69,Homme,Maritime,Premium,44.33,3,1,114,5.3,0
2023-12-16,65,Femme,Plateaux,Standard,23.92,3,0,86,5.0,0
2023-12-16,18,Femme,Kara,Standard,41.51,5,1,95,5.8,0
2023-12-17,60,Homme,Maritime,Standard,49.13,4,0,88,7.4,0
2023-12-17,37,Femme,Maritime,Standard,18.29,3,1,152,4.3,1
2023-12-18,26,Femme,Plateaux,VIP,60.22,5,0,27,5.9,0
2023-12-18,42,Homme,Maritime,Standard,32.91,3,0,4,8.5,0
2023-12-18,21,Femme,Centrale,Premium,39.81,2,0,176,2.6,0
2023-12-19,46,Femme,Maritime,Premium,40.99,3,0,168,3.9,1
2023-12-19,40,Femme,Kara,Premium,53.55,4,0,56,6.8,0
2023-12-19,26,Femme,Plateaux,Premium,36.21,2,0,174,4.3,0
2023-12-22,36,Femme,Maritime,Standard,38.74,3,1,119,7.4,0
2023-12-22,56,Homme,Plateaux,Standard,30.2,3,0,4,5.8,0
2023-12-23,48,Homme,Centrale,VIP,72.44,7,1,18,6.8,0
2023-12-23,29,Homme,Maritime,Premium,53.5,4,0,37,7.3,0
2023-12-24,51,Femme,Kara,Premium,75.23,7,0,61,6.0,0
2023-12-24,43,Homme,Maritime,Premium,56.18,3,0,57,7.6,0
2023-12-24,44,Femme,Plateaux,Premium,69.47,7,0,73,5.4,0
2023-12-24,63,Homme,Maritime,Premium,47.71,4,0,33,4.6,0
2023-12-25,62,Homme,Centrale,Premium,33.29,2,1,141,3.0,1
2023-12-25,58,Homme,Maritime,Standard,15.27,2,0,67,4.3,0
2023-12-25,46,Homme,Plateaux,Premium,49.72,4,0,78,4.4,0
2023-12-26,53,Femme,Kara,VIP,49.1,4,1,175,5.5,0
2023-12-26,48,Homme,Maritime,Premium,34.67,4,0,162,5.1,0
2023-12-26,52,Homme,Savanes,Standard,28.64,2,1,97,4.3,1
2023-12-27,33,Homme,Centrale,Premium,58.8,6,0,47,7.0,0
2023-12-27,46,Homme,Plateaux,Standard,16.32,1,0,94,6.5,0
2023-12-27,63,Homme,Plateaux,Standard,38.99,1,1,28,5.5,0
2023-12-27,29,Femme,Plateaux,Premium,58.77,4,0,129,5.8,1
2023-12-28,53,Femme,Kara,Standard,44.18,3,0,64,6.6,0
2023-12-28,20,Homme,Savanes,Standard,37.6,4,0,141,5.2,1
2023-12-28,23,Homme,Centrale,Premium,72.55,5,0,60,7.2,0
2023-12-28,41,Femme,Savanes,Standard,43.2,4,0,104,5.3,0
2023-12-28,50,Homme,Maritime,Standard,20.9,1,0,39,5.7,0
2023-12-29,40,Femme,Centrale,Standard,36.27,4,0,50,5.0,0
2023-12-30,55,Homme,Centrale,Premium,41.54,3,0,15,8.5,0
2023-12-30,49,Homme,Plateaux,Standard,27.37,1,0,165,3.5,1
2023-12-31,64,Homme,Maritime,Standard,28.65,3,0,136,6.1,0
2023-12-31,37,Homme,Kara,Standard,45.94,4,0,65,5.0,0
2023-12-31,22,Homme,Maritime,Premium,62.29,5,0,108,5.7,0
2024-01-01,41,Homme,Plateaux,Standard,5.92,1,0,27,8.9,0
2024-01-01,33,Homme,Maritime,VIP,30.07,0,0,8,6.3,0
2024-01-01,61,Femme,Kara,Premium,28.16,4,0,74,7.5,0
2024-01-02,57,Femme,Plateaux,Premium,56.39,6,0,53,5.0,0
2024-01-03,40,Femme,Maritime,Premium,62.88,5,1,52,5.6,0
2024-01-03,62,Homme,Kara,Standard,24.72,1,0,79,7.3,0
2024-01-03,30,Homme,Maritime,Standard,2.28,0,0,168,4.3,1
2024-01-03,35,Femme,Maritime,Standard,31.77,3,0,29,5.9,0
2024-01-03,37,Homme,Centrale,Standard,33.19,4,0,156,6.0,1
2024-01-04,60,Homme,Savanes,Standard,36.05,4,0,3,6.8,0
2024-01-04,23,Homme,Kara,Premium,46.18,4,0,91,5.8,0
2024-01-04,50,Femme,Centrale,Standard,35.08,4,0,140,4.3,0
2024-01-04,53,Homme,Centrale,Premium,41.96,4,0,153,4.5,0
2024-01-04,44,Femme,Plateaux,Standard,2.0,1,0,68,6.7,0
2024-01-04,29,Femme,Plateaux,Premium,56.46,5,0,164,7.0,0
2024-01-05,56,Homme,Plateaux,Standard,2.0,0,0,62,5.9,0
2024-01-05,39,Homme,Kara,Standard,10.31,1,0,142,4.5,1
2024-01-06,28,Homme,Kara,Premium,28.72,1,0,122,5.5,0
2024-01-06,39,Homme,Plateaux,Premium,55.63,4,0,8,9.3,0
2024-01-06,18,Femme,Centrale,Standard,2.0,2,1,51,6.3,0
2024-01-06,54,Homme,Plateaux,VIP,77.19,8,0,115,5.8,0
2024-01-07,61,Homme,Savanes,Standard,37.78,1,2,79,6.5,0
2024-01-07,26,Homme,Maritime,Premium,53.31,4,0,68,9.2,0
2024-01-07,52,Femme,Maritime,Standard,2.0,1,1,140,5.8,0
2024-01-07,49,Femme,Kara,VIP,80.08,6,0,63,6.6,0
2024-01-10,39,Homme,Savanes,Standard,29.1,3,1,82,6.1,0
2024-01-10,19,Femme,Maritime,VIP,64.87,5,0,2,8.5,0
2024-01-10,52,Homme,Maritime,Premium,55.1,3,0,169,6.5,0
2024-01-11,59,Femme,Plateaux,Premium,37.01,2,0,179,4.8,0
2024-01-11,31,Homme,Maritime,Standard,15.29,2,0,105,6.9,0
2024-01-11,56,Homme,Kara,Standard,25.62,2,0,119,4.3,1
2024-01-11,56,Homme,Maritime,Standard,27.87,1,1,70,5.5,0
2024-01-12,69,Homme,Maritime,Premium,40.45,5,0,164,3.3,0
2024-01-12,28,Femme,Kara,Premium,43.68,4,0,47,7.9,0
2024-01-12,38,Femme,Kara,Premium,29.91,4,0,139,5.3,0
2024-01-12,69,Femme,Maritime,Standard,33.06,5,0,34,9.0,0
2024-01-12,42,Femme,Maritime,Premium,34.11,3,0,116,4.8,0
2024-01-13,24,Homme,Centrale,Premium,35.34,1,0,20,5.1,0
2024-01-13,40,Femme,Centrale,Premium,36.19,2,1,48,6.7,0
2024-01-13,22,Homme,Kara,Premium,22.1,2,1,118,5.3,0
2024-01-13,31,Homme,Maritime,Standard,22.75,3,1,121,4.9,1
2024-01-14,22,Femme,Maritime,VIP,85.23,6,0,109,6.2,0
2024-01-15,26,Homme,Maritime,Standard,25.19,3,0,54,3.8,0
2024-01-15,60,Homme,Centrale,Premium,25.32,1,0,155,4.9,1
2024-01-15,43,Femme,Plateaux,Standard,2.0,0,0,97,5.7,0
2024-01-15,63,Femme,Kara,Premium,51.31,4,1,28,6.5,0
2024-01-16,56,Femme,Maritime,Standard,27.03,0,0,144,4.7,0
2024-01-16,58,Femme,Maritime,Standard,21.15,3,0,149,5.0,0
2024-01-16,59,Femme,Savanes,Standard,5.31,0,0,94,6.4,1
2024-01-17,36,Homme,Plateaux,Standard,9.06,1,1,135,5.8,1
2024-01-17,19,Femme,Kara,Standard,10.47,3,0,48,8.7,0
2024-01-17,20,Homme,Kara,Standard,21.41,3,0,112,5.8,0
2024-01-17,48,Femme,Maritime,Premium,34.1,4,0,101,6.8,0
2024-01-18,41,Homme,Maritime,Premium,87.07,6,0,179,5.9,0
2024-01-18,44,Femme,Plateaux,Standard,40.14,3,0,34,5.5,0
2024-01-18,34,Homme,Maritime,Standard,33.49,3,0,123,4.7,0
2024-01-19,58,Femme,Maritime,Standard,22.11,1,0,152,8.4,0
2024-01-19,44,Femme,Plateaux,Standard,60.81,5,1,163,5.2,0
2024-01-19,56,Homme,Maritime,Standard,8.02,1,0,41,8.7,0
2024-01-20,43,Homme,Maritime,Standard,22.2,1,0,45,9.0,0
2024-01-20,33,Femme,Maritime,Standard,53.81,5,1,58,8.1,0
2024-01-21,45,Homme,Kara,Standard,2.0,0,0,174,4.8,0
2024-01-22,45,Homme,Kara,Premium,57.55,5,1,124,7.4,0
2024-01-22,58,Femme,Maritime,Standard,44.94,2,0,62,4.9,0
2024-01-22,49,Femme,Plateaux,Standard,51.12,3,1,55,6.4,0
2024-01-22,21,Femme,Maritime,VIP,73.57,6,1,148,3.8,0
2024-01-23,41,Homme,Plateaux,Standard,59.59,4,1,16,5.5,0
2024-01-23,46,Homme,Plateaux,Standard,7.16,0,0,163,4.7,1
2024-01-23,34,Femme,Maritime,Standard,32.1,3,1,173,5.6,0
2024-01-23,67,Homme,Maritime,Standard,34.78,2,0,116,7.0,0
2024-01-23,20,Homme,Centrale,Standard,22.75,3,0,163,6.0,1
2024-01-23,51,Homme,Maritime,Premium,54.88,2,0,38,5.7,0
2024-01-23,57,Homme,Maritime,Standard,11.2,0,0,155,5.6,1
2024-01-24,56,Femme,Maritime,Standard,25.15,3,0,159,4.8,0
2024-01-24,40,Femme,Kara,Standard,26.33,2,1,154,4.5,1
2024-01-24,29,Femme,Maritime,Standard,36.8,3,0,63,6.9,0
2024-01-24,47,Homme,Maritime,Standard,31.77,3,0,150,7.3,0
2024-01-25,46,Femme,Maritime,VIP,68.39,7,0,129,4.8,0
2024-01-25,18,Homme,Maritime,Standard,33.69,3,0,149,3.8,0
2024-01-25,46,Homme,Maritime,Premium,27.99,2,0,84,5.0,0
2024-01-25,21,Femme,Kara,Premium,68.77,5,0,49,5.2,0
2024-01-25,66,Femme,Maritime,Premium,73.85,5,1,148,5.5,0
2024-01-26,58,Homme,Maritime,Standard,48.37,3,0,80,7.5,0
2024-01-26,44,Femme,Plateaux,Standard,20.06,2,1,66,6.4,0
2024-01-27,57,Homme,Maritime,Standard,51.67,4,0,126,5.1,0
2024-01-27,42,Femme,Maritime,Standard,9.85,2,1,30,7.0,0
2024-01-27,48,Homme,Centrale,VIP,73.05,5,0,159,4.7,1
2024-01-27,49,Femme,Maritime,Premium,44.55,2,0,131,2.8,0
2024-01-28,27,Homme,Plateaux,VIP,73.36,8,0,53,7.6,0
2024-01-29,43,Femme,Kara,Standard,27.26,3,0,139,6.1,0
2024-01-30,52,Homme,Maritime,Premium,40.47,3,0,101,6.6,0
2024-01-30,45,Femme,Maritime,Standard,31.19,1,0,51,7.3,0
2024-01-30,47,Femme,Savanes,Standard,29.02,1,0,143,5.1,1
2024-01-30,38,Femme,Maritime,Standard,13.15,1,0,15,7.0,0
2024-01-31,50,Homme,Plateaux,Premium,44.8,4,0,52,4.5,0
2024-01-31,36,Femme,Centrale,Standard,28.22,2,1,3,3.6,0
2024-01-31,66,Femme,Maritime,Standard,28.28,1,1,162,4.6,1
2024-02-01,65,Femme,Centrale,Standard,32.22,2,1,54,5.5,0
2024-02-01,50,Homme,Plateaux,Premium,51.6,5,0,153,5.3,1
2024-02-02,18,Homme,Maritime,Premium,34.82,5,0,138,6.4,0
2024-02-02,33,Homme,Centrale,Premium,37.77,3,0,2,8.0,0
2024-02-02,55,Femme,Plateaux,Premium,47.49,2,0,147,7.0,1
2024-02-03,56,Femme,Centrale,Standard,24.32,4,1,140,4.9,0
2024-02-03,45,Femme,Centrale,Standard,30.17,1,0,14,4.7,0
2024-02-04,59,Homme,Plateaux,Premium,50.66,3,0,97,5.0,0
2024-02-04,33,Homme,Centrale,Standard,2.91,0,0,178,3.8,1
2024-02-04,21,Homme,Savanes,Premium,48.77,6,0,108,6.1,0
2024-02-05,51,Femme,Plateaux,Premium,52.01,4,0,50,6.9,0
2024-02-05,63,Femme,Maritime,Premium,38.85,3,0,52,5.4,0
2024-02-05,51,Femme,Kara,Standard,39.48,2,1,178,4.4,1
2024-02-06,58,Femme,Centrale,Premium,54.52,5,0,64,6.1,0
2024-02-07,23,Femme,Plateaux,Standard,40.12,5,0,38,6.2,0
2024-02-08,40,Femme,Maritime,VIP,52.22,4,0,157,8.7,0
2024-02-08,67,Femme,Maritime,Premium,41.39,3,0,99,6.4,0
2024-02-08,31,Femme,Maritime,Standard,46.51,3,0,170,5.6,0
2024-02-08,62,Homme,Maritime,Standard,28.12,2,0,93,8.1,0
2024-02-08,61,Homme,Maritime,Standard,22.36,1,1,162,5.0,0
2024-02-08,19,Femme,Maritime,Premium,43.49,4,0,161,3.9,0
2024-02-09,68,Femme,Savanes,Standard,19.19,1,0,123,6.5,0
2024-02-09,42,Femme,Centrale,Standard,51.1,5,0,24,6.1,0
2024-02-09,68,Homme,Maritime,Premium,49.14,5,1,48,5.4,1
2024-02-09,25,Femme,Maritime,Standard,24.73,1,0,106,7.0,0
2024-02-09,53,Homme,Maritime,Standard,29.84,4,1,73,5.7,0
2024-02-10,25,Femme,Maritime,Standard,33.18,3,0,79,5.3,0
2024-02-10,30,Homme,Maritime,Standard,38.93,3,1,135,3.6,0
2024-02-10,26,Homme,Centrale,Premium,70.6,9,0,144,4.7,0
2024-02-10,28,Homme,Plateaux,Standard,27.05,2,0,163,2.9,1
2024-02-10,69,Homme,Plateaux,Standard,44.1,3,2,174,1.7,1
2024-02-10,42,Homme,Kara,Standard,48.74,5,0,65,6.7,0
2024-02-10,65,Homme,Centrale,Premium,43.64,2,0,23,5.1,0
2024-02-11,44,Femme,Kara,Standard,4.99,2,0,56,7.1,0
2024-02-11,50,Homme,Maritime,Standard,13.68,2,0,22,5.8,0
2024-02-11,58,Homme,Maritime,Standard,18.89,1,1,120,3.7,0
2024-02-12,66,Femme,Kara,Standard,23.52,2,1,7,7.1,0
2024-02-13,22,Femme,Plateaux,Standard,42.24,3,0,176,7.8,0
2024-02-13,38,Femme,Maritime,Standard,2.0,0,0,19,6.7,0
2024-02-14,69,Homme,Maritime,Premium,51.16,5,0,111,7.3,0
2024-02-14,58,Homme,Maritime,Standard,14.93,2,0,112,6.5,1
2024-02-15,35,Femme,Maritime,VIP,46.69,2,0,77,4.1,0
2024-02-17,29,Femme,Plateaux,VIP,58.87,5,0,62,6.3,0
2024-02-17,32,Homme,Maritime,Standard,7.53,0,0,174,5.5,1
2024-02-17,31,Femme,Maritime,Standard,44.27,2,0,70,6.2,0
2024-02-17,55,Homme,Plateaux,Standard,39.32,4,0,102,6.4,0
2024-02-17,31,Homme,Centrale,Standard,41.39,4,1,100,4.1,0
2024-02-18,22,Femme,Maritime,Standard,52.32,6,1,109,5.1,0
2024-02-18,42,Femme,Centrale,Premium,26.09,2,0,11,7.1,0
2024-02-18,21,Femme,Maritime,Premium,62.32,4,0,65,4.0,0
2024-02-19,51,Femme,Maritime,Premium,38.7,2,0,91,6.0,0
2024-02-20,28,Homme,Centrale,VIP,61.59,6,0,129,4.9,0
2024-02-20,58,Femme,Plateaux,Standard,36.78,3,0,23,4.6,0
2024-02-21,66,Homme,Maritime,Premium,53.59,7,0,121,5.7,0
2024-02-21,45,Homme,Maritime,Standard,50.37,4,0,16,6.7,0
2024-02-22,22,Femme,Maritime,Standard,48.42,5,1,150,4.5,0
2024-02-22,58,Femme,Kara,Standard,10.52,1,0,1,7.5,0
2024-02-22,60,Homme,Plateaux,Premium,41.78,3,0,158,5.9,0
2024-02-22,64,Homme,Maritime,Standard,9.54,1,0,72,6.3,0
2024-02-22,60,Femme,Plateaux,Standard,7.59,2,0,63,5.9,0
2024-02-22,33,Femme,Centrale,Premium,51.32,4,1,163,6.0,1
2024-02-23,42,Homme,Maritime,Premium,36.5,3,0,162,7.0,0
2024-02-24,45,Homme,Maritime,VIP,65.14,4,1,26,6.5,0
2024-02-24,50,Homme,Maritime,Standard,19.69,2,1,65,6.3,0
2024-02-24,21,Femme,Centrale,VIP,69.38,4,0,160,5.0,0
2024-02-25,39,Homme,Plateaux,Standard,17.64,2,0,115,3.7,0
2024-02-26,51,Homme,Savanes,Standard,37.88,2,0,89,5.3,0
2024-02-26,59,Homme,Centrale,Premium,38.9,3,1,113,5.8,0
2024-02-26,58,Homme,Kara,Premium,52.57,4,0,166,4.3,0
2024-02-27,66,Femme,Maritime,Standard,43.52,4,1,114,3.3,1
2024-02-27,44,Femme,Kara,VIP,73.01,7,0,139,3.7,0
2024-02-28,68,Femme,Maritime,Standard,29.18,4,0,110,5.3,0
2024-02-29,22,Femme,Maritime,Standard,42.48,5,1,34,5.3,0
2024-02-29,60,Homme,Plateaux,Standard,15.47,3,0,66,7.2,0
2024-02-29,47,Homme,Savanes,Standard,38.99,2,0,120,5.7,0
2024-03-01,24,Homme,Plateaux,Premium,43.97,4,0,149,5.1,0
2024-03-02,18,Homme,Centrale,Standard,64.21,5,1,110,3.5,0
2024-03-02,23,Femme,Plateaux,Standard,2.0,0,1,53,6.5,0
2024-03-02,30,Homme,Maritime,Standard,25.83,2,1,127,5.9,1
2024-03-02,52,Homme,Plateaux,Standard,28.72,1,0,154,4.2,0
2024-03-03,49,Homme,Maritime,Standard,15.02,1,1,115,4.1,1
2024-03-04,69,Homme,Maritime,Standard,19.6,1,0,155,4.5,0
2024-03-04,55,Homme,Maritime,Premium,30.99,1,0,151,4.8,0
2024-03-04,62,Femme,Maritime,Standard,30.11,2,1,130,5.5,1
2024-03-04,51,Homme,Kara,Standard,27.86,3,0,165,5.9,0
2024-03-05,48,Homme,Maritime,Standard,27.59,0,0,69,6.5,0
2024-03-05,60,Femme,Centrale,Standard,40.27,4,0,165,7.9,0
2024-03-05,49,Homme,Centrale,Premium,47.8,5,0,97,6.1,0
2024-03-05,24,Homme,Savanes,Premium,62.7,6,2,66,5.4,0
2024-03-06,38,Homme,Kara,Premium,25.69,2,0,95,4.5,0
2024-03-06,50,Femme,Maritime,Premium,46.91,3,1,34,4.7,0
2024-03-06,39,Homme,Maritime,VIP,62.13,5,0,30,7.3,0
2024-03-06,55,Femme,Maritime,Standard,35.88,4,0,94,6.8,0
2024-03-07,59,Homme,Plateaux,Premium,31.44,2,0,60,5.4,1
2024-03-07,48,Femme,Savanes,Premium,41.93,4,0,100,7.6,0
2024-03-07,68,Femme,Maritime,Standard,10.37,1,0,82,4.4,0
2024-03-08,39,Femme,Maritime,Standard,38.52,4,1,110,3.7,0
2024-03-09,54,Femme,Maritime,Standard,34.64,1,1,125,4.6,1
2024-03-09,47,Homme,Savanes,Standard,44.41,3,0,144,4.4,0
2024-03-09,69,Homme,Kara,Standard,49.3,3,1,102,4.6,0
2024-03-10,43,Femme,Maritime,Standard,36.08,3,0,123,5.5,0
2024-03-10,58,Femme,Kara,Premium,34.77,3,0,172,5.4,0
2024-03-10,44,Homme,Maritime,Standard,26.6,2,0,14,5.1,0
2024-03-11,61,Femme,Savanes,VIP,63.29,4,0,131,6.0,0
2024-03-11,53,Femme,Maritime,Standard,17.14,0,0,155,3.9,0
2024-03-12,38,Homme,Maritime,Standard,17.26,1,1,2,7.0,0
2024-03-12,18,Femme,Maritime,Premium,78.68,7,0,25,8.4,0
2024-03-12,65,Homme,Maritime,Standard,24.58,1,0,100,4.5,1
2024-03-12,29,Homme,Maritime,Standard,26.93,2,0,64,4.4,0
2024-03-13,29,Homme,Maritime,Standard,39.76,3,0,54,6.6,0
2024-03-13,26,Homme,Plateaux,Standard,34.48,4,1,67,6.3,0
2024-03-14,22,Homme,Maritime,VIP,71.65,7,0,107,6.1,0
2024-03-14,57,Femme,Maritime,Standard,29.89,3,0,144,6.9,0
2024-03-15,30,Homme,Plateaux,Premium,38.89,1,1,27,5.9,0
2024-03-15,51,Homme,Plateaux,Premium,33.71,1,0,12,8.1,0
2024-03-16,49,Homme,Centrale,Standard,2.0,1,0,161,5.8,1
2024-03-16,62,Femme,Centrale,Standard,9.54,3,0,124,5.3,0
2024-03-16,25,Homme,Maritime,Standard,37.25,4,0,125,7.8,0
2024-03-16,33,Femme,Centrale,Standard,24.99,0,0,175,4.3,1
2024-03-16,46,Femme,Kara,Standard,36.83,2,0,176,6.0,1
2024-03-17,65,Homme,Centrale,Standard,13.41,1,1,107,6.4,1
2024-03-18,36,Femme,Maritime,Premium,41.93,4,1,54,5.1,0
2024-03-18,36,Homme,Plateaux,Premium,26.77,2,0,64,5.3,0
2024-03-19,29,Femme,Centrale,Standard,18.09,0,0,100,6.4,0
2024-03-19,29,Femme,Centrale,VIP,74.5,7,0,156,7.0,0
2024-03-19,32,Femme,Plateaux,Standard,31.42,2,0,35,6.8,0
2024-03-20,46,Femme,Savanes,Premium,43.3,5,0,111,8.2,0
2024-03-21,24,Homme,Maritime,Premium,41.85,3,0,179,4.6,1
2024-03-21,42,Homme,Savanes,Premium,34.96,4,0,47,6.4,0
2024-03-22,69,Homme,Plateaux,Premium,42.23,4,0,178,4.0,1
2024-03-22,45,Homme,Centrale,Premium,53.24,2,0,102,4.7,0
2024-03-23,37,Femme,Plateaux,Standard,23.7,2,0,70,4.3,0
2024-03-23,24,Homme,Savanes,VIP,88.6,6,0,113,6.3,0
2024-03-24,35,Homme,Centrale,Premium,51.52,5,0,103,6.3,0
2024-03-24,62,Femme,Centrale,Premium,37.3,4,0,36,5.3,0
2024-03-24,66,Femme,Savanes,Standard,35.2,1,0,85,8.1,0
2024-03-24,54,Femme,Plateaux,Standard,6.88,0,0,82,6.3,0
2024-03-24,53,Homme,Kara,Premium,47.09,5,0,142,5.5,0
2024-03-25,62,Femme,Maritime,Standard,25.04,2,0,172,4.2,1
2024-03-25,28,Femme,Maritime,Standard,26.74,2,0,71,6.1,0
2024-03-25,59,Homme,Maritime,Standard,38.92,3,1,46,5.1,0
2024-03-26,26,Homme,Kara,VIP,61.42,5,0,14,6.9,0
2024-03-26,42,Homme,Maritime,Standard,52.62,3,0,15,8.3,0
2024-03-26,56,Femme,Maritime,Standard,40.72,4,0,54,4.5,0
2024-03-27,55,Femme,Centrale,Standard,2.0,0,0,161,5.8,0
2024-03-28,61,Femme,Maritime,Premium,36.47,3,0,39,5.5,1
2024-03-28,31,Femme,Maritime,VIP,84.17,7,0,175,3.6,0
2024-03-28,41,Femme,Maritime,Premium,71.64,6,0,174,3.6,0
2024-03-28,46,Homme,Centrale,Standard,24.75,3,0,111,7.3,0
2024-03-29,46,Homme,Maritime,Premium,71.86,7,0,138,4.1,1
2024-03-29,27,Homme,Centrale,Premium,53.13,5,0,164,5.3,0
2024-03-29,66,Femme,Kara,Standard,2.0,0,2,67,6.1,0
2024-03-29,43,Homme,Centrale,Premium,55.72,7,0,110,5.7,0
2024-03-30,22,Femme,Maritime,VIP,75.26,6,0,64,6.0,0
2024-03-31,50,Homme,Centrale,Standard,7.06,2,3,30,5.8,0
2024-03-31,67,Homme,Centrale,Standard,9.24,0,1,108,6.9,0
2024-04-01,50,Homme,Maritime,Standard,32.31,2,0,98,5.8,1
2024-04-02,19,Homme,Savanes,Standard,34.48,4,0,163,6.5,1
2024-04-02,64,Homme,Maritime,Standard,44.04,5,0,157,6.5,0
2024-04-03,67,Homme,Maritime,Premium,70.1,6,1,0,8.4,0
2024-04-03,68,Femme,Savanes,Standard,8.31,3,0,2,7.4,0
2024-04-03,54,Homme,Maritime,Standard,44.42,1,0,139,8.0,0
2024-04-04,68,Femme,Plateaux,Standard,56.34,5,0,107,6.9,0
2024-04-04,50,Femme,Savanes,VIP,50.2,4,1,109,4.0,0
2024-04-04,24,Femme,Kara,VIP,61.11,4,0,67,7.6,0
2024-04-05,66,Homme,Centrale,Standard,36.39,4,0,93,7.7,0
2024-04-05,39,Homme,Maritime,Premium,32.89,2,1,42,8.1,0
2024-04-06,46,Femme,Maritime,Standard,35.17,4,0,134,6.1,0
2024-04-06,41,Homme,Centrale,Premium,36.21,4,0,143,7.4,0
2024-04-07,27,Homme,Plateaux,Standard,41.19,3,0,171,5.6,0
2024-04-07,66,Homme,Savanes,Premium,21.58,3,0,33,8.6,0
2024-04-07,32,Femme,Plateaux,Premium,39.12,3,0,175,4.9,1
2024-04-08,46,Homme,Maritime,Standard,32.68,2,0,62,7.1,0
2024-04-08,50,Homme,Plateaux,Standard,52.08,4,1,151,4.0,0
2024-04-08,34,Homme,Savanes,VIP,64.93,3,0,0,6.8,0
2024-04-08,24,Homme,Plateaux,Premium,47.45,5,0,6,9.5,0
2024-04-08,23,Femme,Plateaux,Premium,36.02,2,0,150,5.6,0
2024-04-08,43,Homme,Savanes,Standard,13.26,3,2,155,3.9,1
2024-04-08,44,Homme,Kara,Premium,53.32,4,1,140,6.7,0
2024-04-08,40,Homme,Maritime,Standard,32.51,2,0,45,4.8,0
2024-04-09,62,Homme,Maritime,Standard,3.14,0,0,108,5.1,0
2024-04-09,57,Femme,Maritime,Premium,30.31,3,0,156,5.8,0
2024-04-09,37,Femme,Plateaux,Standard,42.81,2,0,59,6.4,0
2024-04-09,57,Homme,Centrale,Standard,40.35,3,1,116,3.8,0
2024-04-10,62,Homme,Maritime,Standard,58.25,4,0,98,5.9,0
2024-04-10,47,Homme,Maritime,Standard,15.69,1,1,169,4.2,1
2024-04-10,66,Femme,Kara,VIP,97.72,10,0,67,7.1,0
2024-04-10,65,Femme,Plateaux,Standard,24.07,0,0,150,3.6,1
2024-04-10,45,Femme,Maritime,Standard,40.6,2,0,75,5.6,1
2024-04-11,32,Femme,Maritime,Standard,41.22,4,0,176,4.5,1
2024-04-11,52,Homme,Centrale,Standard,37.87,2,0,85,6.2,0
2024-04-12,54,Homme,Centrale,Standard,54.76,5,0,170,5.1,0
2024-04-14,37,Homme,Kara,Standard,30.22,3,0,68,5.9,0
2024-04-14,38,Femme,Plateaux,Standard,37.39,2,0,92,5.2,0
2024-04-15,42,Homme,Maritime,Premium,44.74,3,0,153,7.6,0
2024-04-15,55,Femme,Plateaux,Premium,31.96,1,0,126,2.9,1
2024-04-16,36,Homme,Maritime,Premium,59.22,5,0,41,5.6,0
2024-04-18,40,Femme,Maritime,Standard,32.0,4,0,168,5.6,0
2024-04-18,59,Femme,Savanes,Standard,27.91,3,1,10,5.4,0
2024-04-18,60,Homme,Maritime,Standard,37.07,2,0,4,6.7,0
2024-04-19,23,Homme,Maritime,Standard,33.35,4,0,79,5.9,0
2024-04-19,68,Femme,Maritime,Standard,2.0,2,0,54,6.8,1
2024-04-19,30,Homme,Kara,VIP,55.15,4,1,100,6.0,0
2024-04-19,54,Homme,Maritime,Standard,15.35,0,0,97,6.2,0
2024-04-20,33,Femme,Centrale,Standard,34.56,3,1,154,5.0,1
2024-04-20,52,Homme,Savanes,Premium,28.76,2,0,57,5.7,0
2024-04-20,30,Homme,Maritime,Standard,22.83,1,0,41,5.6,0
2024-04-20,23,Femme,Plateaux,Standard,14.44,0,0,30,7.8,0
2024-04-20,22,Femme,Maritime,Standard,31.36,3,0,172,5.0,0
2024-04-21,63,Femme,Maritime,Standard,2.0,3,0,141,5.1,1
2024-04-21,52,Homme,Maritime,Standard,30.53,3,0,61,9.1,0
2024-04-21,51,Homme,Maritime,Standard,15.37,0,0,123,5.0,0
2024-04-21,41,Femme,Centrale,Standard,33.76,4,0,17,7.8,0
2024-04-21,57,Femme,Maritime,Standard,57.35,3,0,71,5.8,0
2024-04-22,38,Homme,Maritime,Premium,24.32,3,0,103,4.1,1
2024-04-22,48,Femme,Maritime,Standard,41.5,5,0,130,4.4,0
2024-04-22,67,Homme,Kara,Standard,43.59,3,1,82,7.1,0
2024-04-22,58,Femme,Maritime,Standard,35.61,3,1,105,6.2,1
2024-04-24,28,Femme,Centrale,Premium,51.06,5,0,92,4.7,0
2024-04-24,54,Homme,Centrale,Standard,43.89,4,0,178,6.2,0
2024-04-24,21,Homme,Plateaux,Standard,50.06,2,1,72,5.1,1
2024-04-25,41,Femme,Savanes,VIP,66.05,5,0,59,8.2,0
2024-04-25,42,Femme,Kara,Standard,26.69,2,0,130,5.9,0
2024-04-26,18,Homme,Maritime,Standard,16.35,0,0,1,8.0,0
2024-04-26,35,Femme,Plateaux,Standard,47.89,5,0,178,4.4,0
2024-04-27,33,Homme,Maritime,Premium,60.59,5,0,141,6.5,0
2024-04-27,23,Femme,Maritime,Standard,36.38,0,1,133,4.7,0
2024-04-28,43,Homme,Maritime,Standard,23.29,0,0,93,5.8,0
2024-04-28,64,Homme,Maritime,Standard,8.09,0,0,157,6.3,0
2024-04-28,60,Homme,Maritime,VIP,54.82,7,1,126,4.6,1
2024-04-29,22,Femme,Savanes,Standard,23.42,2,1,108,4.2,1
2024-04-29,49,Femme,Maritime,Standard,33.08,2,0,131,2.6,0
2024-04-29,30,Homme,Savanes,VIP,60.06,4,0,11,7.0,0
2024-04-29,30,Femme,Savanes,Standard,26.2,3,0,152,4.6,1
2024-04-30,61,Femme,Centrale,Premium,42.9,2,0,164,4.9,1
2024-04-30,25,Femme,Centrale,Standard,51.62,6,1,11,6.7,0
2024-04-30,24,Femme,Centrale,Standard,48.39,3,0,111,6.0,0
2024-05-01,32,Femme,Savanes,Standard,21.63,2,0,46,5.9,0
2024-05-02,67,Femme,Maritime,Standard,50.74,4,1,92,5.6,0
2024-05-02,26,Homme,Maritime,Standard,40.68,2,1,100,5.3,0
2024-05-03,55,Homme,Centrale,Standard,7.21,0,0,32,8.3,0
2024-05-03,24,Femme,Maritime,Premium,29.61,3,0,54,7.8,0
2024-05-04,34,Homme,Maritime,VIP,78.42,6,0,18,6.4,0
2024-05-04,49,Femme,Centrale,Standard,28.67,2,2,88,6.4,0
2024-05-04,25,Homme,Savanes,VIP,57.88,6,0,65,7.6,0
2024-05-04,30,Femme,Maritime,Standard,42.6,2,1,142,4.4,0
2024-05-04,41,Homme,Centrale,Premium,55.14,4,0,142,5.7,0
2024-05-05,31,Femme,Maritime,Standard,10.57,2,1,114,6.9,1
2024-05-05,42,Femme,Maritime,Standard,49.68,5,0,166,4.7,0
2024-05-05,21,Femme,Savanes,Standard,79.41,6,0,177,4.4,0
2024-05-06,53,Homme,Plateaux,Standard,18.91,3,0,131,7.0,0
2024-05-07,38,Homme,Kara,Standard,48.71,3,1,36,4.2,0
2024-05-07,37,Homme,Maritime,Premium,34.96,2,0,149,5.9,0
2024-05-07,39,Femme,Maritime,VIP,81.94,7,0,91,4.9,0
2024-05-07,38,Homme,Kara,Standard,14.72,2,0,75,5.2,1
2024-05-09,59,Homme,Maritime,Premium,58.14,7,0,95,7.5,0
2024-05-09,43,Homme,Maritime,Standard,36.3,1,0,151,5.1,1
2024-05-09,57,Homme,Savanes,Standard,41.4,2,0,97,6.9,0
2024-05-09,27,Femme,Maritime,Standard,23.8,3,0,65,7.9,0
2024-05-09,65,Femme,Plateaux,Premium,65.41,4,0,72,5.7,0
2024-05-10,26,Femme,Maritime,Premium,61.46,6,0,36,7.6,0
2024-05-10,21,Homme,Kara,Premium,49.88,5,0,27,8.3,0
2024-05-11,24,Femme,Kara,Standard,14.03,0,0,60,5.6,0
2024-05-11,36,Homme,Maritime,Premium,44.01,4,0,67,7.2,0
2024-05-12,30,Homme,Maritime,VIP,78.34,6,0,85,5.7,0
2024-05-12,24,Homme,Maritime,Standard,24.76,3,0,114,4.3,0
2024-05-13,62,Homme,Maritime,Premium,44.55,3,0,99,4.9,0
2024-05-13,36,Femme,Maritime,Standard,47.5,3,0,99,6.4,0
2024-05-13,38,Femme,Maritime,Standard,28.11,2,0,33,5.9,0
2024-05-13,51,Homme,Centrale,Standard,29.89,3,0,5,6.3,0
2024-05-14,36,Homme,Maritime,Premium,52.32,4,0,5,6.5,0
2024-05-14,28,Femme,Plateaux,Premium,48.59,5,0,43,5.6,0
2024-05-14,41,Homme,Centrale,Premium,72.07,7,0,109,6.1,0
2024-05-15,19,Femme,Maritime,Premium,60.74,5,0,37,5.6,0
2024-05-15,23,Femme,Centrale,Premium,38.64,2,1,159,7.8,1
2024-05-15,21,Homme,Maritime,Premium,21.83,3,1,147,6.4,0
2024-05-16,54,Homme,Kara,VIP,90.36,6,0,35,6.0,0
2024-05-16,39,Homme,Savanes,Standard,50.76,4,0,73,6.2,0
2024-05-16,34,Femme,Centrale,Standard,9.26,0,0,133,5.1,0
2024-05-18,69,Homme,Plateaux,VIP,68.03,5,0,102,5.2,0
2024-05-18,37,Homme,Maritime,Standard,43.85,2,0,0,7.0,0
2024-05-19,55,Femme,Maritime,Premium,23.33,0,0,52,6.1,0
2024-05-19,56,Femme,Centrale,Premium,19.72,2,1,20,6.8,0
2024-05-20,21,Homme,Plateaux,Standard,15.2,2,0,144,3.5,1
2024-05-21,57,Femme,Maritime,Standard,43.6,5,1,145,5.0,0
2024-05-22,45,Femme,Plateaux,Premium,26.08,0,1,135,3.8,0
2024-05-23,51,Femme,Maritime,Premium,23.18,3,0,45,6.7,0
2024-05-23,30,Homme,Centrale,Standard,16.64,0,0,92,6.1,0
2024-05-24,25,Femme,Maritime,Premium,50.99,3,0,82,4.6,0
2024-05-24,19,Femme,Maritime,Standard,12.93,2,0,22,6.8,0
2024-05-24,37,Homme,Savanes,Standard,26.64,4,0,102,6.0,0
2024-05-24,56,Homme,Maritime,Premium,37.29,2,0,27,7.4,0
2024-05-25,49,Homme,Savanes,Standard,19.68,3,1,108,7.3,0
2024-05-25,52,Femme,Plateaux,Standard,21.88,4,0,103,5.9,0
2024-05-25,38,Femme,Maritime,Premium,37.6,2,1,88,5.9,0
2024-05-25,35,Homme,Centrale,Standard,27.29,2,0,120,7.0,0
2024-05-26,24,Homme,Kara,Premium,52.28,5,0,100,4.7,0
2024-05-26,52,Femme,Maritime,Standard,40.28,2,0,112,4.9,0
2024-05-26,56,Femme,Kara,Standard,46.31,3,0,136,3.6,0
2024-05-27,21,Femme,Plateaux,Standard,31.72,3,0,154,6.8,1
2024-05-27,30,Femme,Maritime,VIP,64.39,5,0,44,6.7,0
2024-05-28,27,Homme,Kara,Standard,52.48,4,1,153,4.5,0
2024-05-28,19,Femme,Kara,Standard,44.96,3,1,67,3.9,0
2024-05-29,24,Femme,Plateaux,Standard,29.94,3,1,153,3.5,0
2024-05-29,32,Homme,Savanes,Premium,34.11,1,0,31,6.5,0
2024-05-30,45,Femme,Maritime,Standard,29.81,4,0,174,4.5,0
2024-05-30,38,Homme,Plateaux,Standard,18.2,3,1,24,6.6,0
2024-05-31,50,Femme,Maritime,Standard,30.7,2,0,79,5.4,0
2024-06-01,33,Femme,Kara,VIP,76.94,8,0,84,6.6,0
2024-06-01,27,Femme,Plateaux,Standard,27.07,2,0,140,5.0,0
2024-06-01,62,Femme,Centrale,Premium,30.71,1,1,77,7.1,0
2024-06-02,28,Homme,Maritime,Standard,7.52,1,0,43,6.8,0
2024-06-02,47,Femme,Centrale,Standard,28.41,3,0,124,3.5,1
2024-06-02,50,Femme,Savanes,Standard,44.7,3,0,179,3.6,0
2024-06-03,23,Homme,Centrale,Premium,37.18,3,1,161,4.4,1
2024-06-03,35,Femme,Plateaux,Standard,17.34,3,0,96,4.8,1
2024-06-04,66,Homme,Maritime,Premium,26.88,2,1,13,6.3,0
2024-06-04,29,Femme,Maritime,Premium,37.6,3,1,6,6.7,0
2024-06-06,32,Femme,Kara,Premium,70.12,6,0,20,4.9,0
2024-06-07,51,Homme,Centrale,Premium,48.15,4,0,72,6.1,0
2024-06-07,62,Femme,Savanes,VIP,70.53,6,0,74,4.4,0
2024-06-07,23,Homme,Kara,Standard,26.88,1,1,34,6.3,0
2024-06-07,54,Femme,Kara,Standard,33.81,3,0,141,5.3,0
2024-06-07,58,Femme,Centrale,Standard,46.47,3,0,75,6.8,0
2024-06-07,51,Homme,Maritime,Standard,18.14,0,0,154,5.6,0
2024-06-09,44,Homme,Maritime,Premium,27.21,1,0,154,4.5,0
2024-06-09,42,Femme,Centrale,Standard,29.02,2,0,6,5.9,0
2024-06-09,65,Homme,Maritime,Premium,17.96,3,0,18,6.9,0
2024-06-09,59,Homme,Maritime,Premium,54.39,5,0,128,4.7,0
2024-06-10,38,Femme,Maritime,Standard,56.41,4,0,64,5.2,0
2024-06-10,55,Femme,Maritime,Standard,12.48,1,0,119,6.5,0
2024-06-10,60,Femme,Maritime,Standard,42.64,3,0,64,7.2,0
2024-06-10,25,Homme,Savanes,Premium,55.05,4,0,115,6.6,0
2024-06-10,24,Homme,Maritime,Standard,37.13,4,0,159,4.5,0
2024-06-11,57,Homme,Savanes,Standard,8.09,1,3,176,3.4,1
2024-06-11,55,Femme,Maritime,Standard,50.6,5,0,39,6.1,0
2024-06-11,19,Femme,Maritime,Premium,23.32,2,0,98,8.3,0
2024-06-12,24,Homme,Centrale,Premium,32.98,3,0,135,6.8,0
2024-06-12,35,Homme,Plateaux,Premium,68.1,5,0,24,9.4,0
2024-06-13,48,Homme,Plateaux,VIP,53.61,6,0,91,5.0,0
2024-06-13,29,Femme,Maritime,Premium,59.77,5,0,119,5.7,0
2024-06-13,46,Femme,Maritime,Standard,29.19,1,0,38,7.8,0
2024-06-13,48,Homme,Kara,VIP,61.68,4,0,87,4.8,0
2024-06-14,40,Homme,Maritime,VIP,66.84,7,0,151,3.7,0
2024-06-14,27,Femme,Maritime,Premium,37.85,3,0,15,8.8,0
2024-06-14,69,Femme,Savanes,Premium,37.45,1,1,114,3.3,0
2024-06-15,66,Femme,Savanes,VIP,67.06,6,0,23,5.9,0
2024-06-16,40,Femme,Maritime,Standard,40.74,4,0,149,3.9,0
2024-06-16,67,Femme,Savanes,Standard,52.96,4,1,59,6.3,0
2024-06-17,22,Femme,Centrale,Standard,43.64,4,0,47,6.6,0
2024-06-17,69,Femme,Centrale,Standard,33.1,2,0,146,3.0,0
2024-06-17,47,Homme,Maritime,Premium,39.69,3,0,179,7.0,1
2024-06-17,47,Homme,Centrale,Standard,45.41,4,1,170,4.5,0
2024-06-18,40,Femme,Maritime,Premium,37.17,3,0,35,5.3,0
2024-06-19,50,Femme,Maritime,Premium,27.19,1,2,61,4.7,0
2024-06-19,29,Homme,Maritime,Standard,52.82,4,0,12,6.8,0
2024-06-19,29,Femme,Savanes,Premium,57.84,5,0,153,7.4,0
2024-06-19,53,Homme,Maritime,Premium,56.56,6,0,1,8.1,0
2024-06-20,40,Femme,Maritime,Standard,10.35,0,1,121,4.4,0
2024-06-20,24,Homme,Plateaux,Standard,11.43,0,0,89,4.4,0
2024-06-20,25,Homme,Maritime,Standard,52.17,3,0,116,4.5,0
2024-06-20,58,Femme,Savanes,Standard,26.85,3,0,40,7.7,0
2024-06-21,23,Femme,Maritime,Standard,47.25,5,0,113,4.0,1
2024-06-21,59,Homme,Plateaux,Standard,23.49,2,0,170,8.1,1
2024-06-21,52,Homme,Maritime,Standard,47.28,3,1,59,6.3,0
2024-06-21,66,Homme,Maritime,Standard,21.37,2,0,80,8.2,0
2024-06-21,23,Homme,Maritime,Standard,27.33,2,0,131,3.6,1
2024-06-21,25,Femme,Kara,Standard,28.45,3,0,51,5.0,0
2024-06-21,62,Homme,Maritime,Standard,31.1,4,1,143,4.7,1
2024-06-22,64,Homme,Plateaux,Premium,41.32,4,1,34,8.9,0
2024-06-22,63,Femme,Maritime,Standard,3.2,0,0,41,4.1,0
2024-06-22,43,Homme,Kara,VIP,48.13,4,0,131,7.4,0
2024-06-22,26,Femme,Maritime,Standard,2.33,2,0,93,4.9,0
2024-06-23,49,Femme,Savanes,Standard,55.85,5,0,19,7.6,0
2024-06-23,49,Homme,Plateaux,Premium,40.39,5,1,48,5.3,0
2024-06-23,57,Femme,Maritime,Standard,2.0,0,0,149,5.7,1
2024-06-23,45,Homme,Plateaux,Standard,50.87,3,0,107,6.1,0
2024-06-23,58,Homme,Plateaux,Premium,60.72,4,1,98,6.3,0
2024-06-24,46,Femme,Plateaux,Standard,21.57,1,0,133,5.9,0
2024-06-24,22,Femme,Maritime,Premium,60.39,4,0,176,5.7,0
2024-06-25,62,Homme,Maritime,Standard,45.19,4,0,132,6.0,0
2024-06-25,27,Femme,Centrale,Standard,11.19,3,1,155,5.6,1
2024-06-25,48,Homme,Plateaux,Standard,31.44,2,0,30,7.5,0
2024-06-26,42,Homme,Centrale,Standard,15.99,1,0,45,6.5,0
2024-06-26,65,Femme,Maritime,Premium,46.21,3,2,52,3.3,0
2024-06-26,33,Femme,Maritime,Standard,15.5,0,0,179,5.1,1
2024-06-26,67,Homme,Maritime,Premium,29.64,3,0,142,5.9,0
2024-06-26,38,Homme,Maritime,Premium,47.44,6,2,107,2.4,0
2024-06-27,24,Femme,Kara,Standard,52.55,3,1,135,4.1,1
2024-06-27,66,Homme,Savanes,Standard,31.37,3,0,78,6.9,0
2024-06-27,47,Homme,Plateaux,Standard,29.45,4,0,171,6.4,1
2024-06-28,62,Femme,Centrale,Standard,22.73,1,0,35,5.7,0
2024-06-29,33,Femme,Kara,Premium,55.53,4,0,25,7.1,0
2024-06-29,41,Homme,Maritime,Standard,24.43,3,0,6,4.8,0
2024-06-29,25,Homme,Savanes,Premium,37.13,3,0,92,5.1,0
2024-06-30,42,Femme,Maritime,Standard,45.77,4,0,172,4.8,1
2024-06-30,28,Femme,Centrale,Premium,35.71,4,0,3,7.3,0
2024-07-01,18,Homme,Kara,Standard,23.88,2,0,147,5.1,0
2024-07-01,31,Homme,Savanes,Standard,32.56,2,0,6,5.0,0
2024-07-02,53,Femme,Maritime,Premium,37.16,3,0,128,6.3,0
2024-07-02,48,Homme,Maritime,Premium,64.2,7,0,171,4.6,0
2024-07-02,48,Homme,Kara,Premium,55.3,4,0,57,7.8,0
2024-07-03,54,Femme,Maritime,Standard,22.8,2,0,76,9.2,0
2024-07-03,66,Femme,Kara,Standard,25.84,0,0,83,5.1,0
2024-07-04,34,Femme,Centrale,Premium,43.01,2,0,56,6.5,0
2024-07-04,44,Homme,Plateaux,Premium,51.3,6,1,58,8.3,0
2024-07-05,34,Homme,Centrale,Standard,24.72,3,0,40,6.0,0
2024-07-06,30,Homme,Plateaux,Standard,60.58,4,0,116,4.3,0
2024-07-06,47,Homme,Maritime,Standard,30.73,4,0,125,5.4,0
2024-07-07,64,Femme,Savanes,Standard,8.36,0,2,112,6.4,0
2024-07-07,18,Femme,Maritime,Standard,30.53,3,0,118,6.8,0
2024-07-07,25,Homme,Maritime,Standard,45.92,5,0,113,5.2,0
2024-07-08,60,Femme,Maritime,Standard,42.17,3,0,54,5.9,0
2024-07-08,26,Homme,Kara,Standard,22.7,1,0,88,5.2,0
2024-07-08,51,Homme,Plateaux,Standard,49.81,5,1,152,2.9,0
2024-07-09,25,Femme,Centrale,Standard,37.9,3,1,58,4.7,0
2024-07-09,65,Homme,Centrale,Premium,71.61,4,1,169,4.6,0
2024-07-10,30,Femme,Maritime,Standard,27.62,1,0,130,4.8,0
2024-07-10,22,Homme,Plateaux,Standard,2.0,0,0,129,4.9,0
2024-07-10,23,Homme,Maritime,Premium,63.99,6,0,49,7.1,0
2024-07-11,45,Homme,Kara,Premium,30.38,2,0,145,5.3,0
2024-07-11,24,Femme,Maritime,Standard,23.92,3,0,15,5.9,0
2024-07-11,25,Homme,Maritime,Standard,60.13,5,0,139,2.5,0
2024-07-12,45,Femme,Maritime,Standard,29.76,3,1,36,6.5,0
2024-07-12,50,Homme,Maritime,Standard,26.92,3,0,56,6.8,0
2024-07-12,18,Femme,Maritime,VIP,63.15,5,1,64,7.4,0
2024-07-13,21,Homme,Maritime,VIP,24.75,2,1,149,3.9,1
2024-07-13,23,Femme,Centrale,Premium,37.48,6,0,131,6.8,0
2024-07-14,33,Femme,Plateaux,VIP,57.36,5,0,98,5.4,0
2024-07-15,61,Femme,Centrale,Standard,53.68,4,1,107,5.8,0
2024-07-15,58,Homme,Maritime,Standard,54.14,4,2,126,3.7,0
2024-07-15,40,Homme,Maritime,Standard,42.39,2,0,122,5.3,0
2024-07-16,41,Homme,Maritime,Premium,50.65,3,1,159,6.8,0
2024-07-16,23,Femme,Plateaux,VIP,63.45,5,0,46,8.1,0
2024-07-16,30,Femme,Savanes,Premium,24.23,3,2,107,2.4,1
2024-07-17,69,Femme,Centrale,Premium,52.06,4,0,63,8.0,0
2024-07-17,25,Femme,Savanes,Standard,12.69,2,0,72,4.5,0
2024-07-17,55,Femme,Centrale,Standard,47.5,4,0,93,3.2,1
2024-07-17,27,Femme,Plateaux,Standard,21.44,0,0,16,7.2,0
2024-07-17,49,Femme,Maritime,Premium,48.7,5,1,67,4.6,0
2024-07-17,38,Homme,Plateaux,Standard,30.05,3,0,165,4.9,0
2024-07-18,21,Femme,Plateaux,Premium,39.01,1,1,129,5.4,0
2024-07-18,30,Femme,Kara,Premium,44.26,4,0,124,6.4,0
2024-07-18,48,Femme,Plateaux,Standard,52.05,5,0,104,5.9,0
2024-07-18,35,Homme,Centrale,Standard,26.81,2,0,167,4.3,0
2024-07-19,62,Homme,Plateaux,Standard,46.16,3,0,11,6.1,0
2024-07-19,29,Homme,Plateaux,Premium,51.21,4,0,100,4.9,0
2024-07-20,47,Homme,Kara,Premium,28.36,2,0,129,4.3,1
2024-07-21,45,Femme,Savanes,VIP,56.89,5,0,113,7.6,0
2024-07-21,28,Femme,Kara,Standard,39.51,3,0,105,4.8,0
2024-07-21,46,Homme,Savanes,Premium,51.48,4,0,84,9.0,0
2024-07-21,28,Femme,Plateaux,Standard,42.89,3,0,159,6.3,0
2024-07-21,47,Homme,Kara,Standard,15.94,0,0,61,6.5,0
2024-07-21,46,Femme,Plateaux,Standard,20.68,1,0,155,6.8,0
2024-07-22,25,Femme,Maritime,Standard,38.35,2,0,110,4.7,0
2024-07-22,55,Femme,Maritime,Premium,58.73,4,1,7,6.9,0
2024-07-22,52,Homme,Maritime,VIP,56.86,5,0,143,6.5,0
2024-07-22,29,Femme,Maritime,Standard,27.5,1,1,71,5.1,0
2024-07-23,45,Homme,Kara,Standard,31.78,3,1,172,2.9,1
2024-07-23,57,Homme,Maritime,Standard,32.85,2,0,148,4.5,0
2024-07-23,53,Homme,Maritime,Premium,42.11,5,0,26,5.7,0
2024-07-23,67,Femme,Maritime,Standard,12.31,1,0,112,6.7,0
2024-07-23,42,Homme,Plateaux,Standard,21.52,3,0,30,5.8,0
2024-07-23,55,Homme,Kara,Standard,33.1,2,0,120,4.5,0
2024-07-23,66,Homme,Maritime,VIP,92.65,8,0,125,4.7,0
2024-07-24,68,Femme,Maritime,Premium,39.28,3,0,131,2.9,1
2024-07-24,32,Homme,Maritime,Premium,49.15,3,0,39,4.2,0
2024-07-24,21,Homme,Maritime,Premium,73.31,7,0,54,5.3,0
2024-07-25,20,Femme,Plateaux,Premium,42.2,3,1,118,5.4,1
2024-07-25,69,Femme,Maritime,Premium,56.87,5,1,147,3.3,0
2024-07-25,69,Homme,Maritime,Standard,25.42,2,0,56,8.0,0
2024-07-26,35,Homme,Maritime,Standard,13.32,0,0,139,5.4,0
2024-07-26,39,Homme,Plateaux,Standard,21.67,2,0,79,5.4,0
2024-07-26,67,Homme,Plateaux,Premium,7.97,0,0,127,7.5,0
2024-07-26,39,Homme,Kara,Standard,35.98,3,0,6,7.3,0
2024-07-26,27,Femme,Centrale,Standard,47.6,4,0,9,5.8,0
2024-07-27,59,Homme,Kara,Premium,55.27,6,0,146,6.5,0
2024-07-27,32,Homme,Maritime,Standard,27.15,2,0,107,4.1,0
2024-07-27,34,Homme,Centrale,Standard,41.14,3,0,17,5.3,0
2024-07-28,33,Femme,Maritime,Standard,38.61,3,1,108,6.1,0
2024-07-28,26,Femme,Kara,Standard,2.0,0,0,159,5.1,1
2024-07-28,40,Femme,Savanes,Standard,39.73,4,0,85,5.9,0
2024-07-28,32,Homme,Centrale,Standard,31.73,2,1,96,4.1,1
2024-07-29,49,Homme,Kara,VIP,50.61,4,0,70,5.6,0
2024-07-30,39,Femme,Plateaux,Standard,41.44,4,0,94,5.4,0
2024-08-01,22,Femme,Maritime,VIP,52.32,4,0,13,8.3,0
2024-08-01,19,Femme,Centrale,Premium,42.58,4,0,16,8.7,0
2024-08-01,25,Femme,Kara,Standard,36.68,5,0,76,6.6,0
2024-08-02,37,Femme,Plateaux,Standard,19.01,0,0,127,5.4,0
2024-08-02,20,Femme,Maritime,Standard,33.96,2,0,72,5.0,0
2024-08-02,35,Homme,Maritime,Premium,51.33,4,0,73,4.9,0
2024-08-02,25,Femme,Savanes,Premium,33.76,3,0,8,9.6,0
2024-08-02,19,Homme,Maritime,Premium,35.47,2,0,154,6.3,0
2024-08-02,57,Homme,Plateaux,Premium,42.03,2,0,61,5.5,0
2024-08-03,27,Homme,Maritime,Standard,11.95,2,0,10,5.6,0
2024-08-03,40,Femme,Centrale,Premium,70.85,6,0,99,8.4,0
2024-08-03,49,Homme,Centrale,Standard,36.52,3,0,53,5.5,0
2024-08-03,28,Femme,Maritime,Premium,54.62,3,0,7,5.3,0
2024-08-04,47,Homme,Centrale,Premium,27.41,2,1,36,5.6,0
2024-08-04,34,Homme,Plateaux,Standard,17.16,2,1,148,5.2,0
2024-08-04,63,Homme,Centrale,Premium,57.2,3,0,44,6.3,0
2024-08-05,28,Femme,Centrale,VIP,63.26,5,0,160,4.7,0
2024-08-06,42,Femme,Kara,Standard,23.96,2,1,126,5.0,0
2024-08-06,62,Femme,Maritime,Premium,47.69,4,0,15,7.1,0
2024-08-06,44,Homme,Maritime,Premium,49.11,4,0,172,3.6,1
2024-08-07,43,Femme,Maritime,Standard,34.51,4,0,40,6.5,0
2024-08-07,41,Femme,Maritime,Standard,33.66,3,1,10,8.1,0
2024-08-07,21,Femme,Kara,Standard,18.71,1,0,78,7.1,0
2024-08-07,23,Femme,Maritime,Standard,28.34,5,1,152,3.3,0
2024-08-08,39,Homme,Maritime,Standard,45.54,5,0,171,5.5,0
2024-08-08,38,Femme,Maritime,Premium,38.96,2,0,150,4.8,1
2024-08-08,26,Homme,Savanes,Premium,53.24,4,0,179,6.0,1
2024-08-08,27,Femme,Plateaux,Standard,4.63,1,0,139,5.3,0
2024-08-09,52,Homme,Kara,Standard,2.0,0,0,13,6.1,0
2024-08-09,68,Femme,Maritime,Standard,39.22,3,0,109,3.8,0
2024-08-10,34,Homme,Savanes,Premium,40.01,3,0,166,5.8,1
2024-08-10,23,Femme,Plateaux,Standard,30.73,2,0,149,4.1,1
2024-08-10,65,Femme,Kara,Standard,36.29,3,0,43,5.6,0
2024-08-10,37,Homme,Maritime,Standard,44.42,3,0,162,4.6,0
2024-08-10,26,Homme,Savanes,Standard,33.08,2,0,110,9.0,0
2024-08-10,38,Homme,Kara,Premium,46.53,3,1,91,5.5,0
2024-08-12,62,Femme,Plateaux,Standard,21.38,1,0,107,7.4,0
2024-08-12,38,Homme,Maritime,Standard,12.83,0,0,163,5.9,0
2024-08-13,63,Homme,Centrale,Standard,59.47,5,1,4,6.8,0
2024-08-13,46,Homme,Maritime,Premium,38.76,4,0,114,7.0,0
2024-08-13,68,Homme,Centrale,Premium,31.95,2,1,176,4.9,0
2024-08-13,69,Homme,Savanes,Standard,35.47,1,0,84,5.7,0
2024-08-13,58,Homme,Centrale,Standard,27.14,2,0,149,2.5,0
2024-08-16,35,Femme,Maritime,Premium,37.82,2,0,16,7.6,0
2024-08-16,36,Homme,Savanes,Standard,45.47,5,1,42,7.3,0
2024-08-17,66,Femme,Centrale,Premium,40.84,3,1,169,5.9,0
2024-08-17,68,Homme,Maritime,Standard,22.09,4,0,61,4.7,0
2024-08-19,22,Homme,Plateaux,Standard,25.52,1,0,106,5.4,0
2024-08-19,57,Femme,Savanes,Standard,11.55,0,0,86,8.0,1
2024-08-19,47,Femme,Maritime,Premium,45.54,5,0,93,5.7,1
2024-08-19,27,Homme,Maritime,Premium,48.99,3,0,109,7.0,0
2024-08-19,28,Femme,Maritime,Standard,52.8,3,0,75,6.4,0
2024-08-20,37,Homme,Maritime,Standard,6.51,1,2,95,6.2,1
2024-08-21,34,Homme,Plateaux,Premium,56.13,7,2,164,5.2,0
2024-08-21,32,Homme,Maritime,Standard,10.76,0,0,142,3.9,1
2024-08-22,61,Homme,Savanes,VIP,88.95,6,0,36,8.1,0
2024-08-22,37,Femme,Kara,Premium,63.68,5,1,7,6.2,0
2024-08-22,62,Femme,Kara,Premium,16.99,3,0,9,6.1,0
2024-08-23,41,Homme,Plateaux,Standard,16.28,3,0,88,7.5,0
2024-08-23,67,Homme,Kara,Standard,23.71,4,0,25,4.6,0
2024-08-23,62,Homme,Kara,Premium,63.23,4,1,82,6.6,0
2024-08-25,26,Femme,Savanes,Premium,29.38,2,1,8,5.3,0
2024-08-25,38,Femme,Maritime,Premium,65.56,7,1,161,3.4,0
2024-08-25,43,Femme,Maritime,Standard,2.0,1,0,25,6.0,0
2024-08-25,26,Homme,Savanes,Standard,48.03,5,0,86,8.1,0
2024-08-25,45,Homme,Maritime,Standard,41.22,3,0,128,7.7,0
2024-08-26,25,Femme,Maritime,Premium,33.44,3,1,78,4.9,0
2024-08-26,57,Homme,Savanes,Standard,50.27,3,2,34,5.6,0
2024-08-26,28,Homme,Kara,Standard,27.52,0,0,150,5.3,0
2024-08-26,34,Femme,Centrale,Standard,37.97,5,0,90,5.0,1
2024-08-27,42,Femme,Centrale,Premium,62.37,4,1,61,5.4,0
2024-08-27,29,Homme,Maritime,Standard,26.15,2,0,100,5.9,0
2024-08-27,20,Femme,Maritime,Standard,25.66,4,1,41,5.8,0
2024-08-28,62,Homme,Centrale,Standard,19.04,1,0,110,5.9,0
2024-08-28,60,Femme,Maritime,Standard,28.65,2,0,47,5.8,0
2024-08-29,68,Homme,Savanes,Standard,15.71,0,2,145,3.3,1
2024-08-29,59,Homme,Maritime,Standard,39.09,3,0,145,3.6,1
2024-08-30,19,Femme,Savanes,Standard,26.45,3,0,157,3.6,0
2024-08-30,52,Femme,Kara,Standard,39.46,4,0,166,7.8,0
2024-08-30,65,Homme,Savanes,Standard,26.55,2,0,122,6.4,0
2024-08-31,42,Femme,Kara,Standard,2.0,2,2,11,7.1,0
2024-08-31,68,Homme,Centrale,Standard,31.67,2,0,168,4.4,0
2024-09-01,27,Femme,Plateaux,Standard,4.88,1,0,174,4.9,0
2024-09-01,54,Homme,Kara,Standard,19.65,2,1,109,6.3,0
2024-09-01,50,Femme,Centrale,Standard,25.53,2,0,79,5.8,0
2024-09-02,22,Homme,Maritime,Premium,25.02,2,0,85,6.0,0
2024-09-02,41,Femme,Plateaux,Premium,53.62,4,0,66,5.3,0
2024-09-02,56,Femme,Plateaux,Standard,33.05,1,1,142,4.0,1
2024-09-03,26,Homme,Maritime,Premium,57.27,4,0,19,8.4,0
2024-09-03,41,Femme,Plateaux,Standard,27.14,1,1,102,4.9,0
2024-09-03,68,Femme,Kara,Standard,10.18,0,1,110,4.6,1
2024-09-04,67,Homme,Maritime,Standard,55.3,6,1,142,6.0,0
2024-09-04,35,Femme,Plateaux,Premium,64.16,7,0,97,5.7,0
2024-09-04,48,Homme,Maritime,Standard,50.71,3,0,141,8.4,0
2024-09-04,36,Homme,Savanes,Premium,42.57,4,0,97,5.6,0
2024-09-05,68,Homme,Savanes,Standard,14.51,2,0,74,8.1,0
2024-09-05,40,Homme,Savanes,Standard,54.66,6,0,146,7.0,0
2024-09-05,42,Homme,Maritime,Standard,38.16,3,0,2,9.0,0
2024-09-05,68,Femme,Centrale,Standard,24.68,3,1,92,4.1,0
2024-09-05,55,Homme,Maritime,Premium,54.48,6,0,88,6.2,0
2024-09-06,41,Homme,Kara,Standard,26.72,4,0,78,2.4,0
2024-09-06,28,Homme,Savanes,Premium,54.44,5,1,175,6.0,0
2024-09-06,59,Homme,Kara,Standard,10.44,0,0,103,5.8,0
2024-09-07,55,Homme,Kara,Premium,79.04,8,0,154,4.8,0
2024-09-07,35,Homme,Maritime,Premium,41.58,3,1,135,5.9,0
2024-09-07,64,Femme,Maritime,Standard,29.67,3,0,132,4.3,0
2024-09-08,23,Femme,Kara,Standard,37.07,3,0,24,5.5,0
2024-09-08,47,Femme,Maritime,Premium,46.14,5,0,56,7.8,0
2024-09-09,46,Homme,Kara,Standard,7.77,1,0,131,5.5,0
2024-09-09,22,Femme,Savanes,Premium,37.95,4,0,43,5.2,0
2024-09-09,32,Femme,Maritime,Standard,37.97,2,1,144,4.6,0
2024-09-09,33,Homme,Plateaux,Standard,41.26,3,0,6,5.1,0
2024-09-09,41,Homme,Maritime,Premium,24.82,2,0,25,7.2,0
2024-09-09,51,Homme,Maritime,Premium,55.65,4,0,40,5.4,0
2024-09-10,45,Femme,Kara,Standard,28.22,2,0,33,6.1,0
2024-09-10,44,Femme,Kara,Standard,47.1,3,1,72,4.4,0
2024-09-10,30,Femme,Maritime,Standard,38.88,3,1,77,6.3,0
2024-09-11,26,Homme,Kara,Standard,24.48,3,0,24,6.5,0
2024-09-11,35,Homme,Kara,Standard,14.66,0,1,162,6.6,1
2024-09-12,22,Femme,Maritime,Premium,43.21,4,0,149,6.6,0
2024-09-12,49,Homme,Plateaux,Premium,53.29,4,0,73,5.8,0
2024-09-12,20,Homme,Savanes,Standard,27.49,3,0,74,7.0,0
2024-09-12,26,Homme,Kara,VIP,75.27,7,1,132,5.5,0
2024-09-12,63,Homme,Maritime,Standard,27.48,4,2,128,6.1,1
2024-09-12,69,Homme,Maritime,Standard,35.37,4,0,158,5.6,1
2024-09-13,54,Femme,Savanes,Standard,50.95,4,0,146,4.8,1
2024-09-13,30,Femme,Savanes,Standard,21.55,1,0,172,4.6,1
2024-09-13,66,Femme,Plateaux,Standard,35.81,3,0,41,7.6,0
2024-09-13,48,Femme,Plateaux,Standard,40.44,4,0,168,6.8,0
2024-09-13,36,Homme,Maritime,Standard,53.49,5,0,21,6.1,0
2024-09-13,23,Femme,Plateaux,Premium,70.95,6,1,96,4.5,1
2024-09-14,41,Homme,Centrale,Premium,27.47,2,0,43,7.3,0
2024-09-14,45,Homme,Centrale,Standard,30.42,3,0,50,6.5,0
2024-09-14,67,Homme,Centrale,Premium,29.26,1,1,81,4.9,0
2024-09-14,29,Homme,Kara,Standard,38.54,4,0,134,5.5,0
2024-09-15,28,Femme,Kara,Premium,56.83,3,0,127,4.0,0
2024-09-15,61,Homme,Plateaux,Standard,34.76,4,0,165,5.4,0
2024-09-15,38,Femme,Maritime,Standard,43.52,4,1,96,2.4,0
2024-09-15,60,Femme,Kara,Standard,9.66,0,1,22,6.8,0
2024-09-16,49,Homme,Kara,VIP,68.47,5,0,21,7.6,0
2024-09-16,56,Femme,Maritime,Standard,57.76,6,0,58,8.1,0
2024-09-16,42,Homme,Centrale,Standard,32.77,1,0,158,6.3,0
2024-09-16,35,Homme,Maritime,Premium,52.98,5,0,47,4.8,0
2024-09-17,21,Femme,Maritime,VIP,92.43,8,0,107,5.3,0
2024-09-17,33,Homme,Kara,Standard,43.11,4,0,65,6.4,0
2024-09-18,60,Homme,Maritime,Premium,61.18,4,0,152,6.6,0
2024-09-18,24,Femme,Kara,Standard,43.81,2,0,160,6.0,0
2024-09-18,48,Femme,Centrale,Premium,46.14,3,0,10,7.3,0
2024-09-18,42,Femme,Maritime,VIP,49.72,6,0,144,4.1,0
2024-09-19,44,Femme,Maritime,Standard,34.34,5,0,8,7.2,0
2024-09-19,57,Femme,Kara,VIP,72.96,4,1,7,5.7,0
2024-09-20,34,Femme,Savanes,Standard,46.55,5,0,43,4.6,0
2024-09-20,68,Homme,Maritime,Premium,28.72,1,0,28,6.9,0
2024-09-20,23,Femme,Maritime,Premium,38.82,1,1,78,5.8,0
2024-09-21,51,Femme,Centrale,Premium,40.45,2,1,33,6.5,0
2024-09-21,19,Homme,Maritime,Premium,58.9,5,0,167,5.2,0
2024-09-22,50,Femme,Savanes,Standard,21.76,0,0,19,5.8,0
2024-09-22,21,Femme,Kara,Standard,28.73,2,0,170,3.9,1
2024-09-22,26,Homme,Maritime,VIP,68.48,6,0,23,8.0,0
2024-09-22,60,Homme,Maritime,VIP,74.3,6,1,138,3.9,0
2024-09-23,66,Homme,Maritime,Premium,60.14,4,1,159,4.0,0
2024-09-23,55,Homme,Centrale,Standard,40.69,4,0,111,6.1,0
2024-09-24,40,Femme,Maritime,Standard,27.35,3,0,82,7.0,0
2024-09-24,68,Femme,Maritime,Standard,22.89,3,1,143,4.3,1
2024-09-25,31,Homme,Maritime,Premium,30.94,3,0,76,5.5,0
2024-09-25,23,Femme,Centrale,Premium,45.97,3,0,48,5.7,0
2024-09-26,38,Femme,Maritime,Standard,38.86,3,0,84,3.4,0
2024-09-29,65,Femme,Maritime,VIP,71.27,5,0,134,4.7,0
2024-09-29,34,Femme,Maritime,Standard,39.33,2,0,134,5.6,0
2024-09-30,18,Femme,Plateaux,Standard,44.34,3,0,87,5.0,0
2024-09-30,52,Femme,Savanes,Standard,38.65,3,1,152,3.6,1
2024-09-30,66,Homme,Plateaux,Standard,29.97,3,2,158,4.2,0
2024-09-30,51,Femme,Maritime,Standard,27.55,3,1,35,8.4,0
2024-09-30,55,Homme,Centrale,Standard,40.63,4,0,51,5.5,0
2024-09-30,63,Femme,Savanes,Standard,46.36,5,0,9,5.5,0
2024-10-01,27,Homme,Centrale,Standard,28.5,0,0,177,5.9,1
2024-10-02,34,Femme,Maritime,VIP,52.52,5,0,164,6.4,0
2024-10-03,40,Homme,Plateaux,Standard,30.84,3,0,169,4.6,1
2024-10-03,32,Homme,Maritime,Premium,41.09,3,0,49,7.9,0
2024-10-03,32,Homme,Maritime,Standard,23.85,1,0,124,5.1,1
2024-10-03,65,Homme,Maritime,Standard,43.73,2,0,137,3.5,0
2024-10-04,57,Homme,Maritime,Standard,22.0,2,1,22,7.7,0
2024-10-04,59,Homme,Centrale,Standard,34.56,2,0,38,4.6,0
2024-10-04,69,Femme,Maritime,Premium,25.6,2,0,125,6.4,0
2024-10-05,53,Homme,Centrale,Standard,30.79,2,1,94,6.9,0
2024-10-05,43,Homme,Maritime,Standard,39.38,3,0,94,7.7,0
2024-10-05,27,Homme,Maritime,Standard,30.86,4,0,54,6.1,0
2024-10-07,37,Femme,Plateaux,Standard,55.97,6,0,36,7.8,0
2024-10-07,50,Femme,Plateaux,Premium,40.61,3,0,63,4.9,0
2024-10-08,54,Homme,Plateaux,Premium,56.08,4,0,65,6.9,0
2024-10-09,51,Homme,Maritime,Standard,35.88,2,0,18,6.4,0
2024-10-09,52,Femme,Plateaux,Standard,4.46,1,0,36,5.6,0
2024-10-09,67,Femme,Maritime,Standard,61.04,5,0,105,5.5,0
2024-10-09,59,Homme,Plateaux,Standard,54.59,4,0,167,6.1,0
2024-10-10,68,Homme,Plateaux,Premium,36.65,2,0,58,5.9,0
2024-10-10,69,Homme,Savanes,Premium,25.58,3,0,80,5.9,0
2024-10-11,50,Femme,Maritime,Standard,31.44,1,0,3,9.1,0
2024-10-11,25,Homme,Maritime,Standard,19.47,3,0,71,6.5,0
2024-10-11,40,Femme,Savanes,VIP,68.38,8,0,179,5.0,0
2024-10-12,33,Homme,Centrale,VIP,76.13,6,0,33,7.0,0
2024-10-12,29,Homme,Plateaux,Standard,33.06,2,0,106,6.3,0
2024-10-12,57,Femme,Maritime,Standard,16.41,1,1,6,7.4,0
2024-10-13,67,Homme,Plateaux,Standard,7.81,3,1,42,8.4,0
2024-10-13,45,Homme,Centrale,Premium,26.82,2,0,82,5.5,0
2024-10-14,24,Femme,Plateaux,VIP,62.07,5,0,55,8.1,0
2024-10-14,68,Homme,Centrale,Premium,40.9,2,0,89,6.0,0
2024-10-15,32,Homme,Maritime,Standard,17.75,2,0,31,7.6,0
2024-10-16,63,Homme,Savanes,Standard,30.28,3,0,151,4.8,1
2024-10-16,65,Homme,Plateaux,Premium,45.01,3,0,129,5.3,0
2024-10-16,30,Homme,Centrale,Standard,20.97,3,0,131,7.0,0
2024-10-16,54,Homme,Kara,Premium,33.22,5,0,40,5.0,0
2024-10-16,67,Femme,Maritime,Standard,39.5,6,1,56,7.8,0
2024-10-17,46,Femme,Plateaux,Standard,13.26,2,0,116,5.6,0
2024-10-17,29,Femme,Savanes,Standard,26.0,1,0,168,7.5,0
2024-10-17,35,Femme,Plateaux,Standard,20.23,0,0,44,6.6,0
2024-10-17,26,Femme,Plateaux,VIP,48.66,5,0,28,4.9,0
2024-10-19,50,Homme,Maritime,Standard,40.61,6,0,48,6.4,0
2024-10-20,63,Homme,Maritime,Standard,26.97,3,1,76,6.4,0
2024-10-20,65,Femme,Plateaux,Standard,30.45,2,0,171,6.4,0
2024-10-20,38,Homme,Maritime,Premium,60.88,6,1,37,4.4,0
2024-10-20,28,Homme,Maritime,Standard,38.57,4,0,145,6.6,0
2024-10-20,37,Homme,Maritime,Premium,40.59,4,0,91,8.1,0
2024-10-21,53,Homme,Kara,Premium,53.12,5,1,139,6.7,0
2024-10-21,59,Femme,Maritime,VIP,64.6,6,0,72,5.3,0
2024-10-21,62,Homme,Savanes,Standard,28.06,3,0,126,5.1,1
2024-10-23,55,Femme,Plateaux,Premium,59.12,6,1,71,5.5,0
2024-10-23,48,Homme,Plateaux,Standard,28.79,2,0,113,5.0,0
2024-10-24,37,Femme,Centrale,Standard,46.35,4,1,14,6.3,0
2024-10-24,24,Homme,Savanes,Standard,17.52,1,0,36,6.4,0
2024-10-25,57,Homme,Plateaux,Premium,39.21,3,0,9,9.5,0
2024-10-25,53,Femme,Plateaux,Standard,13.5,1,1,104,6.3,0
2024-10-25,59,Femme,Plateaux,Standard,13.97,0,0,157,7.1,0
2024-10-25,18,Femme,Savanes,Standard,26.07,3,0,82,5.7,0
2024-10-25,57,Homme,Centrale,Standard,62.14,6,0,131,6.1,0
2024-10-26,68,Femme,Maritime,Standard,28.01,2,0,49,6.7,0
2024-10-28,57,Homme,Plateaux,Standard,31.51,3,1,84,5.9,0
2024-10-29,57,Femme,Maritime,Standard,29.1,1,1,7,5.8,0
2024-10-29,61,Homme,Plateaux,VIP,94.49,9,0,14,8.1,0
2024-10-30,37,Homme,Maritime,Standard,12.73,0,0,163,5.3,0
2024-10-30,43,Homme,Maritime,Premium,47.23,3,0,145,5.7,0
2024-10-30,22,Homme,Kara,VIP,54.49,4,1,102,4.9,0
2024-10-30,51,Homme,Kara,Standard,23.33,2,0,42,5.5,0
2024-10-30,55,Homme,Maritime,Standard,33.48,2,0,112,6.8,0
2024-10-31,49,Homme,Plateaux,Premium,75.61,6,0,142,4.6,0
2024-10-31,37,Femme,Kara,Premium,19.81,2,2,133,3.0,0
2024-10-31,62,Femme,Maritime,Standard,6.26,0,0,104,4.8,0
2024-11-01,21,Femme,Maritime,Premium,67.63,6,1,58,4.6,0
2024-11-01,21,Femme,Maritime,Standard,45.42,5,0,131,4.8,0
2024-11-01,24,Homme,Plateaux,Standard,2.0,0,0,122,6.9,0
2024-11-01,59,Homme,Kara,VIP,64.6,6,1,113,5.0,0
2024-11-01,18,Homme,Plateaux,Premium,71.04,6,0,130,6.8,0
2024-11-02,67,Homme,Maritime,Standard,40.97,3,0,152,5.7,0
2024-11-02,55,Homme,Plateaux,Premium,27.05,2,1,152,4.6,0
2024-11-02,44,Homme,Kara,Standard,24.06,1,0,56,7.6,0
2024-11-02,40,Homme,Maritime,Standard,8.84,2,0,163,7.2,1
2024-11-03,66,Homme,Maritime,Standard,36.85,2,0,58,4.9,0
2024-11-03,66,Femme,Plateaux,Premium,50.87,2,0,4,5.3,0
2024-11-03,47,Femme,Plateaux,Premium,47.21,4,0,165,5.1,0
2024-11-03,37,Femme,Maritime,Standard,34.23,2,0,162,4.5,0
2024-11-04,64,Homme,Plateaux,Standard,14.54,1,0,106,6.2,0
2024-11-05,46,Femme,Maritime,Standard,30.75,3,1,167,4.1,1
2024-11-05,42,Femme,Maritime,Standard,28.67,1,1,109,5.0,1
2024-11-05,42,Homme,Maritime,Standard,30.86,3,0,162,6.2,1
2024-11-05,35,Homme,Centrale,Standard,60.15,6,0,135,5.5,1
2024-11-06,44,Femme,Plateaux,Premium,29.31,1,1,76,4.5,0
2024-11-06,64,Homme,Plateaux,Standard,18.9,0,0,87,7.7,0
2024-11-06,46,Femme,Kara,VIP,62.94,5,0,59,6.2,0
2024-11-06,61,Femme,Maritime,Standard,21.04,2,0,176,3.3,1
2024-11-06,32,Homme,Kara,VIP,56.33,5,0,169,5.4,0
2024-11-06,42,Homme,Kara,Standard,36.86,1,0,0,5.9,0
2024-11-07,19,Homme,Maritime,Standard,50.82,6,0,19,6.3,0
2024-11-07,49,Homme,Plateaux,Premium,63.45,7,0,46,6.9,0
2024-11-08,31,Femme,Kara,Standard,36.4,3,0,172,6.6,0
2024-11-08,53,Femme,Maritime,Standard,38.33,6,0,134,3.4,0
2024-11-08,28,Femme,Maritime,Standard,27.2,1,0,157,4.6,1
2024-11-08,66,Femme,Maritime,Standard,33.85,3,1,93,5.3,0
2024-11-10,52,Femme,Plateaux,Standard,41.36,3,1,10,4.9,0
2024-11-10,48,Femme,Maritime,Standard,30.48,3,3,93,7.3,0
2024-11-10,65,Femme,Maritime,Standard,7.46,0,0,56,5.8,0
2024-11-10,41,Femme,Maritime,Standard,53.88,6,0,42,6.2,0
2024-11-10,68,Femme,Maritime,Standard,11.62,3,1,18,5.0,1
2024-11-11,51,Femme,Plateaux,Premium,39.73,3,1,78,6.1,0
2024-11-11,51,Homme,Kara,Standard,56.67,4,0,89,4.1,0
2024-11-12,29,Femme,Savanes,Standard,26.63,2,0,81,6.8,0
2024-11-12,21,Femme,Centrale,Premium,46.39,5,0,124,4.5,0
2024-11-12,35,Homme,Plateaux,Standard,27.45,2,1,71,6.8,0
2024-11-13,42,Homme,Plateaux,Standard,47.56,4,0,174,5.4,0
2024-11-13,39,Femme,Maritime,Premium,46.17,5,2,112,5.4,1
2024-11-13,41,Femme,Kara,Premium,55.0,5,0,56,6.8,0
2024-11-14,51,Femme,Kara,Premium,61.28,4,0,121,5.9,0
2024-11-14,41,Homme,Kara,Premium,34.6,0,0,90,5.7,0
2024-11-14,57,Homme,Plateaux,Premium,68.16,8,0,109,6.6,0
2024-11-14,19,Homme,Maritime,VIP,55.65,4,0,176,5.2,0
2024-11-14,37,Homme,Maritime,Standard,2.43,0,0,172,4.9,1
2024-11-15,34,Femme,Maritime,Premium,54.21,6,1,10,5.3,0
2024-11-15,54,Femme,Savanes,Premium,21.3,1,0,21,6.7,0
2024-11-15,61,Femme,Centrale,Standard,47.5,4,0,60,4.8,0
2024-11-16,62,Femme,Maritime,Standard,23.4,3,0,92,6.2,0
2024-11-16,68,Femme,Kara,Standard,2.0,0,0,42,5.2,0
2024-11-17,61,Femme,Maritime,Standard,30.59,1,0,137,6.0,1
2024-11-17,64,Homme,Savanes,Standard,19.0,2,0,14,8.3,0
2024-11-17,65,Femme,Maritime,Standard,41.86,4,0,139,6.2,0
2024-11-17,29,Femme,Maritime,Standard,21.32,2,0,118,5.4,0
2024-11-18,42,Homme,Plateaux,Standard,9.17,0,0,179,3.3,1
2024-11-18,28,Femme,Maritime,Standard,39.04,1,0,27,7.6,0
2024-11-19,54,Homme,Savanes,Premium,22.96,3,0,87,6.8,0
2024-11-21,40,Femme,Plateaux,Premium,5.43,0,1,4,6.0,0
2024-11-21,27,Homme,Plateaux,Standard,2.0,1,0,89,7.7,0
2024-11-22,65,Homme,Savanes,Premium,45.6,3,0,88,3.5,0
2024-11-22,45,Homme,Kara,Standard,13.37,1,0,174,4.1,1
2024-11-23,62,Femme,Plateaux,Standard,24.0,2,1,142,4.2,1
2024-11-23,59,Femme,Kara,Standard,43.61,3,0,71,5.5,0
2024-11-23,56,Femme,Maritime,Premium,21.75,3,0,31,8.2,1
2024-11-23,36,Homme,Maritime,Premium,74.65,7,0,117,7.4,0
2024-11-24,23,Femme,Kara,Standard,44.14,4,0,143,5.0,0
2024-11-24,44,Femme,Maritime,Standard,12.95,1,0,74,5.8,0
2024-11-25,27,Femme,Kara,Standard,43.84,3,0,19,7.5,0
2024-11-25,33,Homme,Plateaux,Standard,42.77,4,1,171,3.6,1
2024-11-26,28,Homme,Maritime,Premium,54.53,5,0,175,4.9,0
2024-11-26,56,Homme,Maritime,VIP,70.83,7,0,166,7.1,0
2024-11-26,59,Homme,Maritime,Premium,48.3,6,0,107,4.7,0
2024-11-26,22,Femme,Plateaux,Standard,39.95,2,1,114,4.7,0
2024-11-26,24,Femme,Kara,Standard,20.44,2,1,175,4.4,0
2024-11-26,55,Homme,Maritime,Premium,66.27,6,0,139,4.9,0
2024-11-27,30,Homme,Plateaux,Premium,23.86,1,0,57,5.3,0
2024-11-28,61,Femme,Maritime,Standard,50.06,5,1,69,6.3,0
2024-11-28,57,Femme,Plateaux,Standard,62.82,5,0,7,6.1,0
2024-11-28,51,Homme,Kara,Standard,14.75,1,0,44,6.7,0
2024-11-30,32,Homme,Centrale,Standard,2.0,0,0,108,3.2,1
2024-11-30,41,Homme,Centrale,Premium,63.59,7,0,49,8.8,0
2024-11-30,36,Femme,Plateaux,Standard,21.3,4,0,163,5.2,0
2024-11-30,60,Homme,Plateaux,Standard,44.55,4,0,125,4.9,0
2024-12-01,49,Homme,Plateaux,Premium,48.25,3,1,38,5.5,0
2024-12-01,47,Homme,Plateaux,Standard,46.96,4,1,155,4.4,1
2024-12-01,55,Femme,Centrale,Standard,34.1,2,1,14,8.2,0
2024-12-01,52,Femme,Centrale,Premium,63.22,5,0,119,6.4,0
2024-12-01,44,Femme,Maritime,Standard,37.46,3,0,86,4.4,0
2024-12-01,38,Femme,Plateaux,Standard,18.4,3,0,87,6.0,0
2024-12-01,23,Femme,Savanes,Standard,40.01,3,0,124,5.3,0
2024-12-02,58,Femme,Maritime,Standard,45.04,4,0,117,5.3,0
2024-12-02,66,Homme,Maritime,Standard,39.53,3,0,38,8.9,0
2024-12-02,61,Femme,Centrale,Standard,26.2,1,1,104,5.8,0
2024-12-02,57,Homme,Kara,Standard,29.2,2,0,143,5.8,0
2024-12-02,30,Homme,Maritime,Standard,29.66,4,0,173,4.4,0
2024-12-03,26,Homme,Savanes,Standard,49.36,5,0,178,6.1,0
2024-12-03,57,Femme,Maritime,Standard,47.2,4,1,172,5.2,1
2024-12-03,40,Femme,Maritime,Premium,44.88,7,0,88,6.8,0
2024-12-03,44,Homme,Centrale,Standard,17.71,0,0,165,6.3,1
2024-12-04,30,Homme,Maritime,Premium,43.03,3,0,165,6.1,1
2024-12-04,23,Homme,Maritime,Standard,18.75,3,0,86,6.5,0
2024-12-04,40,Femme,Maritime,Standard,20.53,2,0,121,5.5,0
2024-12-04,64,Femme,Plateaux,Standard,50.68,7,0,17,5.3,0
2024-12-04,41,Femme,Plateaux,Premium,50.07,4,0,51,5.1,0
2024-12-06,45,Femme,Maritime,Standard,2.0,0,1,106,3.1,1
2024-12-06,28,Homme,Kara,Premium,42.1,2,1,91,4.2,0
2024-12-07,63,Femme,Centrale,Standard,34.94,3,0,59,7.6,0
2024-12-07,55,Femme,Kara,Standard,14.23,1,2,86,6.8,0
2024-12-07,39,Homme,Kara,Standard,12.61,0,1,42,7.0,0
2024-12-07,28,Homme,Plateaux,Premium,52.55,2,0,178,6.9,0
2024-12-08,34,Homme,Plateaux,VIP,75.07,6,0,4,9.1,0
2024-12-08,61,Femme,Maritime,VIP,63.11,6,0,162,4.1,0
2024-12-08,58,Homme,Kara,Standard,33.23,2,0,114,6.9,1
2024-12-08,50,Homme,Centrale,Standard,2.0,1,0,63,7.3,0
2024-12-09,53,Homme,Centrale,Premium,65.7,6,0,106,4.7,0
2024-12-09,48,Femme,Maritime,Premium,51.58,5,0,35,9.9,0
2024-12-09,69,Homme,Savanes,VIP,66.98,4,0,17,7.7,0
2024-12-10,46,Femme,Savanes,Standard,24.92,3,1,118,4.0,0
2024-12-10,44,Femme,Maritime,Premium,77.25,7,0,30,6.8,0
2024-12-11,36,Homme,Maritime,Standard,39.24,3,1,69,4.4,0
2024-12-11,48,Homme,Maritime,Standard,45.88,4,2,92,4.7,0
2024-12-12,56,Femme,Centrale,Standard,39.17,3,0,44,6.5,0
2024-12-13,53,Femme,Maritime,Premium,57.24,6,0,14,8.3,0
2024-12-13,38,Femme,Kara,Standard,50.75,3,0,153,5.1,0
2024-12-13,69,Femme,Maritime,VIP,45.5,3,1,142,4.8,0
2024-12-14,33,Homme,Plateaux,Standard,21.02,3,1,67,6.7,0
2024-12-14,38,Femme,Kara,Standard,29.11,4,0,132,6.8,0
2024-12-15,69,Homme,Maritime,Standard,2.0,0,0,85,5.4,0
2024-12-16,29,Femme,Maritime,Standard,21.02,4,0,61,6.0,0
2024-12-16,22,Femme,Maritime,Standard,33.21,2,0,77,6.9,0
2024-12-16,28,Femme,Plateaux,VIP,60.61,6,0,68,5.2,0
2024-12-16,61,Homme,Plateaux,Premium,46.14,5,1,51,5.6,0
2024-12-16,65,Homme,Plateaux,Premium,25.4,3,0,89,8.4,0
2024-12-17,60,Femme,Kara,Standard,16.05,3,0,76,4.9,0
2024-12-18,26,Homme,Maritime,Standard,32.91,1,0,123,6.4,1
2024-12-18,25,Homme,Savanes,Premium,28.06,3,0,142,7.3,0
2024-12-18,40,Homme,Maritime,Standard,18.7,1,0,45,8.5,0
2024-12-18,54,Femme,Maritime,Premium,26.37,2,0,59,6.5,0
2024-12-19,58,Femme,Maritime,Standard,31.98,3,0,134,6.0,0
2024-12-19,30,Homme,Plateaux,Premium,34.92,3,0,62,4.8,0
2024-12-19,46,Femme,Plateaux,Premium,27.06,3,0,140,4.3,0
2024-12-19,59,Femme,Plateaux,Standard,37.88,3,0,135,5.9,0
2024-12-19,37,Femme,Maritime,Standard,25.27,3,1,1,7.6,0
2024-12-19,69,Femme,Maritime,Premium,33.1,3,1,97,6.7,0
2024-12-19,57,Homme,Maritime,Standard,27.3,2,0,14,6.5,0
2024-12-20,60,Homme,Maritime,Standard,9.27,1,1,0,6.5,0
2024-12-21,20,Femme,Savanes,Premium,39.07,3,0,80,6.3,0
2024-12-22,41,Homme,Plateaux,Premium,29.83,3,0,9,5.1,0
2024-12-22,62,Femme,Maritime,Standard,9.55,0,0,41,7.0,0
2024-12-23,60,Femme,Maritime,Standard,13.07,0,1,99,4.7,0
2024-12-23,27,Homme,Centrale,Standard,13.53,2,1,139,6.4,0
2024-12-23,23,Femme,Maritime,Standard,4.73,1,1,140,5.6,0
2024-12-24,22,Homme,Plateaux,Standard,50.94,4,0,139,4.1,0
2024-12-24,35,Homme,Kara,Premium,37.67,3,0,56,5.3,0
2024-12-25,56,Femme,Centrale,VIP,54.56,5,0,66,6.1,0
2024-12-25,37,Femme,Maritime,VIP,63.38,6,0,100,6.5,0
2024-12-25,36,Homme,Kara,Standard,51.38,3,0,94,7.2,0
2024-12-26,61,Femme,Plateaux,Standard,41.42,4,0,177,5.2,0
2024-12-27,28,Homme,Savanes,Standard,14.66,0,0,151,8.0,0
2024-12-27,58,Femme,Maritime,Standard,49.63,3,0,77,6.3,0
2024-12-27,42,Femme,Kara,Standard,30.91,2,0,9,7.2,0
2024-12-27,50,Homme,Plateaux,Standard,33.01,2,0,28,7.8,0
2024-12-27,26,Femme,Maritime,Premium,49.98,3,0,44,7.4,0
2024-12-28,55,Homme,Maritime,Standard,27.42,2,1,18,4.5,0
2024-12-28,60,Homme,Savanes,VIP,81.1,5,0,66,7.6,0
2024-12-28,27,Femme,Kara,Premium,71.94,5,0,70,6.7,0
2024-12-29,57,Homme,Savanes,Premium,40.11,3,0,17,5.2,0
2024-12-29,18,Homme,Maritime,Premium,53.09,4,0,22,7.2,0
2024-12-29,60,Homme,Plateaux,Standard,22.41,3,0,42,4.7,0
2024-12-30,29,Homme,Maritime,Standard,12.66,1,0,157,6.8,1
2024-12-30,54,Femme,Kara,Standard,2.0,0,0,123,5.0,0
